Copyright 1986-2022 Xilinx, Inc. All Rights Reserved. Copyright 2022-2025 Advanced Micro Devices, Inc. All Rights Reserved.
---------------------------------------------------------------------------------------------------------------------------------------------------------------------------------------------------------------------------------------------------------------
| Tool Version : Vivado v.2025.2 (win64) Build 6299465 Fri Nov 14 19:35:11 GMT 2025
| Date         : Thu Feb 26 12:30:48 2026
| Host         : Shipra running 64-bit major release  (build 9200)
| Command      : report_timing_summary -max_paths 10 -routable_nets -report_unconstrained -file modulator_wrapper_timing_summary_routed.rpt -pb modulator_wrapper_timing_summary_routed.pb -rpx modulator_wrapper_timing_summary_routed.rpx -warn_on_violation
| Design       : modulator_wrapper
| Device       : 7a35t-cpg236
| Speed File   : -1  PRODUCTION 1.23 2018-06-13
| Design State : Routed
---------------------------------------------------------------------------------------------------------------------------------------------------------------------------------------------------------------------------------------------------------------

Timing Summary Report

------------------------------------------------------------------------------------------------
| Timer Settings
| --------------
------------------------------------------------------------------------------------------------

  Enable Multi Corner Analysis               :  Yes
  Enable Pessimism Removal                   :  Yes
  Pessimism Removal Resolution               :  Nearest Common Node
  Enable Input Delay Default Clock           :  No
  Enable Preset / Clear Arcs                 :  No
  Disable Flight Delays                      :  No
  Ignore I/O Paths                           :  No
  Timing Early Launch at Borrowing Latches   :  No
  Borrow Time for Max Delay Exceptions       :  Yes
  Merge Timing Exceptions                    :  Yes
  Inter-SLR Compensation                     :  Conservative

  Corner  Analyze    Analyze    
  Name    Max Paths  Min Paths  
  ------  ---------  ---------  
  Slow    Yes        Yes        
  Fast    Yes        Yes        


------------------------------------------------------------------------------------------------
| Report Methodology
| ------------------
------------------------------------------------------------------------------------------------

Rule       Severity  Description                                 Violations  
---------  --------  ------------------------------------------  ----------  
SYNTH-6    Warning   Timing of a RAM block might be sub-optimal  1           
TIMING-18  Warning   Missing input or output delay               2           

Note: This report is based on the most recent report_methodology run and may not be up-to-date. Run report_methodology on the current design for the latest report.



check_timing report

Table of Contents
-----------------
1. checking no_clock (0)
2. checking constant_clock (0)
3. checking pulse_width_clock (0)
4. checking unconstrained_internal_endpoints (0)
5. checking no_input_delay (1)
6. checking no_output_delay (1)
7. checking multiple_clock (0)
8. checking generated_clocks (0)
9. checking loops (0)
10. checking partial_input_delay (0)
11. checking partial_output_delay (0)
12. checking latch_loops (0)

1. checking no_clock (0)
------------------------
 There are 0 register/latch pins with no clock.


2. checking constant_clock (0)
------------------------------
 There are 0 register/latch pins with constant_clock.


3. checking pulse_width_clock (0)
---------------------------------
 There are 0 register/latch pins which need pulse_width check


4. checking unconstrained_internal_endpoints (0)
------------------------------------------------
 There are 0 pins that are not constrained for maximum delay.

 There are 0 pins that are not constrained for maximum delay due to constant clock.


5. checking no_input_delay (1)
------------------------------
 There is 1 input port with no input delay specified. (HIGH)

 There are 0 input ports with no input delay but user has a false path constraint.


6. checking no_output_delay (1)
-------------------------------
 There is 1 port with no output delay specified. (HIGH)

 There are 0 ports with no output delay but user has a false path constraint

 There are 0 ports with no output delay but with a timing clock defined on it or propagating through it


7. checking multiple_clock (0)
------------------------------
 There are 0 register/latch pins with multiple clocks.


8. checking generated_clocks (0)
--------------------------------
 There are 0 generated clocks that are not connected to a clock source.


9. checking loops (0)
---------------------
 There are 0 combinational loops in the design.


10. checking partial_input_delay (0)
------------------------------------
 There are 0 input ports with partial input delay specified.


11. checking partial_output_delay (0)
-------------------------------------
 There are 0 ports with partial output delay specified.


12. checking latch_loops (0)
----------------------------
 There are 0 combinational latch loops in the design through latch input



------------------------------------------------------------------------------------------------
| Design Timing Summary
| ---------------------
------------------------------------------------------------------------------------------------

    WNS(ns)      TNS(ns)  TNS Failing Endpoints  TNS Total Endpoints      WHS(ns)      THS(ns)  THS Failing Endpoints  THS Total Endpoints     WPWS(ns)     TPWS(ns)  TPWS Failing Endpoints  TPWS Total Endpoints  
    -------      -------  ---------------------  -------------------      -------      -------  ---------------------  -------------------     --------     --------  ----------------------  --------------------  
      2.902        0.000                      0                  227        0.103        0.000                      0                  227        4.500        0.000                       0                   110  


All user specified timing constraints are met.


------------------------------------------------------------------------------------------------
| Clock Summary
| -------------
------------------------------------------------------------------------------------------------

Clock  Waveform(ns)       Period(ns)      Frequency(MHz)
-----  ------------       ----------      --------------
clp_p  {0.000 5.000}      10.000          100.000         


------------------------------------------------------------------------------------------------
| Intra Clock Table
| -----------------
------------------------------------------------------------------------------------------------

Clock             WNS(ns)      TNS(ns)  TNS Failing Endpoints  TNS Total Endpoints      WHS(ns)      THS(ns)  THS Failing Endpoints  THS Total Endpoints     WPWS(ns)     TPWS(ns)  TPWS Failing Endpoints  TPWS Total Endpoints  
-----             -------      -------  ---------------------  -------------------      -------      -------  ---------------------  -------------------     --------     --------  ----------------------  --------------------  
clp_p               2.902        0.000                      0                  227        0.103        0.000                      0                  227        4.500        0.000                       0                   110  


------------------------------------------------------------------------------------------------
| Inter Clock Table
| -----------------
------------------------------------------------------------------------------------------------

From Clock    To Clock          WNS(ns)      TNS(ns)  TNS Failing Endpoints  TNS Total Endpoints      WHS(ns)      THS(ns)  THS Failing Endpoints  THS Total Endpoints  
----------    --------          -------      -------  ---------------------  -------------------      -------      -------  ---------------------  -------------------  


------------------------------------------------------------------------------------------------
| Other Path Groups Table
| -----------------------
------------------------------------------------------------------------------------------------

Path Group    From Clock    To Clock          WNS(ns)      TNS(ns)  TNS Failing Endpoints  TNS Total Endpoints      WHS(ns)      THS(ns)  THS Failing Endpoints  THS Total Endpoints  
----------    ----------    --------          -------      -------  ---------------------  -------------------      -------      -------  ---------------------  -------------------  


------------------------------------------------------------------------------------------------
| User Ignored Path Table
| -----------------------
------------------------------------------------------------------------------------------------

Path Group    From Clock    To Clock    
----------    ----------    --------    


------------------------------------------------------------------------------------------------
| Unconstrained Path Table
| ------------------------
------------------------------------------------------------------------------------------------

Path Group    From Clock    To Clock    
----------    ----------    --------    
(none)        clp_p                       
(none)                      clp_p         


------------------------------------------------------------------------------------------------
| Timing Details
| --------------
------------------------------------------------------------------------------------------------


---------------------------------------------------------------------------------------------------
From Clock:  clp_p
  To Clock:  clp_p

Setup :            0  Failing Endpoints,  Worst Slack        2.902ns,  Total Violation        0.000ns
Hold  :            0  Failing Endpoints,  Worst Slack        0.103ns,  Total Violation        0.000ns
PW    :            0  Failing Endpoints,  Worst Slack        4.500ns,  Total Violation        0.000ns
---------------------------------------------------------------------------------------------------


Max Delay Paths
--------------------------------------------------------------------------------------
Slack (MET) :             2.902ns  (required time - arrival time)
  Source:                 pwmmodulator/sine/sine_s_reg/CLKARDCLK
                            (rising edge-triggered cell RAMB18E1 clocked by clp_p  {rise@0.000ns fall@5.000ns period=10.000ns})
  Destination:            pwmmodulator/pwmmodule/FSM_sequential_state_reg[1]/D
                            (rising edge-triggered cell FDRE clocked by clp_p  {rise@0.000ns fall@5.000ns period=10.000ns})
  Path Group:             clp_p
  Path Type:              Setup (Max at Slow Process Corner)
  Requirement:            10.000ns  (clp_p rise@10.000ns - clp_p rise@0.000ns)
  Data Path Delay:        7.079ns  (logic 3.752ns (53.005%)  route 3.327ns (46.995%))
  Logic Levels:           4  (CARRY4=1 LUT2=1 LUT3=1 LUT6=1)
  Clock Path Skew:        -0.013ns (DCD - SCD + CPR)
    Destination Clock Delay (DCD):    4.282ns = ( 14.282 - 10.000 ) 
    Source Clock Delay      (SCD):    4.617ns
    Clock Pessimism Removal (CPR):    0.322ns
  Clock Uncertainty:      0.035ns  ((TSJ^2 + TIJ^2)^1/2 + DJ) / 2 + PE
    Total System Jitter     (TSJ):    0.071ns
    Total Input Jitter      (TIJ):    0.000ns
    Discrete Jitter          (DJ):    0.000ns
    Phase Error              (PE):    0.000ns

    Location             Delay type                Incr(ns)  Path(ns)    Netlist Resource(s)
  -------------------------------------------------------------------    -------------------
                         (clock clp_p rise edge)      0.000     0.000 r  
    M18                                               0.000     0.000 r  clk_p (IN)
                         net (fo=0)                   0.000     0.000    clk_p
    M18                  IBUF (Prop_ibuf_I_O)         0.938     0.938 r  clk_p_IBUF_inst/O
                         net (fo=1, routed)           1.972     2.910    clk_p_IBUF
    BUFGCTRL_X0Y0        BUFG (Prop_bufg_I_O)         0.096     3.006 r  clk_p_IBUF_BUFG_inst/O
                         net (fo=109, routed)         1.612     4.617    pwmmodulator/sine/clk_p_IBUF_BUFG
    RAMB18_X0Y0          RAMB18E1                                     r  pwmmodulator/sine/sine_s_reg/CLKARDCLK
  -------------------------------------------------------------------    -------------------
    RAMB18_X0Y0          RAMB18E1 (Prop_ramb18e1_CLKARDCLK_DOADO[11])
                                                      2.454     7.071 f  pwmmodulator/sine/sine_s_reg/DOADO[11]
                         net (fo=4, routed)           1.444     8.515    pwmmodulator/sine/DOADO[11]
    SLICE_X9Y3           LUT2 (Prop_lut2_I0_O)        0.124     8.639 r  pwmmodulator/sine/gtOp_carry__0_i_3/O
                         net (fo=1, routed)           0.000     8.639    pwmmodulator/pwmmodule/FSM_sequential_state[1]_i_2_1[1]
    SLICE_X9Y3           CARRY4 (Prop_carry4_S[1]_CO[1])
                                                      0.491     9.130 r  pwmmodulator/pwmmodule/gtOp_carry__0/CO[1]
                         net (fo=3, routed)           0.997    10.127    pwmmodulator/pwmmodule/gtOp
    SLICE_X10Y1          LUT3 (Prop_lut3_I2_O)        0.355    10.482 r  pwmmodulator/pwmmodule/FSM_sequential_state[1]_i_4/O
                         net (fo=2, routed)           0.886    11.368    pwmmodulator/pwmmodule/FSM_sequential_state[1]_i_4_n_0
    SLICE_X7Y1           LUT6 (Prop_lut6_I4_O)        0.328    11.696 r  pwmmodulator/pwmmodule/FSM_sequential_state[1]_i_1/O
                         net (fo=1, routed)           0.000    11.696    pwmmodulator/pwmmodule/FSM_sequential_state[1]_i_1_n_0
    SLICE_X7Y1           FDRE                                         r  pwmmodulator/pwmmodule/FSM_sequential_state_reg[1]/D
  -------------------------------------------------------------------    -------------------

                         (clock clp_p rise edge)     10.000    10.000 r  
    M18                                               0.000    10.000 r  clk_p (IN)
                         net (fo=0)                   0.000    10.000    clk_p
    M18                  IBUF (Prop_ibuf_I_O)         0.805    10.805 r  clk_p_IBUF_inst/O
                         net (fo=1, routed)           1.868    12.673    clk_p_IBUF
    BUFGCTRL_X0Y0        BUFG (Prop_bufg_I_O)         0.091    12.764 r  clk_p_IBUF_BUFG_inst/O
                         net (fo=109, routed)         1.518    14.282    pwmmodulator/pwmmodule/clk_p_IBUF_BUFG
    SLICE_X7Y1           FDRE                                         r  pwmmodulator/pwmmodule/FSM_sequential_state_reg[1]/C
                         clock pessimism              0.322    14.604    
                         clock uncertainty           -0.035    14.569    
    SLICE_X7Y1           FDRE (Setup_fdre_C_D)        0.029    14.598    pwmmodulator/pwmmodule/FSM_sequential_state_reg[1]
  -------------------------------------------------------------------
                         required time                         14.598    
                         arrival time                         -11.696    
  -------------------------------------------------------------------
                         slack                                  2.902    

Slack (MET) :             3.084ns  (required time - arrival time)
  Source:                 pwmmodulator/sine/sine_s_reg/CLKARDCLK
                            (rising edge-triggered cell RAMB18E1 clocked by clp_p  {rise@0.000ns fall@5.000ns period=10.000ns})
  Destination:            pwmmodulator/pwmmodule/FSM_sequential_state_reg[0]/D
                            (rising edge-triggered cell FDRE clocked by clp_p  {rise@0.000ns fall@5.000ns period=10.000ns})
  Path Group:             clp_p
  Path Type:              Setup (Max at Slow Process Corner)
  Requirement:            10.000ns  (clp_p rise@10.000ns - clp_p rise@0.000ns)
  Data Path Delay:        6.899ns  (logic 3.752ns (54.388%)  route 3.147ns (45.612%))
  Logic Levels:           4  (CARRY4=1 LUT2=1 LUT3=1 LUT6=1)
  Clock Path Skew:        -0.013ns (DCD - SCD + CPR)
    Destination Clock Delay (DCD):    4.282ns = ( 14.282 - 10.000 ) 
    Source Clock Delay      (SCD):    4.617ns
    Clock Pessimism Removal (CPR):    0.322ns
  Clock Uncertainty:      0.035ns  ((TSJ^2 + TIJ^2)^1/2 + DJ) / 2 + PE
    Total System Jitter     (TSJ):    0.071ns
    Total Input Jitter      (TIJ):    0.000ns
    Discrete Jitter          (DJ):    0.000ns
    Phase Error              (PE):    0.000ns

    Location             Delay type                Incr(ns)  Path(ns)    Netlist Resource(s)
  -------------------------------------------------------------------    -------------------
                         (clock clp_p rise edge)      0.000     0.000 r  
    M18                                               0.000     0.000 r  clk_p (IN)
                         net (fo=0)                   0.000     0.000    clk_p
    M18                  IBUF (Prop_ibuf_I_O)         0.938     0.938 r  clk_p_IBUF_inst/O
                         net (fo=1, routed)           1.972     2.910    clk_p_IBUF
    BUFGCTRL_X0Y0        BUFG (Prop_bufg_I_O)         0.096     3.006 r  clk_p_IBUF_BUFG_inst/O
                         net (fo=109, routed)         1.612     4.617    pwmmodulator/sine/clk_p_IBUF_BUFG
    RAMB18_X0Y0          RAMB18E1                                     r  pwmmodulator/sine/sine_s_reg/CLKARDCLK
  -------------------------------------------------------------------    -------------------
    RAMB18_X0Y0          RAMB18E1 (Prop_ramb18e1_CLKARDCLK_DOADO[11])
                                                      2.454     7.071 f  pwmmodulator/sine/sine_s_reg/DOADO[11]
                         net (fo=4, routed)           1.444     8.515    pwmmodulator/sine/DOADO[11]
    SLICE_X9Y3           LUT2 (Prop_lut2_I0_O)        0.124     8.639 r  pwmmodulator/sine/gtOp_carry__0_i_3/O
                         net (fo=1, routed)           0.000     8.639    pwmmodulator/pwmmodule/FSM_sequential_state[1]_i_2_1[1]
    SLICE_X9Y3           CARRY4 (Prop_carry4_S[1]_CO[1])
                                                      0.491     9.130 r  pwmmodulator/pwmmodule/gtOp_carry__0/CO[1]
                         net (fo=3, routed)           0.997    10.127    pwmmodulator/pwmmodule/gtOp
    SLICE_X10Y1          LUT3 (Prop_lut3_I2_O)        0.355    10.482 r  pwmmodulator/pwmmodule/FSM_sequential_state[1]_i_4/O
                         net (fo=2, routed)           0.706    11.188    pwmmodulator/pwmmodule/fsm_ce/FSM_sequential_state_reg[0]_4
    SLICE_X7Y1           LUT6 (Prop_lut6_I4_O)        0.328    11.516 r  pwmmodulator/pwmmodule/fsm_ce/FSM_sequential_state[0]_i_1/O
                         net (fo=1, routed)           0.000    11.516    pwmmodulator/pwmmodule/fsm_ce_n_3
    SLICE_X7Y1           FDRE                                         r  pwmmodulator/pwmmodule/FSM_sequential_state_reg[0]/D
  -------------------------------------------------------------------    -------------------

                         (clock clp_p rise edge)     10.000    10.000 r  
    M18                                               0.000    10.000 r  clk_p (IN)
                         net (fo=0)                   0.000    10.000    clk_p
    M18                  IBUF (Prop_ibuf_I_O)         0.805    10.805 r  clk_p_IBUF_inst/O
                         net (fo=1, routed)           1.868    12.673    clk_p_IBUF
    BUFGCTRL_X0Y0        BUFG (Prop_bufg_I_O)         0.091    12.764 r  clk_p_IBUF_BUFG_inst/O
                         net (fo=109, routed)         1.518    14.282    pwmmodulator/pwmmodule/clk_p_IBUF_BUFG
    SLICE_X7Y1           FDRE                                         r  pwmmodulator/pwmmodule/FSM_sequential_state_reg[0]/C
                         clock pessimism              0.322    14.604    
                         clock uncertainty           -0.035    14.569    
    SLICE_X7Y1           FDRE (Setup_fdre_C_D)        0.031    14.600    pwmmodulator/pwmmodule/FSM_sequential_state_reg[0]
  -------------------------------------------------------------------
                         required time                         14.600    
                         arrival time                         -11.516    
  -------------------------------------------------------------------
                         slack                                  3.084    

Slack (MET) :             4.214ns  (required time - arrival time)
  Source:                 pwmmodulator/pwmmodule/fsm_ce/freq_cnt_s_reg[3]/C
                            (rising edge-triggered cell FDRE clocked by clp_p  {rise@0.000ns fall@5.000ns period=10.000ns})
  Destination:            pwmmodulator/pwmmodule/fsm_ce/freq_cnt_s_reg[4]/R
                            (rising edge-triggered cell FDRE clocked by clp_p  {rise@0.000ns fall@5.000ns period=10.000ns})
  Path Group:             clp_p
  Path Type:              Setup (Max at Slow Process Corner)
  Requirement:            10.000ns  (clp_p rise@10.000ns - clp_p rise@0.000ns)
  Data Path Delay:        5.297ns  (logic 2.116ns (39.950%)  route 3.181ns (60.050%))
  Logic Levels:           7  (CARRY4=5 LUT2=1 LUT3=1)
  Clock Path Skew:        -0.025ns (DCD - SCD + CPR)
    Destination Clock Delay (DCD):    4.282ns = ( 14.282 - 10.000 ) 
    Source Clock Delay      (SCD):    4.642ns
    Clock Pessimism Removal (CPR):    0.335ns
  Clock Uncertainty:      0.035ns  ((TSJ^2 + TIJ^2)^1/2 + DJ) / 2 + PE
    Total System Jitter     (TSJ):    0.071ns
    Total Input Jitter      (TIJ):    0.000ns
    Discrete Jitter          (DJ):    0.000ns
    Phase Error              (PE):    0.000ns

    Location             Delay type                Incr(ns)  Path(ns)    Netlist Resource(s)
  -------------------------------------------------------------------    -------------------
                         (clock clp_p rise edge)      0.000     0.000 r  
    M18                                               0.000     0.000 r  clk_p (IN)
                         net (fo=0)                   0.000     0.000    clk_p
    M18                  IBUF (Prop_ibuf_I_O)         0.938     0.938 r  clk_p_IBUF_inst/O
                         net (fo=1, routed)           1.972     2.910    clk_p_IBUF
    BUFGCTRL_X0Y0        BUFG (Prop_bufg_I_O)         0.096     3.006 r  clk_p_IBUF_BUFG_inst/O
                         net (fo=109, routed)         1.636     4.642    pwmmodulator/pwmmodule/fsm_ce/clk_p_IBUF_BUFG
    SLICE_X4Y1           FDRE                                         r  pwmmodulator/pwmmodule/fsm_ce/freq_cnt_s_reg[3]/C
  -------------------------------------------------------------------    -------------------
    SLICE_X4Y1           FDRE (Prop_fdre_C_Q)         0.456     5.098 r  pwmmodulator/pwmmodule/fsm_ce/freq_cnt_s_reg[3]/Q
                         net (fo=4, routed)           0.822     5.920    pwmmodulator/pwmmodule/fsm_ce/freq_cnt_s_reg[3]
    SLICE_X5Y2           LUT2 (Prop_lut2_I1_O)        0.124     6.044 r  pwmmodulator/pwmmodule/fsm_ce/freq_trig_i_35/O
                         net (fo=1, routed)           0.000     6.044    pwmmodulator/pwmmodule/fsm_ce/freq_trig_i_35_n_0
    SLICE_X5Y2           CARRY4 (Prop_carry4_S[1]_CO[3])
                                                      0.550     6.594 r  pwmmodulator/pwmmodule/fsm_ce/freq_trig_reg_i_23/CO[3]
                         net (fo=1, routed)           0.000     6.594    pwmmodulator/pwmmodule/fsm_ce/freq_trig_reg_i_23_n_0
    SLICE_X5Y3           CARRY4 (Prop_carry4_CI_CO[3])
                                                      0.114     6.708 r  pwmmodulator/pwmmodule/fsm_ce/freq_trig_reg_i_14/CO[3]
                         net (fo=1, routed)           0.000     6.708    pwmmodulator/pwmmodule/fsm_ce/freq_trig_reg_i_14_n_0
    SLICE_X5Y4           CARRY4 (Prop_carry4_CI_CO[3])
                                                      0.114     6.822 r  pwmmodulator/pwmmodule/fsm_ce/freq_trig_reg_i_5/CO[3]
                         net (fo=1, routed)           0.000     6.822    pwmmodulator/pwmmodule/fsm_ce/freq_trig_reg_i_5_n_0
    SLICE_X5Y5           CARRY4 (Prop_carry4_CI_CO[3])
                                                      0.114     6.936 r  pwmmodulator/pwmmodule/fsm_ce/freq_trig_reg_i_3__0/CO[3]
                         net (fo=1, routed)           0.000     6.936    pwmmodulator/pwmmodule/fsm_ce/freq_trig_reg_i_3__0_n_0
    SLICE_X5Y6           CARRY4 (Prop_carry4_CI_CO[0])
                                                      0.271     7.207 r  pwmmodulator/pwmmodule/fsm_ce/freq_trig_reg_i_2__0/CO[0]
                         net (fo=1, routed)           0.964     8.171    pwmmodulator/pwmmodule/fsm_ce/geqOp
    SLICE_X1Y5           LUT3 (Prop_lut3_I2_O)        0.373     8.544 r  pwmmodulator/pwmmodule/fsm_ce/freq_trig_i_1__0/O
                         net (fo=33, routed)          1.394     9.938    pwmmodulator/pwmmodule/fsm_ce/freq_trig_i_1__0_n_0
    SLICE_X4Y2           FDRE                                         r  pwmmodulator/pwmmodule/fsm_ce/freq_cnt_s_reg[4]/R
  -------------------------------------------------------------------    -------------------

                         (clock clp_p rise edge)     10.000    10.000 r  
    M18                                               0.000    10.000 r  clk_p (IN)
                         net (fo=0)                   0.000    10.000    clk_p
    M18                  IBUF (Prop_ibuf_I_O)         0.805    10.805 r  clk_p_IBUF_inst/O
                         net (fo=1, routed)           1.868    12.673    clk_p_IBUF
    BUFGCTRL_X0Y0        BUFG (Prop_bufg_I_O)         0.091    12.764 r  clk_p_IBUF_BUFG_inst/O
                         net (fo=109, routed)         1.518    14.282    pwmmodulator/pwmmodule/fsm_ce/clk_p_IBUF_BUFG
    SLICE_X4Y2           FDRE                                         r  pwmmodulator/pwmmodule/fsm_ce/freq_cnt_s_reg[4]/C
                         clock pessimism              0.335    14.617    
                         clock uncertainty           -0.035    14.582    
    SLICE_X4Y2           FDRE (Setup_fdre_C_R)       -0.429    14.153    pwmmodulator/pwmmodule/fsm_ce/freq_cnt_s_reg[4]
  -------------------------------------------------------------------
                         required time                         14.153    
                         arrival time                          -9.938    
  -------------------------------------------------------------------
                         slack                                  4.214    

Slack (MET) :             4.214ns  (required time - arrival time)
  Source:                 pwmmodulator/pwmmodule/fsm_ce/freq_cnt_s_reg[3]/C
                            (rising edge-triggered cell FDRE clocked by clp_p  {rise@0.000ns fall@5.000ns period=10.000ns})
  Destination:            pwmmodulator/pwmmodule/fsm_ce/freq_cnt_s_reg[5]/R
                            (rising edge-triggered cell FDRE clocked by clp_p  {rise@0.000ns fall@5.000ns period=10.000ns})
  Path Group:             clp_p
  Path Type:              Setup (Max at Slow Process Corner)
  Requirement:            10.000ns  (clp_p rise@10.000ns - clp_p rise@0.000ns)
  Data Path Delay:        5.297ns  (logic 2.116ns (39.950%)  route 3.181ns (60.050%))
  Logic Levels:           7  (CARRY4=5 LUT2=1 LUT3=1)
  Clock Path Skew:        -0.025ns (DCD - SCD + CPR)
    Destination Clock Delay (DCD):    4.282ns = ( 14.282 - 10.000 ) 
    Source Clock Delay      (SCD):    4.642ns
    Clock Pessimism Removal (CPR):    0.335ns
  Clock Uncertainty:      0.035ns  ((TSJ^2 + TIJ^2)^1/2 + DJ) / 2 + PE
    Total System Jitter     (TSJ):    0.071ns
    Total Input Jitter      (TIJ):    0.000ns
    Discrete Jitter          (DJ):    0.000ns
    Phase Error              (PE):    0.000ns

    Location             Delay type                Incr(ns)  Path(ns)    Netlist Resource(s)
  -------------------------------------------------------------------    -------------------
                         (clock clp_p rise edge)      0.000     0.000 r  
    M18                                               0.000     0.000 r  clk_p (IN)
                         net (fo=0)                   0.000     0.000    clk_p
    M18                  IBUF (Prop_ibuf_I_O)         0.938     0.938 r  clk_p_IBUF_inst/O
                         net (fo=1, routed)           1.972     2.910    clk_p_IBUF
    BUFGCTRL_X0Y0        BUFG (Prop_bufg_I_O)         0.096     3.006 r  clk_p_IBUF_BUFG_inst/O
                         net (fo=109, routed)         1.636     4.642    pwmmodulator/pwmmodule/fsm_ce/clk_p_IBUF_BUFG
    SLICE_X4Y1           FDRE                                         r  pwmmodulator/pwmmodule/fsm_ce/freq_cnt_s_reg[3]/C
  -------------------------------------------------------------------    -------------------
    SLICE_X4Y1           FDRE (Prop_fdre_C_Q)         0.456     5.098 r  pwmmodulator/pwmmodule/fsm_ce/freq_cnt_s_reg[3]/Q
                         net (fo=4, routed)           0.822     5.920    pwmmodulator/pwmmodule/fsm_ce/freq_cnt_s_reg[3]
    SLICE_X5Y2           LUT2 (Prop_lut2_I1_O)        0.124     6.044 r  pwmmodulator/pwmmodule/fsm_ce/freq_trig_i_35/O
                         net (fo=1, routed)           0.000     6.044    pwmmodulator/pwmmodule/fsm_ce/freq_trig_i_35_n_0
    SLICE_X5Y2           CARRY4 (Prop_carry4_S[1]_CO[3])
                                                      0.550     6.594 r  pwmmodulator/pwmmodule/fsm_ce/freq_trig_reg_i_23/CO[3]
                         net (fo=1, routed)           0.000     6.594    pwmmodulator/pwmmodule/fsm_ce/freq_trig_reg_i_23_n_0
    SLICE_X5Y3           CARRY4 (Prop_carry4_CI_CO[3])
                                                      0.114     6.708 r  pwmmodulator/pwmmodule/fsm_ce/freq_trig_reg_i_14/CO[3]
                         net (fo=1, routed)           0.000     6.708    pwmmodulator/pwmmodule/fsm_ce/freq_trig_reg_i_14_n_0
    SLICE_X5Y4           CARRY4 (Prop_carry4_CI_CO[3])
                                                      0.114     6.822 r  pwmmodulator/pwmmodule/fsm_ce/freq_trig_reg_i_5/CO[3]
                         net (fo=1, routed)           0.000     6.822    pwmmodulator/pwmmodule/fsm_ce/freq_trig_reg_i_5_n_0
    SLICE_X5Y5           CARRY4 (Prop_carry4_CI_CO[3])
                                                      0.114     6.936 r  pwmmodulator/pwmmodule/fsm_ce/freq_trig_reg_i_3__0/CO[3]
                         net (fo=1, routed)           0.000     6.936    pwmmodulator/pwmmodule/fsm_ce/freq_trig_reg_i_3__0_n_0
    SLICE_X5Y6           CARRY4 (Prop_carry4_CI_CO[0])
                                                      0.271     7.207 r  pwmmodulator/pwmmodule/fsm_ce/freq_trig_reg_i_2__0/CO[0]
                         net (fo=1, routed)           0.964     8.171    pwmmodulator/pwmmodule/fsm_ce/geqOp
    SLICE_X1Y5           LUT3 (Prop_lut3_I2_O)        0.373     8.544 r  pwmmodulator/pwmmodule/fsm_ce/freq_trig_i_1__0/O
                         net (fo=33, routed)          1.394     9.938    pwmmodulator/pwmmodule/fsm_ce/freq_trig_i_1__0_n_0
    SLICE_X4Y2           FDRE                                         r  pwmmodulator/pwmmodule/fsm_ce/freq_cnt_s_reg[5]/R
  -------------------------------------------------------------------    -------------------

                         (clock clp_p rise edge)     10.000    10.000 r  
    M18                                               0.000    10.000 r  clk_p (IN)
                         net (fo=0)                   0.000    10.000    clk_p
    M18                  IBUF (Prop_ibuf_I_O)         0.805    10.805 r  clk_p_IBUF_inst/O
                         net (fo=1, routed)           1.868    12.673    clk_p_IBUF
    BUFGCTRL_X0Y0        BUFG (Prop_bufg_I_O)         0.091    12.764 r  clk_p_IBUF_BUFG_inst/O
                         net (fo=109, routed)         1.518    14.282    pwmmodulator/pwmmodule/fsm_ce/clk_p_IBUF_BUFG
    SLICE_X4Y2           FDRE                                         r  pwmmodulator/pwmmodule/fsm_ce/freq_cnt_s_reg[5]/C
                         clock pessimism              0.335    14.617    
                         clock uncertainty           -0.035    14.582    
    SLICE_X4Y2           FDRE (Setup_fdre_C_R)       -0.429    14.153    pwmmodulator/pwmmodule/fsm_ce/freq_cnt_s_reg[5]
  -------------------------------------------------------------------
                         required time                         14.153    
                         arrival time                          -9.938    
  -------------------------------------------------------------------
                         slack                                  4.214    

Slack (MET) :             4.214ns  (required time - arrival time)
  Source:                 pwmmodulator/pwmmodule/fsm_ce/freq_cnt_s_reg[3]/C
                            (rising edge-triggered cell FDRE clocked by clp_p  {rise@0.000ns fall@5.000ns period=10.000ns})
  Destination:            pwmmodulator/pwmmodule/fsm_ce/freq_cnt_s_reg[6]/R
                            (rising edge-triggered cell FDRE clocked by clp_p  {rise@0.000ns fall@5.000ns period=10.000ns})
  Path Group:             clp_p
  Path Type:              Setup (Max at Slow Process Corner)
  Requirement:            10.000ns  (clp_p rise@10.000ns - clp_p rise@0.000ns)
  Data Path Delay:        5.297ns  (logic 2.116ns (39.950%)  route 3.181ns (60.050%))
  Logic Levels:           7  (CARRY4=5 LUT2=1 LUT3=1)
  Clock Path Skew:        -0.025ns (DCD - SCD + CPR)
    Destination Clock Delay (DCD):    4.282ns = ( 14.282 - 10.000 ) 
    Source Clock Delay      (SCD):    4.642ns
    Clock Pessimism Removal (CPR):    0.335ns
  Clock Uncertainty:      0.035ns  ((TSJ^2 + TIJ^2)^1/2 + DJ) / 2 + PE
    Total System Jitter     (TSJ):    0.071ns
    Total Input Jitter      (TIJ):    0.000ns
    Discrete Jitter          (DJ):    0.000ns
    Phase Error              (PE):    0.000ns

    Location             Delay type                Incr(ns)  Path(ns)    Netlist Resource(s)
  -------------------------------------------------------------------    -------------------
                         (clock clp_p rise edge)      0.000     0.000 r  
    M18                                               0.000     0.000 r  clk_p (IN)
                         net (fo=0)                   0.000     0.000    clk_p
    M18                  IBUF (Prop_ibuf_I_O)         0.938     0.938 r  clk_p_IBUF_inst/O
                         net (fo=1, routed)           1.972     2.910    clk_p_IBUF
    BUFGCTRL_X0Y0        BUFG (Prop_bufg_I_O)         0.096     3.006 r  clk_p_IBUF_BUFG_inst/O
                         net (fo=109, routed)         1.636     4.642    pwmmodulator/pwmmodule/fsm_ce/clk_p_IBUF_BUFG
    SLICE_X4Y1           FDRE                                         r  pwmmodulator/pwmmodule/fsm_ce/freq_cnt_s_reg[3]/C
  -------------------------------------------------------------------    -------------------
    SLICE_X4Y1           FDRE (Prop_fdre_C_Q)         0.456     5.098 r  pwmmodulator/pwmmodule/fsm_ce/freq_cnt_s_reg[3]/Q
                         net (fo=4, routed)           0.822     5.920    pwmmodulator/pwmmodule/fsm_ce/freq_cnt_s_reg[3]
    SLICE_X5Y2           LUT2 (Prop_lut2_I1_O)        0.124     6.044 r  pwmmodulator/pwmmodule/fsm_ce/freq_trig_i_35/O
                         net (fo=1, routed)           0.000     6.044    pwmmodulator/pwmmodule/fsm_ce/freq_trig_i_35_n_0
    SLICE_X5Y2           CARRY4 (Prop_carry4_S[1]_CO[3])
                                                      0.550     6.594 r  pwmmodulator/pwmmodule/fsm_ce/freq_trig_reg_i_23/CO[3]
                         net (fo=1, routed)           0.000     6.594    pwmmodulator/pwmmodule/fsm_ce/freq_trig_reg_i_23_n_0
    SLICE_X5Y3           CARRY4 (Prop_carry4_CI_CO[3])
                                                      0.114     6.708 r  pwmmodulator/pwmmodule/fsm_ce/freq_trig_reg_i_14/CO[3]
                         net (fo=1, routed)           0.000     6.708    pwmmodulator/pwmmodule/fsm_ce/freq_trig_reg_i_14_n_0
    SLICE_X5Y4           CARRY4 (Prop_carry4_CI_CO[3])
                                                      0.114     6.822 r  pwmmodulator/pwmmodule/fsm_ce/freq_trig_reg_i_5/CO[3]
                         net (fo=1, routed)           0.000     6.822    pwmmodulator/pwmmodule/fsm_ce/freq_trig_reg_i_5_n_0
    SLICE_X5Y5           CARRY4 (Prop_carry4_CI_CO[3])
                                                      0.114     6.936 r  pwmmodulator/pwmmodule/fsm_ce/freq_trig_reg_i_3__0/CO[3]
                         net (fo=1, routed)           0.000     6.936    pwmmodulator/pwmmodule/fsm_ce/freq_trig_reg_i_3__0_n_0
    SLICE_X5Y6           CARRY4 (Prop_carry4_CI_CO[0])
                                                      0.271     7.207 r  pwmmodulator/pwmmodule/fsm_ce/freq_trig_reg_i_2__0/CO[0]
                         net (fo=1, routed)           0.964     8.171    pwmmodulator/pwmmodule/fsm_ce/geqOp
    SLICE_X1Y5           LUT3 (Prop_lut3_I2_O)        0.373     8.544 r  pwmmodulator/pwmmodule/fsm_ce/freq_trig_i_1__0/O
                         net (fo=33, routed)          1.394     9.938    pwmmodulator/pwmmodule/fsm_ce/freq_trig_i_1__0_n_0
    SLICE_X4Y2           FDRE                                         r  pwmmodulator/pwmmodule/fsm_ce/freq_cnt_s_reg[6]/R
  -------------------------------------------------------------------    -------------------

                         (clock clp_p rise edge)     10.000    10.000 r  
    M18                                               0.000    10.000 r  clk_p (IN)
                         net (fo=0)                   0.000    10.000    clk_p
    M18                  IBUF (Prop_ibuf_I_O)         0.805    10.805 r  clk_p_IBUF_inst/O
                         net (fo=1, routed)           1.868    12.673    clk_p_IBUF
    BUFGCTRL_X0Y0        BUFG (Prop_bufg_I_O)         0.091    12.764 r  clk_p_IBUF_BUFG_inst/O
                         net (fo=109, routed)         1.518    14.282    pwmmodulator/pwmmodule/fsm_ce/clk_p_IBUF_BUFG
    SLICE_X4Y2           FDRE                                         r  pwmmodulator/pwmmodule/fsm_ce/freq_cnt_s_reg[6]/C
                         clock pessimism              0.335    14.617    
                         clock uncertainty           -0.035    14.582    
    SLICE_X4Y2           FDRE (Setup_fdre_C_R)       -0.429    14.153    pwmmodulator/pwmmodule/fsm_ce/freq_cnt_s_reg[6]
  -------------------------------------------------------------------
                         required time                         14.153    
                         arrival time                          -9.938    
  -------------------------------------------------------------------
                         slack                                  4.214    

Slack (MET) :             4.214ns  (required time - arrival time)
  Source:                 pwmmodulator/pwmmodule/fsm_ce/freq_cnt_s_reg[3]/C
                            (rising edge-triggered cell FDRE clocked by clp_p  {rise@0.000ns fall@5.000ns period=10.000ns})
  Destination:            pwmmodulator/pwmmodule/fsm_ce/freq_cnt_s_reg[7]/R
                            (rising edge-triggered cell FDRE clocked by clp_p  {rise@0.000ns fall@5.000ns period=10.000ns})
  Path Group:             clp_p
  Path Type:              Setup (Max at Slow Process Corner)
  Requirement:            10.000ns  (clp_p rise@10.000ns - clp_p rise@0.000ns)
  Data Path Delay:        5.297ns  (logic 2.116ns (39.950%)  route 3.181ns (60.050%))
  Logic Levels:           7  (CARRY4=5 LUT2=1 LUT3=1)
  Clock Path Skew:        -0.025ns (DCD - SCD + CPR)
    Destination Clock Delay (DCD):    4.282ns = ( 14.282 - 10.000 ) 
    Source Clock Delay      (SCD):    4.642ns
    Clock Pessimism Removal (CPR):    0.335ns
  Clock Uncertainty:      0.035ns  ((TSJ^2 + TIJ^2)^1/2 + DJ) / 2 + PE
    Total System Jitter     (TSJ):    0.071ns
    Total Input Jitter      (TIJ):    0.000ns
    Discrete Jitter          (DJ):    0.000ns
    Phase Error              (PE):    0.000ns

    Location             Delay type                Incr(ns)  Path(ns)    Netlist Resource(s)
  -------------------------------------------------------------------    -------------------
                         (clock clp_p rise edge)      0.000     0.000 r  
    M18                                               0.000     0.000 r  clk_p (IN)
                         net (fo=0)                   0.000     0.000    clk_p
    M18                  IBUF (Prop_ibuf_I_O)         0.938     0.938 r  clk_p_IBUF_inst/O
                         net (fo=1, routed)           1.972     2.910    clk_p_IBUF
    BUFGCTRL_X0Y0        BUFG (Prop_bufg_I_O)         0.096     3.006 r  clk_p_IBUF_BUFG_inst/O
                         net (fo=109, routed)         1.636     4.642    pwmmodulator/pwmmodule/fsm_ce/clk_p_IBUF_BUFG
    SLICE_X4Y1           FDRE                                         r  pwmmodulator/pwmmodule/fsm_ce/freq_cnt_s_reg[3]/C
  -------------------------------------------------------------------    -------------------
    SLICE_X4Y1           FDRE (Prop_fdre_C_Q)         0.456     5.098 r  pwmmodulator/pwmmodule/fsm_ce/freq_cnt_s_reg[3]/Q
                         net (fo=4, routed)           0.822     5.920    pwmmodulator/pwmmodule/fsm_ce/freq_cnt_s_reg[3]
    SLICE_X5Y2           LUT2 (Prop_lut2_I1_O)        0.124     6.044 r  pwmmodulator/pwmmodule/fsm_ce/freq_trig_i_35/O
                         net (fo=1, routed)           0.000     6.044    pwmmodulator/pwmmodule/fsm_ce/freq_trig_i_35_n_0
    SLICE_X5Y2           CARRY4 (Prop_carry4_S[1]_CO[3])
                                                      0.550     6.594 r  pwmmodulator/pwmmodule/fsm_ce/freq_trig_reg_i_23/CO[3]
                         net (fo=1, routed)           0.000     6.594    pwmmodulator/pwmmodule/fsm_ce/freq_trig_reg_i_23_n_0
    SLICE_X5Y3           CARRY4 (Prop_carry4_CI_CO[3])
                                                      0.114     6.708 r  pwmmodulator/pwmmodule/fsm_ce/freq_trig_reg_i_14/CO[3]
                         net (fo=1, routed)           0.000     6.708    pwmmodulator/pwmmodule/fsm_ce/freq_trig_reg_i_14_n_0
    SLICE_X5Y4           CARRY4 (Prop_carry4_CI_CO[3])
                                                      0.114     6.822 r  pwmmodulator/pwmmodule/fsm_ce/freq_trig_reg_i_5/CO[3]
                         net (fo=1, routed)           0.000     6.822    pwmmodulator/pwmmodule/fsm_ce/freq_trig_reg_i_5_n_0
    SLICE_X5Y5           CARRY4 (Prop_carry4_CI_CO[3])
                                                      0.114     6.936 r  pwmmodulator/pwmmodule/fsm_ce/freq_trig_reg_i_3__0/CO[3]
                         net (fo=1, routed)           0.000     6.936    pwmmodulator/pwmmodule/fsm_ce/freq_trig_reg_i_3__0_n_0
    SLICE_X5Y6           CARRY4 (Prop_carry4_CI_CO[0])
                                                      0.271     7.207 r  pwmmodulator/pwmmodule/fsm_ce/freq_trig_reg_i_2__0/CO[0]
                         net (fo=1, routed)           0.964     8.171    pwmmodulator/pwmmodule/fsm_ce/geqOp
    SLICE_X1Y5           LUT3 (Prop_lut3_I2_O)        0.373     8.544 r  pwmmodulator/pwmmodule/fsm_ce/freq_trig_i_1__0/O
                         net (fo=33, routed)          1.394     9.938    pwmmodulator/pwmmodule/fsm_ce/freq_trig_i_1__0_n_0
    SLICE_X4Y2           FDRE                                         r  pwmmodulator/pwmmodule/fsm_ce/freq_cnt_s_reg[7]/R
  -------------------------------------------------------------------    -------------------

                         (clock clp_p rise edge)     10.000    10.000 r  
    M18                                               0.000    10.000 r  clk_p (IN)
                         net (fo=0)                   0.000    10.000    clk_p
    M18                  IBUF (Prop_ibuf_I_O)         0.805    10.805 r  clk_p_IBUF_inst/O
                         net (fo=1, routed)           1.868    12.673    clk_p_IBUF
    BUFGCTRL_X0Y0        BUFG (Prop_bufg_I_O)         0.091    12.764 r  clk_p_IBUF_BUFG_inst/O
                         net (fo=109, routed)         1.518    14.282    pwmmodulator/pwmmodule/fsm_ce/clk_p_IBUF_BUFG
    SLICE_X4Y2           FDRE                                         r  pwmmodulator/pwmmodule/fsm_ce/freq_cnt_s_reg[7]/C
                         clock pessimism              0.335    14.617    
                         clock uncertainty           -0.035    14.582    
    SLICE_X4Y2           FDRE (Setup_fdre_C_R)       -0.429    14.153    pwmmodulator/pwmmodule/fsm_ce/freq_cnt_s_reg[7]
  -------------------------------------------------------------------
                         required time                         14.153    
                         arrival time                          -9.938    
  -------------------------------------------------------------------
                         slack                                  4.214    

Slack (MET) :             4.530ns  (required time - arrival time)
  Source:                 pwmmodulator/pwmmodule/fsm_ce/freq_cnt_s_reg[3]/C
                            (rising edge-triggered cell FDRE clocked by clp_p  {rise@0.000ns fall@5.000ns period=10.000ns})
  Destination:            pwmmodulator/pwmmodule/fsm_ce/freq_cnt_s_reg[0]/R
                            (rising edge-triggered cell FDRE clocked by clp_p  {rise@0.000ns fall@5.000ns period=10.000ns})
  Path Group:             clp_p
  Path Type:              Setup (Max at Slow Process Corner)
  Requirement:            10.000ns  (clp_p rise@10.000ns - clp_p rise@0.000ns)
  Data Path Delay:        5.006ns  (logic 2.116ns (42.269%)  route 2.890ns (57.731%))
  Logic Levels:           7  (CARRY4=5 LUT2=1 LUT3=1)
  Clock Path Skew:        0.000ns (DCD - SCD + CPR)
    Destination Clock Delay (DCD):    4.282ns = ( 14.282 - 10.000 ) 
    Source Clock Delay      (SCD):    4.642ns
    Clock Pessimism Removal (CPR):    0.360ns
  Clock Uncertainty:      0.035ns  ((TSJ^2 + TIJ^2)^1/2 + DJ) / 2 + PE
    Total System Jitter     (TSJ):    0.071ns
    Total Input Jitter      (TIJ):    0.000ns
    Discrete Jitter          (DJ):    0.000ns
    Phase Error              (PE):    0.000ns

    Location             Delay type                Incr(ns)  Path(ns)    Netlist Resource(s)
  -------------------------------------------------------------------    -------------------
                         (clock clp_p rise edge)      0.000     0.000 r  
    M18                                               0.000     0.000 r  clk_p (IN)
                         net (fo=0)                   0.000     0.000    clk_p
    M18                  IBUF (Prop_ibuf_I_O)         0.938     0.938 r  clk_p_IBUF_inst/O
                         net (fo=1, routed)           1.972     2.910    clk_p_IBUF
    BUFGCTRL_X0Y0        BUFG (Prop_bufg_I_O)         0.096     3.006 r  clk_p_IBUF_BUFG_inst/O
                         net (fo=109, routed)         1.636     4.642    pwmmodulator/pwmmodule/fsm_ce/clk_p_IBUF_BUFG
    SLICE_X4Y1           FDRE                                         r  pwmmodulator/pwmmodule/fsm_ce/freq_cnt_s_reg[3]/C
  -------------------------------------------------------------------    -------------------
    SLICE_X4Y1           FDRE (Prop_fdre_C_Q)         0.456     5.098 r  pwmmodulator/pwmmodule/fsm_ce/freq_cnt_s_reg[3]/Q
                         net (fo=4, routed)           0.822     5.920    pwmmodulator/pwmmodule/fsm_ce/freq_cnt_s_reg[3]
    SLICE_X5Y2           LUT2 (Prop_lut2_I1_O)        0.124     6.044 r  pwmmodulator/pwmmodule/fsm_ce/freq_trig_i_35/O
                         net (fo=1, routed)           0.000     6.044    pwmmodulator/pwmmodule/fsm_ce/freq_trig_i_35_n_0
    SLICE_X5Y2           CARRY4 (Prop_carry4_S[1]_CO[3])
                                                      0.550     6.594 r  pwmmodulator/pwmmodule/fsm_ce/freq_trig_reg_i_23/CO[3]
                         net (fo=1, routed)           0.000     6.594    pwmmodulator/pwmmodule/fsm_ce/freq_trig_reg_i_23_n_0
    SLICE_X5Y3           CARRY4 (Prop_carry4_CI_CO[3])
                                                      0.114     6.708 r  pwmmodulator/pwmmodule/fsm_ce/freq_trig_reg_i_14/CO[3]
                         net (fo=1, routed)           0.000     6.708    pwmmodulator/pwmmodule/fsm_ce/freq_trig_reg_i_14_n_0
    SLICE_X5Y4           CARRY4 (Prop_carry4_CI_CO[3])
                                                      0.114     6.822 r  pwmmodulator/pwmmodule/fsm_ce/freq_trig_reg_i_5/CO[3]
                         net (fo=1, routed)           0.000     6.822    pwmmodulator/pwmmodule/fsm_ce/freq_trig_reg_i_5_n_0
    SLICE_X5Y5           CARRY4 (Prop_carry4_CI_CO[3])
                                                      0.114     6.936 r  pwmmodulator/pwmmodule/fsm_ce/freq_trig_reg_i_3__0/CO[3]
                         net (fo=1, routed)           0.000     6.936    pwmmodulator/pwmmodule/fsm_ce/freq_trig_reg_i_3__0_n_0
    SLICE_X5Y6           CARRY4 (Prop_carry4_CI_CO[0])
                                                      0.271     7.207 r  pwmmodulator/pwmmodule/fsm_ce/freq_trig_reg_i_2__0/CO[0]
                         net (fo=1, routed)           0.964     8.171    pwmmodulator/pwmmodule/fsm_ce/geqOp
    SLICE_X1Y5           LUT3 (Prop_lut3_I2_O)        0.373     8.544 r  pwmmodulator/pwmmodule/fsm_ce/freq_trig_i_1__0/O
                         net (fo=33, routed)          1.104     9.648    pwmmodulator/pwmmodule/fsm_ce/freq_trig_i_1__0_n_0
    SLICE_X4Y1           FDRE                                         r  pwmmodulator/pwmmodule/fsm_ce/freq_cnt_s_reg[0]/R
  -------------------------------------------------------------------    -------------------

                         (clock clp_p rise edge)     10.000    10.000 r  
    M18                                               0.000    10.000 r  clk_p (IN)
                         net (fo=0)                   0.000    10.000    clk_p
    M18                  IBUF (Prop_ibuf_I_O)         0.805    10.805 r  clk_p_IBUF_inst/O
                         net (fo=1, routed)           1.868    12.673    clk_p_IBUF
    BUFGCTRL_X0Y0        BUFG (Prop_bufg_I_O)         0.091    12.764 r  clk_p_IBUF_BUFG_inst/O
                         net (fo=109, routed)         1.518    14.282    pwmmodulator/pwmmodule/fsm_ce/clk_p_IBUF_BUFG
    SLICE_X4Y1           FDRE                                         r  pwmmodulator/pwmmodule/fsm_ce/freq_cnt_s_reg[0]/C
                         clock pessimism              0.360    14.642    
                         clock uncertainty           -0.035    14.607    
    SLICE_X4Y1           FDRE (Setup_fdre_C_R)       -0.429    14.178    pwmmodulator/pwmmodule/fsm_ce/freq_cnt_s_reg[0]
  -------------------------------------------------------------------
                         required time                         14.178    
                         arrival time                          -9.648    
  -------------------------------------------------------------------
                         slack                                  4.530    

Slack (MET) :             4.530ns  (required time - arrival time)
  Source:                 pwmmodulator/pwmmodule/fsm_ce/freq_cnt_s_reg[3]/C
                            (rising edge-triggered cell FDRE clocked by clp_p  {rise@0.000ns fall@5.000ns period=10.000ns})
  Destination:            pwmmodulator/pwmmodule/fsm_ce/freq_cnt_s_reg[1]/R
                            (rising edge-triggered cell FDRE clocked by clp_p  {rise@0.000ns fall@5.000ns period=10.000ns})
  Path Group:             clp_p
  Path Type:              Setup (Max at Slow Process Corner)
  Requirement:            10.000ns  (clp_p rise@10.000ns - clp_p rise@0.000ns)
  Data Path Delay:        5.006ns  (logic 2.116ns (42.269%)  route 2.890ns (57.731%))
  Logic Levels:           7  (CARRY4=5 LUT2=1 LUT3=1)
  Clock Path Skew:        0.000ns (DCD - SCD + CPR)
    Destination Clock Delay (DCD):    4.282ns = ( 14.282 - 10.000 ) 
    Source Clock Delay      (SCD):    4.642ns
    Clock Pessimism Removal (CPR):    0.360ns
  Clock Uncertainty:      0.035ns  ((TSJ^2 + TIJ^2)^1/2 + DJ) / 2 + PE
    Total System Jitter     (TSJ):    0.071ns
    Total Input Jitter      (TIJ):    0.000ns
    Discrete Jitter          (DJ):    0.000ns
    Phase Error              (PE):    0.000ns

    Location             Delay type                Incr(ns)  Path(ns)    Netlist Resource(s)
  -------------------------------------------------------------------    -------------------
                         (clock clp_p rise edge)      0.000     0.000 r  
    M18                                               0.000     0.000 r  clk_p (IN)
                         net (fo=0)                   0.000     0.000    clk_p
    M18                  IBUF (Prop_ibuf_I_O)         0.938     0.938 r  clk_p_IBUF_inst/O
                         net (fo=1, routed)           1.972     2.910    clk_p_IBUF
    BUFGCTRL_X0Y0        BUFG (Prop_bufg_I_O)         0.096     3.006 r  clk_p_IBUF_BUFG_inst/O
                         net (fo=109, routed)         1.636     4.642    pwmmodulator/pwmmodule/fsm_ce/clk_p_IBUF_BUFG
    SLICE_X4Y1           FDRE                                         r  pwmmodulator/pwmmodule/fsm_ce/freq_cnt_s_reg[3]/C
  -------------------------------------------------------------------    -------------------
    SLICE_X4Y1           FDRE (Prop_fdre_C_Q)         0.456     5.098 r  pwmmodulator/pwmmodule/fsm_ce/freq_cnt_s_reg[3]/Q
                         net (fo=4, routed)           0.822     5.920    pwmmodulator/pwmmodule/fsm_ce/freq_cnt_s_reg[3]
    SLICE_X5Y2           LUT2 (Prop_lut2_I1_O)        0.124     6.044 r  pwmmodulator/pwmmodule/fsm_ce/freq_trig_i_35/O
                         net (fo=1, routed)           0.000     6.044    pwmmodulator/pwmmodule/fsm_ce/freq_trig_i_35_n_0
    SLICE_X5Y2           CARRY4 (Prop_carry4_S[1]_CO[3])
                                                      0.550     6.594 r  pwmmodulator/pwmmodule/fsm_ce/freq_trig_reg_i_23/CO[3]
                         net (fo=1, routed)           0.000     6.594    pwmmodulator/pwmmodule/fsm_ce/freq_trig_reg_i_23_n_0
    SLICE_X5Y3           CARRY4 (Prop_carry4_CI_CO[3])
                                                      0.114     6.708 r  pwmmodulator/pwmmodule/fsm_ce/freq_trig_reg_i_14/CO[3]
                         net (fo=1, routed)           0.000     6.708    pwmmodulator/pwmmodule/fsm_ce/freq_trig_reg_i_14_n_0
    SLICE_X5Y4           CARRY4 (Prop_carry4_CI_CO[3])
                                                      0.114     6.822 r  pwmmodulator/pwmmodule/fsm_ce/freq_trig_reg_i_5/CO[3]
                         net (fo=1, routed)           0.000     6.822    pwmmodulator/pwmmodule/fsm_ce/freq_trig_reg_i_5_n_0
    SLICE_X5Y5           CARRY4 (Prop_carry4_CI_CO[3])
                                                      0.114     6.936 r  pwmmodulator/pwmmodule/fsm_ce/freq_trig_reg_i_3__0/CO[3]
                         net (fo=1, routed)           0.000     6.936    pwmmodulator/pwmmodule/fsm_ce/freq_trig_reg_i_3__0_n_0
    SLICE_X5Y6           CARRY4 (Prop_carry4_CI_CO[0])
                                                      0.271     7.207 r  pwmmodulator/pwmmodule/fsm_ce/freq_trig_reg_i_2__0/CO[0]
                         net (fo=1, routed)           0.964     8.171    pwmmodulator/pwmmodule/fsm_ce/geqOp
    SLICE_X1Y5           LUT3 (Prop_lut3_I2_O)        0.373     8.544 r  pwmmodulator/pwmmodule/fsm_ce/freq_trig_i_1__0/O
                         net (fo=33, routed)          1.104     9.648    pwmmodulator/pwmmodule/fsm_ce/freq_trig_i_1__0_n_0
    SLICE_X4Y1           FDRE                                         r  pwmmodulator/pwmmodule/fsm_ce/freq_cnt_s_reg[1]/R
  -------------------------------------------------------------------    -------------------

                         (clock clp_p rise edge)     10.000    10.000 r  
    M18                                               0.000    10.000 r  clk_p (IN)
                         net (fo=0)                   0.000    10.000    clk_p
    M18                  IBUF (Prop_ibuf_I_O)         0.805    10.805 r  clk_p_IBUF_inst/O
                         net (fo=1, routed)           1.868    12.673    clk_p_IBUF
    BUFGCTRL_X0Y0        BUFG (Prop_bufg_I_O)         0.091    12.764 r  clk_p_IBUF_BUFG_inst/O
                         net (fo=109, routed)         1.518    14.282    pwmmodulator/pwmmodule/fsm_ce/clk_p_IBUF_BUFG
    SLICE_X4Y1           FDRE                                         r  pwmmodulator/pwmmodule/fsm_ce/freq_cnt_s_reg[1]/C
                         clock pessimism              0.360    14.642    
                         clock uncertainty           -0.035    14.607    
    SLICE_X4Y1           FDRE (Setup_fdre_C_R)       -0.429    14.178    pwmmodulator/pwmmodule/fsm_ce/freq_cnt_s_reg[1]
  -------------------------------------------------------------------
                         required time                         14.178    
                         arrival time                          -9.648    
  -------------------------------------------------------------------
                         slack                                  4.530    

Slack (MET) :             4.530ns  (required time - arrival time)
  Source:                 pwmmodulator/pwmmodule/fsm_ce/freq_cnt_s_reg[3]/C
                            (rising edge-triggered cell FDRE clocked by clp_p  {rise@0.000ns fall@5.000ns period=10.000ns})
  Destination:            pwmmodulator/pwmmodule/fsm_ce/freq_cnt_s_reg[2]/R
                            (rising edge-triggered cell FDRE clocked by clp_p  {rise@0.000ns fall@5.000ns period=10.000ns})
  Path Group:             clp_p
  Path Type:              Setup (Max at Slow Process Corner)
  Requirement:            10.000ns  (clp_p rise@10.000ns - clp_p rise@0.000ns)
  Data Path Delay:        5.006ns  (logic 2.116ns (42.269%)  route 2.890ns (57.731%))
  Logic Levels:           7  (CARRY4=5 LUT2=1 LUT3=1)
  Clock Path Skew:        0.000ns (DCD - SCD + CPR)
    Destination Clock Delay (DCD):    4.282ns = ( 14.282 - 10.000 ) 
    Source Clock Delay      (SCD):    4.642ns
    Clock Pessimism Removal (CPR):    0.360ns
  Clock Uncertainty:      0.035ns  ((TSJ^2 + TIJ^2)^1/2 + DJ) / 2 + PE
    Total System Jitter     (TSJ):    0.071ns
    Total Input Jitter      (TIJ):    0.000ns
    Discrete Jitter          (DJ):    0.000ns
    Phase Error              (PE):    0.000ns

    Location             Delay type                Incr(ns)  Path(ns)    Netlist Resource(s)
  -------------------------------------------------------------------    -------------------
                         (clock clp_p rise edge)      0.000     0.000 r  
    M18                                               0.000     0.000 r  clk_p (IN)
                         net (fo=0)                   0.000     0.000    clk_p
    M18                  IBUF (Prop_ibuf_I_O)         0.938     0.938 r  clk_p_IBUF_inst/O
                         net (fo=1, routed)           1.972     2.910    clk_p_IBUF
    BUFGCTRL_X0Y0        BUFG (Prop_bufg_I_O)         0.096     3.006 r  clk_p_IBUF_BUFG_inst/O
                         net (fo=109, routed)         1.636     4.642    pwmmodulator/pwmmodule/fsm_ce/clk_p_IBUF_BUFG
    SLICE_X4Y1           FDRE                                         r  pwmmodulator/pwmmodule/fsm_ce/freq_cnt_s_reg[3]/C
  -------------------------------------------------------------------    -------------------
    SLICE_X4Y1           FDRE (Prop_fdre_C_Q)         0.456     5.098 r  pwmmodulator/pwmmodule/fsm_ce/freq_cnt_s_reg[3]/Q
                         net (fo=4, routed)           0.822     5.920    pwmmodulator/pwmmodule/fsm_ce/freq_cnt_s_reg[3]
    SLICE_X5Y2           LUT2 (Prop_lut2_I1_O)        0.124     6.044 r  pwmmodulator/pwmmodule/fsm_ce/freq_trig_i_35/O
                         net (fo=1, routed)           0.000     6.044    pwmmodulator/pwmmodule/fsm_ce/freq_trig_i_35_n_0
    SLICE_X5Y2           CARRY4 (Prop_carry4_S[1]_CO[3])
                                                      0.550     6.594 r  pwmmodulator/pwmmodule/fsm_ce/freq_trig_reg_i_23/CO[3]
                         net (fo=1, routed)           0.000     6.594    pwmmodulator/pwmmodule/fsm_ce/freq_trig_reg_i_23_n_0
    SLICE_X5Y3           CARRY4 (Prop_carry4_CI_CO[3])
                                                      0.114     6.708 r  pwmmodulator/pwmmodule/fsm_ce/freq_trig_reg_i_14/CO[3]
                         net (fo=1, routed)           0.000     6.708    pwmmodulator/pwmmodule/fsm_ce/freq_trig_reg_i_14_n_0
    SLICE_X5Y4           CARRY4 (Prop_carry4_CI_CO[3])
                                                      0.114     6.822 r  pwmmodulator/pwmmodule/fsm_ce/freq_trig_reg_i_5/CO[3]
                         net (fo=1, routed)           0.000     6.822    pwmmodulator/pwmmodule/fsm_ce/freq_trig_reg_i_5_n_0
    SLICE_X5Y5           CARRY4 (Prop_carry4_CI_CO[3])
                                                      0.114     6.936 r  pwmmodulator/pwmmodule/fsm_ce/freq_trig_reg_i_3__0/CO[3]
                         net (fo=1, routed)           0.000     6.936    pwmmodulator/pwmmodule/fsm_ce/freq_trig_reg_i_3__0_n_0
    SLICE_X5Y6           CARRY4 (Prop_carry4_CI_CO[0])
                                                      0.271     7.207 r  pwmmodulator/pwmmodule/fsm_ce/freq_trig_reg_i_2__0/CO[0]
                         net (fo=1, routed)           0.964     8.171    pwmmodulator/pwmmodule/fsm_ce/geqOp
    SLICE_X1Y5           LUT3 (Prop_lut3_I2_O)        0.373     8.544 r  pwmmodulator/pwmmodule/fsm_ce/freq_trig_i_1__0/O
                         net (fo=33, routed)          1.104     9.648    pwmmodulator/pwmmodule/fsm_ce/freq_trig_i_1__0_n_0
    SLICE_X4Y1           FDRE                                         r  pwmmodulator/pwmmodule/fsm_ce/freq_cnt_s_reg[2]/R
  -------------------------------------------------------------------    -------------------

                         (clock clp_p rise edge)     10.000    10.000 r  
    M18                                               0.000    10.000 r  clk_p (IN)
                         net (fo=0)                   0.000    10.000    clk_p
    M18                  IBUF (Prop_ibuf_I_O)         0.805    10.805 r  clk_p_IBUF_inst/O
                         net (fo=1, routed)           1.868    12.673    clk_p_IBUF
    BUFGCTRL_X0Y0        BUFG (Prop_bufg_I_O)         0.091    12.764 r  clk_p_IBUF_BUFG_inst/O
                         net (fo=109, routed)         1.518    14.282    pwmmodulator/pwmmodule/fsm_ce/clk_p_IBUF_BUFG
    SLICE_X4Y1           FDRE                                         r  pwmmodulator/pwmmodule/fsm_ce/freq_cnt_s_reg[2]/C
                         clock pessimism              0.360    14.642    
                         clock uncertainty           -0.035    14.607    
    SLICE_X4Y1           FDRE (Setup_fdre_C_R)       -0.429    14.178    pwmmodulator/pwmmodule/fsm_ce/freq_cnt_s_reg[2]
  -------------------------------------------------------------------
                         required time                         14.178    
                         arrival time                          -9.648    
  -------------------------------------------------------------------
                         slack                                  4.530    

Slack (MET) :             4.530ns  (required time - arrival time)
  Source:                 pwmmodulator/pwmmodule/fsm_ce/freq_cnt_s_reg[3]/C
                            (rising edge-triggered cell FDRE clocked by clp_p  {rise@0.000ns fall@5.000ns period=10.000ns})
  Destination:            pwmmodulator/pwmmodule/fsm_ce/freq_cnt_s_reg[3]/R
                            (rising edge-triggered cell FDRE clocked by clp_p  {rise@0.000ns fall@5.000ns period=10.000ns})
  Path Group:             clp_p
  Path Type:              Setup (Max at Slow Process Corner)
  Requirement:            10.000ns  (clp_p rise@10.000ns - clp_p rise@0.000ns)
  Data Path Delay:        5.006ns  (logic 2.116ns (42.269%)  route 2.890ns (57.731%))
  Logic Levels:           7  (CARRY4=5 LUT2=1 LUT3=1)
  Clock Path Skew:        0.000ns (DCD - SCD + CPR)
    Destination Clock Delay (DCD):    4.282ns = ( 14.282 - 10.000 ) 
    Source Clock Delay      (SCD):    4.642ns
    Clock Pessimism Removal (CPR):    0.360ns
  Clock Uncertainty:      0.035ns  ((TSJ^2 + TIJ^2)^1/2 + DJ) / 2 + PE
    Total System Jitter     (TSJ):    0.071ns
    Total Input Jitter      (TIJ):    0.000ns
    Discrete Jitter          (DJ):    0.000ns
    Phase Error              (PE):    0.000ns

    Location             Delay type                Incr(ns)  Path(ns)    Netlist Resource(s)
  -------------------------------------------------------------------    -------------------
                         (clock clp_p rise edge)      0.000     0.000 r  
    M18                                               0.000     0.000 r  clk_p (IN)
                         net (fo=0)                   0.000     0.000    clk_p
    M18                  IBUF (Prop_ibuf_I_O)         0.938     0.938 r  clk_p_IBUF_inst/O
                         net (fo=1, routed)           1.972     2.910    clk_p_IBUF
    BUFGCTRL_X0Y0        BUFG (Prop_bufg_I_O)         0.096     3.006 r  clk_p_IBUF_BUFG_inst/O
                         net (fo=109, routed)         1.636     4.642    pwmmodulator/pwmmodule/fsm_ce/clk_p_IBUF_BUFG
    SLICE_X4Y1           FDRE                                         r  pwmmodulator/pwmmodule/fsm_ce/freq_cnt_s_reg[3]/C
  -------------------------------------------------------------------    -------------------
    SLICE_X4Y1           FDRE (Prop_fdre_C_Q)         0.456     5.098 r  pwmmodulator/pwmmodule/fsm_ce/freq_cnt_s_reg[3]/Q
                         net (fo=4, routed)           0.822     5.920    pwmmodulator/pwmmodule/fsm_ce/freq_cnt_s_reg[3]
    SLICE_X5Y2           LUT2 (Prop_lut2_I1_O)        0.124     6.044 r  pwmmodulator/pwmmodule/fsm_ce/freq_trig_i_35/O
                         net (fo=1, routed)           0.000     6.044    pwmmodulator/pwmmodule/fsm_ce/freq_trig_i_35_n_0
    SLICE_X5Y2           CARRY4 (Prop_carry4_S[1]_CO[3])
                                                      0.550     6.594 r  pwmmodulator/pwmmodule/fsm_ce/freq_trig_reg_i_23/CO[3]
                         net (fo=1, routed)           0.000     6.594    pwmmodulator/pwmmodule/fsm_ce/freq_trig_reg_i_23_n_0
    SLICE_X5Y3           CARRY4 (Prop_carry4_CI_CO[3])
                                                      0.114     6.708 r  pwmmodulator/pwmmodule/fsm_ce/freq_trig_reg_i_14/CO[3]
                         net (fo=1, routed)           0.000     6.708    pwmmodulator/pwmmodule/fsm_ce/freq_trig_reg_i_14_n_0
    SLICE_X5Y4           CARRY4 (Prop_carry4_CI_CO[3])
                                                      0.114     6.822 r  pwmmodulator/pwmmodule/fsm_ce/freq_trig_reg_i_5/CO[3]
                         net (fo=1, routed)           0.000     6.822    pwmmodulator/pwmmodule/fsm_ce/freq_trig_reg_i_5_n_0
    SLICE_X5Y5           CARRY4 (Prop_carry4_CI_CO[3])
                                                      0.114     6.936 r  pwmmodulator/pwmmodule/fsm_ce/freq_trig_reg_i_3__0/CO[3]
                         net (fo=1, routed)           0.000     6.936    pwmmodulator/pwmmodule/fsm_ce/freq_trig_reg_i_3__0_n_0
    SLICE_X5Y6           CARRY4 (Prop_carry4_CI_CO[0])
                                                      0.271     7.207 r  pwmmodulator/pwmmodule/fsm_ce/freq_trig_reg_i_2__0/CO[0]
                         net (fo=1, routed)           0.964     8.171    pwmmodulator/pwmmodule/fsm_ce/geqOp
    SLICE_X1Y5           LUT3 (Prop_lut3_I2_O)        0.373     8.544 r  pwmmodulator/pwmmodule/fsm_ce/freq_trig_i_1__0/O
                         net (fo=33, routed)          1.104     9.648    pwmmodulator/pwmmodule/fsm_ce/freq_trig_i_1__0_n_0
    SLICE_X4Y1           FDRE                                         r  pwmmodulator/pwmmodule/fsm_ce/freq_cnt_s_reg[3]/R
  -------------------------------------------------------------------    -------------------

                         (clock clp_p rise edge)     10.000    10.000 r  
    M18                                               0.000    10.000 r  clk_p (IN)
                         net (fo=0)                   0.000    10.000    clk_p
    M18                  IBUF (Prop_ibuf_I_O)         0.805    10.805 r  clk_p_IBUF_inst/O
                         net (fo=1, routed)           1.868    12.673    clk_p_IBUF
    BUFGCTRL_X0Y0        BUFG (Prop_bufg_I_O)         0.091    12.764 r  clk_p_IBUF_BUFG_inst/O
                         net (fo=109, routed)         1.518    14.282    pwmmodulator/pwmmodule/fsm_ce/clk_p_IBUF_BUFG
    SLICE_X4Y1           FDRE                                         r  pwmmodulator/pwmmodule/fsm_ce/freq_cnt_s_reg[3]/C
                         clock pessimism              0.360    14.642    
                         clock uncertainty           -0.035    14.607    
    SLICE_X4Y1           FDRE (Setup_fdre_C_R)       -0.429    14.178    pwmmodulator/pwmmodule/fsm_ce/freq_cnt_s_reg[3]
  -------------------------------------------------------------------
                         required time                         14.178    
                         arrival time                          -9.648    
  -------------------------------------------------------------------
                         slack                                  4.530    





Min Delay Paths
--------------------------------------------------------------------------------------
Slack (MET) :             0.103ns  (arrival time - required time)
  Source:                 pwmmodulator/sine/ampl_cnt_s_reg[6]/C
                            (rising edge-triggered cell FDRE clocked by clp_p  {rise@0.000ns fall@5.000ns period=10.000ns})
  Destination:            pwmmodulator/sine/sine_s_reg/ADDRARDADDR[10]
                            (rising edge-triggered cell RAMB18E1 clocked by clp_p  {rise@0.000ns fall@5.000ns period=10.000ns})
  Path Group:             clp_p
  Path Type:              Hold (Min at Fast Process Corner)
  Requirement:            0.000ns  (clp_p rise@0.000ns - clp_p rise@0.000ns)
  Data Path Delay:        0.345ns  (logic 0.141ns (40.892%)  route 0.204ns (59.108%))
  Logic Levels:           0  
  Clock Path Skew:        0.058ns (DCD - SCD - CPR)
    Destination Clock Delay (DCD):    1.952ns
    Source Clock Delay      (SCD):    1.393ns
    Clock Pessimism Removal (CPR):    0.500ns

    Location             Delay type                Incr(ns)  Path(ns)    Netlist Resource(s)
  -------------------------------------------------------------------    -------------------
                         (clock clp_p rise edge)      0.000     0.000 r  
    M18                                               0.000     0.000 r  clk_p (IN)
                         net (fo=0)                   0.000     0.000    clk_p
    M18                  IBUF (Prop_ibuf_I_O)         0.167     0.167 r  clk_p_IBUF_inst/O
                         net (fo=1, routed)           0.634     0.801    clk_p_IBUF
    BUFGCTRL_X0Y0        BUFG (Prop_bufg_I_O)         0.026     0.827 r  clk_p_IBUF_BUFG_inst/O
                         net (fo=109, routed)         0.566     1.393    pwmmodulator/sine/clk_p_IBUF_BUFG
    SLICE_X9Y3           FDRE                                         r  pwmmodulator/sine/ampl_cnt_s_reg[6]/C
  -------------------------------------------------------------------    -------------------
    SLICE_X9Y3           FDRE (Prop_fdre_C_Q)         0.141     1.534 r  pwmmodulator/sine/ampl_cnt_s_reg[6]/Q
                         net (fo=1, routed)           0.204     1.738    pwmmodulator/sine/ampl_cnt_s[6]
    RAMB18_X0Y0          RAMB18E1                                     r  pwmmodulator/sine/sine_s_reg/ADDRARDADDR[10]
  -------------------------------------------------------------------    -------------------

                         (clock clp_p rise edge)      0.000     0.000 r  
    M18                                               0.000     0.000 r  clk_p (IN)
                         net (fo=0)                   0.000     0.000    clk_p
    M18                  IBUF (Prop_ibuf_I_O)         0.356     0.356 r  clk_p_IBUF_inst/O
                         net (fo=1, routed)           0.689     1.044    clk_p_IBUF
    BUFGCTRL_X0Y0        BUFG (Prop_bufg_I_O)         0.029     1.073 r  clk_p_IBUF_BUFG_inst/O
                         net (fo=109, routed)         0.878     1.952    pwmmodulator/sine/clk_p_IBUF_BUFG
    RAMB18_X0Y0          RAMB18E1                                     r  pwmmodulator/sine/sine_s_reg/CLKARDCLK
                         clock pessimism             -0.500     1.451    
    RAMB18_X0Y0          RAMB18E1 (Hold_ramb18e1_CLKARDCLK_ADDRARDADDR[10])
                                                      0.183     1.634    pwmmodulator/sine/sine_s_reg
  -------------------------------------------------------------------
                         required time                         -1.634    
                         arrival time                           1.738    
  -------------------------------------------------------------------
                         slack                                  0.103    

Slack (MET) :             0.104ns  (arrival time - required time)
  Source:                 pwmmodulator/sine/ampl_cnt_s_reg[0]/C
                            (rising edge-triggered cell FDRE clocked by clp_p  {rise@0.000ns fall@5.000ns period=10.000ns})
  Destination:            pwmmodulator/sine/sine_s_reg/ADDRARDADDR[4]
                            (rising edge-triggered cell RAMB18E1 clocked by clp_p  {rise@0.000ns fall@5.000ns period=10.000ns})
  Path Group:             clp_p
  Path Type:              Hold (Min at Fast Process Corner)
  Requirement:            0.000ns  (clp_p rise@0.000ns - clp_p rise@0.000ns)
  Data Path Delay:        0.345ns  (logic 0.141ns (40.829%)  route 0.204ns (59.171%))
  Logic Levels:           0  
  Clock Path Skew:        0.058ns (DCD - SCD - CPR)
    Destination Clock Delay (DCD):    1.952ns
    Source Clock Delay      (SCD):    1.393ns
    Clock Pessimism Removal (CPR):    0.500ns

    Location             Delay type                Incr(ns)  Path(ns)    Netlist Resource(s)
  -------------------------------------------------------------------    -------------------
                         (clock clp_p rise edge)      0.000     0.000 r  
    M18                                               0.000     0.000 r  clk_p (IN)
                         net (fo=0)                   0.000     0.000    clk_p
    M18                  IBUF (Prop_ibuf_I_O)         0.167     0.167 r  clk_p_IBUF_inst/O
                         net (fo=1, routed)           0.634     0.801    clk_p_IBUF
    BUFGCTRL_X0Y0        BUFG (Prop_bufg_I_O)         0.026     0.827 r  clk_p_IBUF_BUFG_inst/O
                         net (fo=109, routed)         0.566     1.393    pwmmodulator/sine/clk_p_IBUF_BUFG
    SLICE_X9Y5           FDRE                                         r  pwmmodulator/sine/ampl_cnt_s_reg[0]/C
  -------------------------------------------------------------------    -------------------
    SLICE_X9Y5           FDRE (Prop_fdre_C_Q)         0.141     1.534 r  pwmmodulator/sine/ampl_cnt_s_reg[0]/Q
                         net (fo=1, routed)           0.204     1.738    pwmmodulator/sine/ampl_cnt_s[0]
    RAMB18_X0Y0          RAMB18E1                                     r  pwmmodulator/sine/sine_s_reg/ADDRARDADDR[4]
  -------------------------------------------------------------------    -------------------

                         (clock clp_p rise edge)      0.000     0.000 r  
    M18                                               0.000     0.000 r  clk_p (IN)
                         net (fo=0)                   0.000     0.000    clk_p
    M18                  IBUF (Prop_ibuf_I_O)         0.356     0.356 r  clk_p_IBUF_inst/O
                         net (fo=1, routed)           0.689     1.044    clk_p_IBUF
    BUFGCTRL_X0Y0        BUFG (Prop_bufg_I_O)         0.029     1.073 r  clk_p_IBUF_BUFG_inst/O
                         net (fo=109, routed)         0.878     1.952    pwmmodulator/sine/clk_p_IBUF_BUFG
    RAMB18_X0Y0          RAMB18E1                                     r  pwmmodulator/sine/sine_s_reg/CLKARDCLK
                         clock pessimism             -0.500     1.451    
    RAMB18_X0Y0          RAMB18E1 (Hold_ramb18e1_CLKARDCLK_ADDRARDADDR[4])
                                                      0.183     1.634    pwmmodulator/sine/sine_s_reg
  -------------------------------------------------------------------
                         required time                         -1.634    
                         arrival time                           1.738    
  -------------------------------------------------------------------
                         slack                                  0.104    

Slack (MET) :             0.104ns  (arrival time - required time)
  Source:                 pwmmodulator/sine/ampl_cnt_s_reg[3]/C
                            (rising edge-triggered cell FDRE clocked by clp_p  {rise@0.000ns fall@5.000ns period=10.000ns})
  Destination:            pwmmodulator/sine/sine_s_reg/ADDRARDADDR[7]
                            (rising edge-triggered cell RAMB18E1 clocked by clp_p  {rise@0.000ns fall@5.000ns period=10.000ns})
  Path Group:             clp_p
  Path Type:              Hold (Min at Fast Process Corner)
  Requirement:            0.000ns  (clp_p rise@0.000ns - clp_p rise@0.000ns)
  Data Path Delay:        0.345ns  (logic 0.141ns (40.826%)  route 0.204ns (59.174%))
  Logic Levels:           0  
  Clock Path Skew:        0.058ns (DCD - SCD - CPR)
    Destination Clock Delay (DCD):    1.952ns
    Source Clock Delay      (SCD):    1.393ns
    Clock Pessimism Removal (CPR):    0.500ns

    Location             Delay type                Incr(ns)  Path(ns)    Netlist Resource(s)
  -------------------------------------------------------------------    -------------------
                         (clock clp_p rise edge)      0.000     0.000 r  
    M18                                               0.000     0.000 r  clk_p (IN)
                         net (fo=0)                   0.000     0.000    clk_p
    M18                  IBUF (Prop_ibuf_I_O)         0.167     0.167 r  clk_p_IBUF_inst/O
                         net (fo=1, routed)           0.634     0.801    clk_p_IBUF
    BUFGCTRL_X0Y0        BUFG (Prop_bufg_I_O)         0.026     0.827 r  clk_p_IBUF_BUFG_inst/O
                         net (fo=109, routed)         0.566     1.393    pwmmodulator/sine/clk_p_IBUF_BUFG
    SLICE_X9Y3           FDRE                                         r  pwmmodulator/sine/ampl_cnt_s_reg[3]/C
  -------------------------------------------------------------------    -------------------
    SLICE_X9Y3           FDRE (Prop_fdre_C_Q)         0.141     1.534 r  pwmmodulator/sine/ampl_cnt_s_reg[3]/Q
                         net (fo=1, routed)           0.204     1.738    pwmmodulator/sine/ampl_cnt_s[3]
    RAMB18_X0Y0          RAMB18E1                                     r  pwmmodulator/sine/sine_s_reg/ADDRARDADDR[7]
  -------------------------------------------------------------------    -------------------

                         (clock clp_p rise edge)      0.000     0.000 r  
    M18                                               0.000     0.000 r  clk_p (IN)
                         net (fo=0)                   0.000     0.000    clk_p
    M18                  IBUF (Prop_ibuf_I_O)         0.356     0.356 r  clk_p_IBUF_inst/O
                         net (fo=1, routed)           0.689     1.044    clk_p_IBUF
    BUFGCTRL_X0Y0        BUFG (Prop_bufg_I_O)         0.029     1.073 r  clk_p_IBUF_BUFG_inst/O
                         net (fo=109, routed)         0.878     1.952    pwmmodulator/sine/clk_p_IBUF_BUFG
    RAMB18_X0Y0          RAMB18E1                                     r  pwmmodulator/sine/sine_s_reg/CLKARDCLK
                         clock pessimism             -0.500     1.451    
    RAMB18_X0Y0          RAMB18E1 (Hold_ramb18e1_CLKARDCLK_ADDRARDADDR[7])
                                                      0.183     1.634    pwmmodulator/sine/sine_s_reg
  -------------------------------------------------------------------
                         required time                         -1.634    
                         arrival time                           1.738    
  -------------------------------------------------------------------
                         slack                                  0.104    

Slack (MET) :             0.123ns  (arrival time - required time)
  Source:                 pwmmodulator/sine/ampl_cnt_s_reg[2]/C
                            (rising edge-triggered cell FDRE clocked by clp_p  {rise@0.000ns fall@5.000ns period=10.000ns})
  Destination:            pwmmodulator/sine/sine_s_reg/ADDRARDADDR[6]
                            (rising edge-triggered cell RAMB18E1 clocked by clp_p  {rise@0.000ns fall@5.000ns period=10.000ns})
  Path Group:             clp_p
  Path Type:              Hold (Min at Fast Process Corner)
  Requirement:            0.000ns  (clp_p rise@0.000ns - clp_p rise@0.000ns)
  Data Path Delay:        0.365ns  (logic 0.164ns (44.955%)  route 0.201ns (55.045%))
  Logic Levels:           0  
  Clock Path Skew:        0.058ns (DCD - SCD - CPR)
    Destination Clock Delay (DCD):    1.952ns
    Source Clock Delay      (SCD):    1.393ns
    Clock Pessimism Removal (CPR):    0.500ns

    Location             Delay type                Incr(ns)  Path(ns)    Netlist Resource(s)
  -------------------------------------------------------------------    -------------------
                         (clock clp_p rise edge)      0.000     0.000 r  
    M18                                               0.000     0.000 r  clk_p (IN)
                         net (fo=0)                   0.000     0.000    clk_p
    M18                  IBUF (Prop_ibuf_I_O)         0.167     0.167 r  clk_p_IBUF_inst/O
                         net (fo=1, routed)           0.634     0.801    clk_p_IBUF
    BUFGCTRL_X0Y0        BUFG (Prop_bufg_I_O)         0.026     0.827 r  clk_p_IBUF_BUFG_inst/O
                         net (fo=109, routed)         0.566     1.393    pwmmodulator/sine/clk_p_IBUF_BUFG
    SLICE_X8Y5           FDRE                                         r  pwmmodulator/sine/ampl_cnt_s_reg[2]/C
  -------------------------------------------------------------------    -------------------
    SLICE_X8Y5           FDRE (Prop_fdre_C_Q)         0.164     1.557 r  pwmmodulator/sine/ampl_cnt_s_reg[2]/Q
                         net (fo=1, routed)           0.201     1.758    pwmmodulator/sine/ampl_cnt_s[2]
    RAMB18_X0Y0          RAMB18E1                                     r  pwmmodulator/sine/sine_s_reg/ADDRARDADDR[6]
  -------------------------------------------------------------------    -------------------

                         (clock clp_p rise edge)      0.000     0.000 r  
    M18                                               0.000     0.000 r  clk_p (IN)
                         net (fo=0)                   0.000     0.000    clk_p
    M18                  IBUF (Prop_ibuf_I_O)         0.356     0.356 r  clk_p_IBUF_inst/O
                         net (fo=1, routed)           0.689     1.044    clk_p_IBUF
    BUFGCTRL_X0Y0        BUFG (Prop_bufg_I_O)         0.029     1.073 r  clk_p_IBUF_BUFG_inst/O
                         net (fo=109, routed)         0.878     1.952    pwmmodulator/sine/clk_p_IBUF_BUFG
    RAMB18_X0Y0          RAMB18E1                                     r  pwmmodulator/sine/sine_s_reg/CLKARDCLK
                         clock pessimism             -0.500     1.451    
    RAMB18_X0Y0          RAMB18E1 (Hold_ramb18e1_CLKARDCLK_ADDRARDADDR[6])
                                                      0.183     1.634    pwmmodulator/sine/sine_s_reg
  -------------------------------------------------------------------
                         required time                         -1.634    
                         arrival time                           1.758    
  -------------------------------------------------------------------
                         slack                                  0.123    

Slack (MET) :             0.125ns  (arrival time - required time)
  Source:                 pwmmodulator/sine/ampl_cnt_s_reg[4]/C
                            (rising edge-triggered cell FDRE clocked by clp_p  {rise@0.000ns fall@5.000ns period=10.000ns})
  Destination:            pwmmodulator/sine/sine_s_reg/ADDRARDADDR[8]
                            (rising edge-triggered cell RAMB18E1 clocked by clp_p  {rise@0.000ns fall@5.000ns period=10.000ns})
  Path Group:             clp_p
  Path Type:              Hold (Min at Fast Process Corner)
  Requirement:            0.000ns  (clp_p rise@0.000ns - clp_p rise@0.000ns)
  Data Path Delay:        0.366ns  (logic 0.164ns (44.763%)  route 0.202ns (55.237%))
  Logic Levels:           0  
  Clock Path Skew:        0.058ns (DCD - SCD - CPR)
    Destination Clock Delay (DCD):    1.952ns
    Source Clock Delay      (SCD):    1.393ns
    Clock Pessimism Removal (CPR):    0.500ns

    Location             Delay type                Incr(ns)  Path(ns)    Netlist Resource(s)
  -------------------------------------------------------------------    -------------------
                         (clock clp_p rise edge)      0.000     0.000 r  
    M18                                               0.000     0.000 r  clk_p (IN)
                         net (fo=0)                   0.000     0.000    clk_p
    M18                  IBUF (Prop_ibuf_I_O)         0.167     0.167 r  clk_p_IBUF_inst/O
                         net (fo=1, routed)           0.634     0.801    clk_p_IBUF
    BUFGCTRL_X0Y0        BUFG (Prop_bufg_I_O)         0.026     0.827 r  clk_p_IBUF_BUFG_inst/O
                         net (fo=109, routed)         0.566     1.393    pwmmodulator/sine/clk_p_IBUF_BUFG
    SLICE_X8Y5           FDRE                                         r  pwmmodulator/sine/ampl_cnt_s_reg[4]/C
  -------------------------------------------------------------------    -------------------
    SLICE_X8Y5           FDRE (Prop_fdre_C_Q)         0.164     1.557 r  pwmmodulator/sine/ampl_cnt_s_reg[4]/Q
                         net (fo=1, routed)           0.202     1.759    pwmmodulator/sine/ampl_cnt_s[4]
    RAMB18_X0Y0          RAMB18E1                                     r  pwmmodulator/sine/sine_s_reg/ADDRARDADDR[8]
  -------------------------------------------------------------------    -------------------

                         (clock clp_p rise edge)      0.000     0.000 r  
    M18                                               0.000     0.000 r  clk_p (IN)
                         net (fo=0)                   0.000     0.000    clk_p
    M18                  IBUF (Prop_ibuf_I_O)         0.356     0.356 r  clk_p_IBUF_inst/O
                         net (fo=1, routed)           0.689     1.044    clk_p_IBUF
    BUFGCTRL_X0Y0        BUFG (Prop_bufg_I_O)         0.029     1.073 r  clk_p_IBUF_BUFG_inst/O
                         net (fo=109, routed)         0.878     1.952    pwmmodulator/sine/clk_p_IBUF_BUFG
    RAMB18_X0Y0          RAMB18E1                                     r  pwmmodulator/sine/sine_s_reg/CLKARDCLK
                         clock pessimism             -0.500     1.451    
    RAMB18_X0Y0          RAMB18E1 (Hold_ramb18e1_CLKARDCLK_ADDRARDADDR[8])
                                                      0.183     1.634    pwmmodulator/sine/sine_s_reg
  -------------------------------------------------------------------
                         required time                         -1.634    
                         arrival time                           1.759    
  -------------------------------------------------------------------
                         slack                                  0.125    

Slack (MET) :             0.131ns  (arrival time - required time)
  Source:                 pwmmodulator/sine/ampl_cnt_s_reg[7]/C
                            (rising edge-triggered cell FDRE clocked by clp_p  {rise@0.000ns fall@5.000ns period=10.000ns})
  Destination:            pwmmodulator/sine/sine_s_reg/ADDRARDADDR[11]
                            (rising edge-triggered cell RAMB18E1 clocked by clp_p  {rise@0.000ns fall@5.000ns period=10.000ns})
  Path Group:             clp_p
  Path Type:              Hold (Min at Fast Process Corner)
  Requirement:            0.000ns  (clp_p rise@0.000ns - clp_p rise@0.000ns)
  Data Path Delay:        0.372ns  (logic 0.164ns (44.042%)  route 0.208ns (55.958%))
  Logic Levels:           0  
  Clock Path Skew:        0.058ns (DCD - SCD - CPR)
    Destination Clock Delay (DCD):    1.952ns
    Source Clock Delay      (SCD):    1.393ns
    Clock Pessimism Removal (CPR):    0.500ns

    Location             Delay type                Incr(ns)  Path(ns)    Netlist Resource(s)
  -------------------------------------------------------------------    -------------------
                         (clock clp_p rise edge)      0.000     0.000 r  
    M18                                               0.000     0.000 r  clk_p (IN)
                         net (fo=0)                   0.000     0.000    clk_p
    M18                  IBUF (Prop_ibuf_I_O)         0.167     0.167 r  clk_p_IBUF_inst/O
                         net (fo=1, routed)           0.634     0.801    clk_p_IBUF
    BUFGCTRL_X0Y0        BUFG (Prop_bufg_I_O)         0.026     0.827 r  clk_p_IBUF_BUFG_inst/O
                         net (fo=109, routed)         0.566     1.393    pwmmodulator/sine/clk_p_IBUF_BUFG
    SLICE_X8Y5           FDRE                                         r  pwmmodulator/sine/ampl_cnt_s_reg[7]/C
  -------------------------------------------------------------------    -------------------
    SLICE_X8Y5           FDRE (Prop_fdre_C_Q)         0.164     1.557 r  pwmmodulator/sine/ampl_cnt_s_reg[7]/Q
                         net (fo=1, routed)           0.208     1.765    pwmmodulator/sine/ampl_cnt_s[7]
    RAMB18_X0Y0          RAMB18E1                                     r  pwmmodulator/sine/sine_s_reg/ADDRARDADDR[11]
  -------------------------------------------------------------------    -------------------

                         (clock clp_p rise edge)      0.000     0.000 r  
    M18                                               0.000     0.000 r  clk_p (IN)
                         net (fo=0)                   0.000     0.000    clk_p
    M18                  IBUF (Prop_ibuf_I_O)         0.356     0.356 r  clk_p_IBUF_inst/O
                         net (fo=1, routed)           0.689     1.044    clk_p_IBUF
    BUFGCTRL_X0Y0        BUFG (Prop_bufg_I_O)         0.029     1.073 r  clk_p_IBUF_BUFG_inst/O
                         net (fo=109, routed)         0.878     1.952    pwmmodulator/sine/clk_p_IBUF_BUFG
    RAMB18_X0Y0          RAMB18E1                                     r  pwmmodulator/sine/sine_s_reg/CLKARDCLK
                         clock pessimism             -0.500     1.451    
    RAMB18_X0Y0          RAMB18E1 (Hold_ramb18e1_CLKARDCLK_ADDRARDADDR[11])
                                                      0.183     1.634    pwmmodulator/sine/sine_s_reg
  -------------------------------------------------------------------
                         required time                         -1.634    
                         arrival time                           1.765    
  -------------------------------------------------------------------
                         slack                                  0.131    

Slack (MET) :             0.162ns  (arrival time - required time)
  Source:                 pwmmodulator/sine/ampl_cnt_s_reg[1]/C
                            (rising edge-triggered cell FDRE clocked by clp_p  {rise@0.000ns fall@5.000ns period=10.000ns})
  Destination:            pwmmodulator/sine/sine_s_reg/ADDRARDADDR[5]
                            (rising edge-triggered cell RAMB18E1 clocked by clp_p  {rise@0.000ns fall@5.000ns period=10.000ns})
  Path Group:             clp_p
  Path Type:              Hold (Min at Fast Process Corner)
  Requirement:            0.000ns  (clp_p rise@0.000ns - clp_p rise@0.000ns)
  Data Path Delay:        0.403ns  (logic 0.141ns (34.967%)  route 0.262ns (65.033%))
  Logic Levels:           0  
  Clock Path Skew:        0.058ns (DCD - SCD - CPR)
    Destination Clock Delay (DCD):    1.952ns
    Source Clock Delay      (SCD):    1.393ns
    Clock Pessimism Removal (CPR):    0.500ns

    Location             Delay type                Incr(ns)  Path(ns)    Netlist Resource(s)
  -------------------------------------------------------------------    -------------------
                         (clock clp_p rise edge)      0.000     0.000 r  
    M18                                               0.000     0.000 r  clk_p (IN)
                         net (fo=0)                   0.000     0.000    clk_p
    M18                  IBUF (Prop_ibuf_I_O)         0.167     0.167 r  clk_p_IBUF_inst/O
                         net (fo=1, routed)           0.634     0.801    clk_p_IBUF
    BUFGCTRL_X0Y0        BUFG (Prop_bufg_I_O)         0.026     0.827 r  clk_p_IBUF_BUFG_inst/O
                         net (fo=109, routed)         0.566     1.393    pwmmodulator/sine/clk_p_IBUF_BUFG
    SLICE_X9Y5           FDRE                                         r  pwmmodulator/sine/ampl_cnt_s_reg[1]/C
  -------------------------------------------------------------------    -------------------
    SLICE_X9Y5           FDRE (Prop_fdre_C_Q)         0.141     1.534 r  pwmmodulator/sine/ampl_cnt_s_reg[1]/Q
                         net (fo=1, routed)           0.262     1.796    pwmmodulator/sine/ampl_cnt_s[1]
    RAMB18_X0Y0          RAMB18E1                                     r  pwmmodulator/sine/sine_s_reg/ADDRARDADDR[5]
  -------------------------------------------------------------------    -------------------

                         (clock clp_p rise edge)      0.000     0.000 r  
    M18                                               0.000     0.000 r  clk_p (IN)
                         net (fo=0)                   0.000     0.000    clk_p
    M18                  IBUF (Prop_ibuf_I_O)         0.356     0.356 r  clk_p_IBUF_inst/O
                         net (fo=1, routed)           0.689     1.044    clk_p_IBUF
    BUFGCTRL_X0Y0        BUFG (Prop_bufg_I_O)         0.029     1.073 r  clk_p_IBUF_BUFG_inst/O
                         net (fo=109, routed)         0.878     1.952    pwmmodulator/sine/clk_p_IBUF_BUFG
    RAMB18_X0Y0          RAMB18E1                                     r  pwmmodulator/sine/sine_s_reg/CLKARDCLK
                         clock pessimism             -0.500     1.451    
    RAMB18_X0Y0          RAMB18E1 (Hold_ramb18e1_CLKARDCLK_ADDRARDADDR[5])
                                                      0.183     1.634    pwmmodulator/sine/sine_s_reg
  -------------------------------------------------------------------
                         required time                         -1.634    
                         arrival time                           1.796    
  -------------------------------------------------------------------
                         slack                                  0.162    

Slack (MET) :             0.179ns  (arrival time - required time)
  Source:                 pwmmodulator/sine/ampl_cnt_s_reg[5]/C
                            (rising edge-triggered cell FDRE clocked by clp_p  {rise@0.000ns fall@5.000ns period=10.000ns})
  Destination:            pwmmodulator/sine/sine_s_reg/ADDRARDADDR[9]
                            (rising edge-triggered cell RAMB18E1 clocked by clp_p  {rise@0.000ns fall@5.000ns period=10.000ns})
  Path Group:             clp_p
  Path Type:              Hold (Min at Fast Process Corner)
  Requirement:            0.000ns  (clp_p rise@0.000ns - clp_p rise@0.000ns)
  Data Path Delay:        0.420ns  (logic 0.164ns (39.025%)  route 0.256ns (60.975%))
  Logic Levels:           0  
  Clock Path Skew:        0.058ns (DCD - SCD - CPR)
    Destination Clock Delay (DCD):    1.952ns
    Source Clock Delay      (SCD):    1.393ns
    Clock Pessimism Removal (CPR):    0.500ns

    Location             Delay type                Incr(ns)  Path(ns)    Netlist Resource(s)
  -------------------------------------------------------------------    -------------------
                         (clock clp_p rise edge)      0.000     0.000 r  
    M18                                               0.000     0.000 r  clk_p (IN)
                         net (fo=0)                   0.000     0.000    clk_p
    M18                  IBUF (Prop_ibuf_I_O)         0.167     0.167 r  clk_p_IBUF_inst/O
                         net (fo=1, routed)           0.634     0.801    clk_p_IBUF
    BUFGCTRL_X0Y0        BUFG (Prop_bufg_I_O)         0.026     0.827 r  clk_p_IBUF_BUFG_inst/O
                         net (fo=109, routed)         0.566     1.393    pwmmodulator/sine/clk_p_IBUF_BUFG
    SLICE_X8Y5           FDRE                                         r  pwmmodulator/sine/ampl_cnt_s_reg[5]/C
  -------------------------------------------------------------------    -------------------
    SLICE_X8Y5           FDRE (Prop_fdre_C_Q)         0.164     1.557 r  pwmmodulator/sine/ampl_cnt_s_reg[5]/Q
                         net (fo=1, routed)           0.256     1.813    pwmmodulator/sine/ampl_cnt_s[5]
    RAMB18_X0Y0          RAMB18E1                                     r  pwmmodulator/sine/sine_s_reg/ADDRARDADDR[9]
  -------------------------------------------------------------------    -------------------

                         (clock clp_p rise edge)      0.000     0.000 r  
    M18                                               0.000     0.000 r  clk_p (IN)
                         net (fo=0)                   0.000     0.000    clk_p
    M18                  IBUF (Prop_ibuf_I_O)         0.356     0.356 r  clk_p_IBUF_inst/O
                         net (fo=1, routed)           0.689     1.044    clk_p_IBUF
    BUFGCTRL_X0Y0        BUFG (Prop_bufg_I_O)         0.029     1.073 r  clk_p_IBUF_BUFG_inst/O
                         net (fo=109, routed)         0.878     1.952    pwmmodulator/sine/clk_p_IBUF_BUFG
    RAMB18_X0Y0          RAMB18E1                                     r  pwmmodulator/sine/sine_s_reg/CLKARDCLK
                         clock pessimism             -0.500     1.451    
    RAMB18_X0Y0          RAMB18E1 (Hold_ramb18e1_CLKARDCLK_ADDRARDADDR[9])
                                                      0.183     1.634    pwmmodulator/sine/sine_s_reg
  -------------------------------------------------------------------
                         required time                         -1.634    
                         arrival time                           1.813    
  -------------------------------------------------------------------
                         slack                                  0.179    

Slack (MET) :             0.211ns  (arrival time - required time)
  Source:                 pwmmodulator/counterampl/cnt_out_s_reg[6]/C
                            (rising edge-triggered cell FDRE clocked by clp_p  {rise@0.000ns fall@5.000ns period=10.000ns})
  Destination:            pwmmodulator/sine/ampl_cnt_s_reg[6]/D
                            (rising edge-triggered cell FDRE clocked by clp_p  {rise@0.000ns fall@5.000ns period=10.000ns})
  Path Group:             clp_p
  Path Type:              Hold (Min at Fast Process Corner)
  Requirement:            0.000ns  (clp_p rise@0.000ns - clp_p rise@0.000ns)
  Data Path Delay:        0.293ns  (logic 0.141ns (48.076%)  route 0.152ns (51.924%))
  Logic Levels:           0  
  Clock Path Skew:        0.016ns (DCD - SCD - CPR)
    Destination Clock Delay (DCD):    1.909ns
    Source Clock Delay      (SCD):    1.393ns
    Clock Pessimism Removal (CPR):    0.500ns

    Location             Delay type                Incr(ns)  Path(ns)    Netlist Resource(s)
  -------------------------------------------------------------------    -------------------
                         (clock clp_p rise edge)      0.000     0.000 r  
    M18                                               0.000     0.000 r  clk_p (IN)
                         net (fo=0)                   0.000     0.000    clk_p
    M18                  IBUF (Prop_ibuf_I_O)         0.167     0.167 r  clk_p_IBUF_inst/O
                         net (fo=1, routed)           0.634     0.801    clk_p_IBUF
    BUFGCTRL_X0Y0        BUFG (Prop_bufg_I_O)         0.026     0.827 r  clk_p_IBUF_BUFG_inst/O
                         net (fo=109, routed)         0.566     1.393    pwmmodulator/counterampl/clk_p_IBUF_BUFG
    SLICE_X9Y4           FDRE                                         r  pwmmodulator/counterampl/cnt_out_s_reg[6]/C
  -------------------------------------------------------------------    -------------------
    SLICE_X9Y4           FDRE (Prop_fdre_C_Q)         0.141     1.534 r  pwmmodulator/counterampl/cnt_out_s_reg[6]/Q
                         net (fo=7, routed)           0.152     1.686    pwmmodulator/sine/D[6]
    SLICE_X9Y3           FDRE                                         r  pwmmodulator/sine/ampl_cnt_s_reg[6]/D
  -------------------------------------------------------------------    -------------------

                         (clock clp_p rise edge)      0.000     0.000 r  
    M18                                               0.000     0.000 r  clk_p (IN)
                         net (fo=0)                   0.000     0.000    clk_p
    M18                  IBUF (Prop_ibuf_I_O)         0.356     0.356 r  clk_p_IBUF_inst/O
                         net (fo=1, routed)           0.689     1.044    clk_p_IBUF
    BUFGCTRL_X0Y0        BUFG (Prop_bufg_I_O)         0.029     1.073 r  clk_p_IBUF_BUFG_inst/O
                         net (fo=109, routed)         0.836     1.909    pwmmodulator/sine/clk_p_IBUF_BUFG
    SLICE_X9Y3           FDRE                                         r  pwmmodulator/sine/ampl_cnt_s_reg[6]/C
                         clock pessimism             -0.500     1.409    
    SLICE_X9Y3           FDRE (Hold_fdre_C_D)         0.066     1.475    pwmmodulator/sine/ampl_cnt_s_reg[6]
  -------------------------------------------------------------------
                         required time                         -1.475    
                         arrival time                           1.686    
  -------------------------------------------------------------------
                         slack                                  0.211    

Slack (MET) :             0.212ns  (arrival time - required time)
  Source:                 pwmmodulator/counterampl/cnt_out_s_reg[4]/C
                            (rising edge-triggered cell FDRE clocked by clp_p  {rise@0.000ns fall@5.000ns period=10.000ns})
  Destination:            pwmmodulator/counterampl/cnt_out_s_reg[5]/D
                            (rising edge-triggered cell FDRE clocked by clp_p  {rise@0.000ns fall@5.000ns period=10.000ns})
  Path Group:             clp_p
  Path Type:              Hold (Min at Fast Process Corner)
  Requirement:            0.000ns  (clp_p rise@0.000ns - clp_p rise@0.000ns)
  Data Path Delay:        0.333ns  (logic 0.246ns (73.853%)  route 0.087ns (26.147%))
  Logic Levels:           1  (LUT6=1)
  Clock Path Skew:        0.000ns (DCD - SCD - CPR)
    Destination Clock Delay (DCD):    1.909ns
    Source Clock Delay      (SCD):    1.393ns
    Clock Pessimism Removal (CPR):    0.516ns

    Location             Delay type                Incr(ns)  Path(ns)    Netlist Resource(s)
  -------------------------------------------------------------------    -------------------
                         (clock clp_p rise edge)      0.000     0.000 r  
    M18                                               0.000     0.000 r  clk_p (IN)
                         net (fo=0)                   0.000     0.000    clk_p
    M18                  IBUF (Prop_ibuf_I_O)         0.167     0.167 r  clk_p_IBUF_inst/O
                         net (fo=1, routed)           0.634     0.801    clk_p_IBUF
    BUFGCTRL_X0Y0        BUFG (Prop_bufg_I_O)         0.026     0.827 r  clk_p_IBUF_BUFG_inst/O
                         net (fo=109, routed)         0.566     1.393    pwmmodulator/counterampl/clk_p_IBUF_BUFG
    SLICE_X8Y4           FDRE                                         r  pwmmodulator/counterampl/cnt_out_s_reg[4]/C
  -------------------------------------------------------------------    -------------------
    SLICE_X8Y4           FDRE (Prop_fdre_C_Q)         0.148     1.541 r  pwmmodulator/counterampl/cnt_out_s_reg[4]/Q
                         net (fo=4, routed)           0.087     1.628    pwmmodulator/counterampl/Q[4]
    SLICE_X8Y4           LUT6 (Prop_lut6_I0_O)        0.098     1.726 r  pwmmodulator/counterampl/cnt_out_s[5]_i_2/O
                         net (fo=1, routed)           0.000     1.726    pwmmodulator/counterampl/plusOp[5]
    SLICE_X8Y4           FDRE                                         r  pwmmodulator/counterampl/cnt_out_s_reg[5]/D
  -------------------------------------------------------------------    -------------------

                         (clock clp_p rise edge)      0.000     0.000 r  
    M18                                               0.000     0.000 r  clk_p (IN)
                         net (fo=0)                   0.000     0.000    clk_p
    M18                  IBUF (Prop_ibuf_I_O)         0.356     0.356 r  clk_p_IBUF_inst/O
                         net (fo=1, routed)           0.689     1.044    clk_p_IBUF
    BUFGCTRL_X0Y0        BUFG (Prop_bufg_I_O)         0.029     1.073 r  clk_p_IBUF_BUFG_inst/O
                         net (fo=109, routed)         0.836     1.909    pwmmodulator/counterampl/clk_p_IBUF_BUFG
    SLICE_X8Y4           FDRE                                         r  pwmmodulator/counterampl/cnt_out_s_reg[5]/C
                         clock pessimism             -0.516     1.393    
    SLICE_X8Y4           FDRE (Hold_fdre_C_D)         0.121     1.514    pwmmodulator/counterampl/cnt_out_s_reg[5]
  -------------------------------------------------------------------
                         required time                         -1.514    
                         arrival time                           1.726    
  -------------------------------------------------------------------
                         slack                                  0.212    





Pulse Width Checks
--------------------------------------------------------------------------------------
Clock Name:         clp_p
Waveform(ns):       { 0.000 5.000 }
Period(ns):         10.000
Sources:            { clk_p }

Check Type        Corner  Lib Pin             Reference Pin  Required(ns)  Actual(ns)  Slack(ns)  Location       Pin
Min Period        n/a     RAMB18E1/CLKARDCLK  n/a            2.576         10.000      7.424      RAMB18_X0Y0    pwmmodulator/sine/sine_s_reg/CLKARDCLK
Min Period        n/a     BUFG/I              n/a            2.155         10.000      7.845      BUFGCTRL_X0Y0  clk_p_IBUF_BUFG_inst/I
Min Period        n/a     FDRE/C              n/a            1.000         10.000      9.000      SLICE_X8Y3     pwmmodulator/counterampl/cnt_out_s_reg[0]/C
Min Period        n/a     FDRE/C              n/a            1.000         10.000      9.000      SLICE_X8Y3     pwmmodulator/counterampl/cnt_out_s_reg[1]/C
Min Period        n/a     FDRE/C              n/a            1.000         10.000      9.000      SLICE_X8Y3     pwmmodulator/counterampl/cnt_out_s_reg[2]/C
Min Period        n/a     FDRE/C              n/a            1.000         10.000      9.000      SLICE_X8Y4     pwmmodulator/counterampl/cnt_out_s_reg[3]/C
Min Period        n/a     FDRE/C              n/a            1.000         10.000      9.000      SLICE_X8Y4     pwmmodulator/counterampl/cnt_out_s_reg[4]/C
Min Period        n/a     FDRE/C              n/a            1.000         10.000      9.000      SLICE_X8Y4     pwmmodulator/counterampl/cnt_out_s_reg[5]/C
Min Period        n/a     FDRE/C              n/a            1.000         10.000      9.000      SLICE_X9Y4     pwmmodulator/counterampl/cnt_out_s_reg[6]/C
Min Period        n/a     FDRE/C              n/a            1.000         10.000      9.000      SLICE_X9Y4     pwmmodulator/counterampl/cnt_out_s_reg[7]/C
Low Pulse Width   Slow    FDRE/C              n/a            0.500         5.000       4.500      SLICE_X8Y3     pwmmodulator/counterampl/cnt_out_s_reg[0]/C
Low Pulse Width   Fast    FDRE/C              n/a            0.500         5.000       4.500      SLICE_X8Y3     pwmmodulator/counterampl/cnt_out_s_reg[0]/C
Low Pulse Width   Slow    FDRE/C              n/a            0.500         5.000       4.500      SLICE_X8Y3     pwmmodulator/counterampl/cnt_out_s_reg[1]/C
Low Pulse Width   Fast    FDRE/C              n/a            0.500         5.000       4.500      SLICE_X8Y3     pwmmodulator/counterampl/cnt_out_s_reg[1]/C
Low Pulse Width   Slow    FDRE/C              n/a            0.500         5.000       4.500      SLICE_X8Y3     pwmmodulator/counterampl/cnt_out_s_reg[2]/C
Low Pulse Width   Fast    FDRE/C              n/a            0.500         5.000       4.500      SLICE_X8Y3     pwmmodulator/counterampl/cnt_out_s_reg[2]/C
Low Pulse Width   Slow    FDRE/C              n/a            0.500         5.000       4.500      SLICE_X8Y4     pwmmodulator/counterampl/cnt_out_s_reg[3]/C
Low Pulse Width   Fast    FDRE/C              n/a            0.500         5.000       4.500      SLICE_X8Y4     pwmmodulator/counterampl/cnt_out_s_reg[3]/C
Low Pulse Width   Slow    FDRE/C              n/a            0.500         5.000       4.500      SLICE_X8Y4     pwmmodulator/counterampl/cnt_out_s_reg[4]/C
Low Pulse Width   Fast    FDRE/C              n/a            0.500         5.000       4.500      SLICE_X8Y4     pwmmodulator/counterampl/cnt_out_s_reg[4]/C
High Pulse Width  Slow    FDRE/C              n/a            0.500         5.000       4.500      SLICE_X8Y3     pwmmodulator/counterampl/cnt_out_s_reg[0]/C
High Pulse Width  Fast    FDRE/C              n/a            0.500         5.000       4.500      SLICE_X8Y3     pwmmodulator/counterampl/cnt_out_s_reg[0]/C
High Pulse Width  Slow    FDRE/C              n/a            0.500         5.000       4.500      SLICE_X8Y3     pwmmodulator/counterampl/cnt_out_s_reg[1]/C
High Pulse Width  Fast    FDRE/C              n/a            0.500         5.000       4.500      SLICE_X8Y3     pwmmodulator/counterampl/cnt_out_s_reg[1]/C
High Pulse Width  Slow    FDRE/C              n/a            0.500         5.000       4.500      SLICE_X8Y3     pwmmodulator/counterampl/cnt_out_s_reg[2]/C
High Pulse Width  Fast    FDRE/C              n/a            0.500         5.000       4.500      SLICE_X8Y3     pwmmodulator/counterampl/cnt_out_s_reg[2]/C
High Pulse Width  Slow    FDRE/C              n/a            0.500         5.000       4.500      SLICE_X8Y4     pwmmodulator/counterampl/cnt_out_s_reg[3]/C
High Pulse Width  Fast    FDRE/C              n/a            0.500         5.000       4.500      SLICE_X8Y4     pwmmodulator/counterampl/cnt_out_s_reg[3]/C
High Pulse Width  Slow    FDRE/C              n/a            0.500         5.000       4.500      SLICE_X8Y4     pwmmodulator/counterampl/cnt_out_s_reg[4]/C
High Pulse Width  Fast    FDRE/C              n/a            0.500         5.000       4.500      SLICE_X8Y4     pwmmodulator/counterampl/cnt_out_s_reg[4]/C



--------------------------------------------------------------------------------------
Path Group:  (none)
From Clock:  clp_p
  To Clock:  

Max Delay             1 Endpoint
Min Delay             1 Endpoint
--------------------------------------------------------------------------------------


Max Delay Paths
--------------------------------------------------------------------------------------
Slack:                    inf
  Source:                 pwmmodulator/pwmmodule/FSM_sequential_state_reg[0]/C
                            (rising edge-triggered cell FDRE clocked by clp_p  {rise@0.000ns fall@5.000ns period=10.000ns})
  Destination:            pwm_out
                            (output port)
  Path Group:             (none)
  Path Type:              Max at Slow Process Corner
  Data Path Delay:        4.766ns  (logic 3.055ns (64.100%)  route 1.711ns (35.900%))
  Logic Levels:           1  (OBUF=1)
  Clock Uncertainty:      0.025ns  ((TSJ^2 + TIJ^2)^1/2 + DJ) / 2 + PE
    Total System Jitter     (TSJ):    0.050ns
    Total Input Jitter      (TIJ):    0.000ns
    Discrete Jitter          (DJ):    0.000ns
    Phase Error              (PE):    0.000ns

    Location             Delay type                Incr(ns)  Path(ns)    Netlist Resource(s)
  -------------------------------------------------------------------    -------------------
                         (clock clp_p rise edge)      0.000     0.000 r  
    M18                                               0.000     0.000 r  clk_p (IN)
                         net (fo=0)                   0.000     0.000    clk_p
    M18                  IBUF (Prop_ibuf_I_O)         0.938     0.938 r  clk_p_IBUF_inst/O
                         net (fo=1, routed)           1.972     2.910    clk_p_IBUF
    BUFGCTRL_X0Y0        BUFG (Prop_bufg_I_O)         0.096     3.006 r  clk_p_IBUF_BUFG_inst/O
                         net (fo=109, routed)         1.636     4.642    pwmmodulator/pwmmodule/clk_p_IBUF_BUFG
    SLICE_X7Y1           FDRE                                         r  pwmmodulator/pwmmodule/FSM_sequential_state_reg[0]/C
  -------------------------------------------------------------------    -------------------
    SLICE_X7Y1           FDRE (Prop_fdre_C_Q)         0.456     5.098 r  pwmmodulator/pwmmodule/FSM_sequential_state_reg[0]/Q
                         net (fo=11, routed)          1.711     6.809    pwm_out_OBUF
    U14                  OBUF (Prop_obuf_I_O)         2.599     9.408 r  pwm_out_OBUF_inst/O
                         net (fo=0)                   0.000     9.408    pwm_out
    U14                                                               r  pwm_out (OUT)
  -------------------------------------------------------------------    -------------------





Min Delay Paths
--------------------------------------------------------------------------------------
Slack:                    inf
  Source:                 pwmmodulator/pwmmodule/FSM_sequential_state_reg[0]/C
                            (rising edge-triggered cell FDRE clocked by clp_p  {rise@0.000ns fall@5.000ns period=10.000ns})
  Destination:            pwm_out
                            (output port)
  Path Group:             (none)
  Path Type:              Min at Fast Process Corner
  Data Path Delay:        1.605ns  (logic 1.257ns (78.316%)  route 0.348ns (21.684%))
  Logic Levels:           1  (OBUF=1)
  Clock Uncertainty:      0.025ns  ((TSJ^2 + TIJ^2)^1/2 + DJ) / 2 + PE
    Total System Jitter     (TSJ):    0.050ns
    Total Input Jitter      (TIJ):    0.000ns
    Discrete Jitter          (DJ):    0.000ns
    Phase Error              (PE):    0.000ns

    Location             Delay type                Incr(ns)  Path(ns)    Netlist Resource(s)
  -------------------------------------------------------------------    -------------------
                         (clock clp_p rise edge)      0.000     0.000 r  
    M18                                               0.000     0.000 r  clk_p (IN)
                         net (fo=0)                   0.000     0.000    clk_p
    M18                  IBUF (Prop_ibuf_I_O)         0.167     0.167 r  clk_p_IBUF_inst/O
                         net (fo=1, routed)           0.634     0.801    clk_p_IBUF
    BUFGCTRL_X0Y0        BUFG (Prop_bufg_I_O)         0.026     0.827 r  clk_p_IBUF_BUFG_inst/O
                         net (fo=109, routed)         0.594     1.421    pwmmodulator/pwmmodule/clk_p_IBUF_BUFG
    SLICE_X7Y1           FDRE                                         r  pwmmodulator/pwmmodule/FSM_sequential_state_reg[0]/C
  -------------------------------------------------------------------    -------------------
    SLICE_X7Y1           FDRE (Prop_fdre_C_Q)         0.141     1.562 r  pwmmodulator/pwmmodule/FSM_sequential_state_reg[0]/Q
                         net (fo=11, routed)          0.348     1.910    pwm_out_OBUF
    U14                  OBUF (Prop_obuf_I_O)         1.116     3.026 r  pwm_out_OBUF_inst/O
                         net (fo=0)                   0.000     3.026    pwm_out
    U14                                                               r  pwm_out (OUT)
  -------------------------------------------------------------------    -------------------





--------------------------------------------------------------------------------------
Path Group:  (none)
From Clock:  
  To Clock:  clp_p

Max Delay            66 Endpoints
Min Delay            66 Endpoints
--------------------------------------------------------------------------------------


Max Delay Paths
--------------------------------------------------------------------------------------
Slack:                    inf
  Source:                 sw0
                            (input port)
  Destination:            pwmmodulator/pwmmodule/fsm_ce/freq_cnt_s_reg[4]/R
                            (rising edge-triggered cell FDRE clocked by clp_p  {rise@0.000ns fall@5.000ns period=10.000ns})
  Path Group:             (none)
  Path Type:              Setup (Max at Slow Process Corner)
  Data Path Delay:        3.618ns  (logic 1.055ns (29.154%)  route 2.563ns (70.846%))
  Logic Levels:           2  (IBUF=1 LUT3=1)
  Clock Path Skew:        4.282ns (DCD - SCD + CPR)
    Destination Clock Delay (DCD):    4.282ns
    Source Clock Delay      (SCD):    0.000ns
    Clock Pessimism Removal (CPR):    0.000ns
  Clock Uncertainty:      0.025ns  ((TSJ^2 + TIJ^2)^1/2 + DJ) / 2 + PE
    Total System Jitter     (TSJ):    0.050ns
    Total Input Jitter      (TIJ):    0.000ns
    Discrete Jitter          (DJ):    0.000ns
    Phase Error              (PE):    0.000ns

    Location             Delay type                Incr(ns)  Path(ns)    Netlist Resource(s)
  -------------------------------------------------------------------    -------------------
    V14                                               0.000     0.000 r  sw0 (IN)
                         net (fo=0)                   0.000     0.000    sw0
    V14                  IBUF (Prop_ibuf_I_O)         0.931     0.931 r  sw0_IBUF_inst/O
                         net (fo=2, routed)           1.169     2.100    pwmmodulator/pwmmodule/fsm_ce/sw0_IBUF
    SLICE_X1Y5           LUT3 (Prop_lut3_I1_O)        0.124     2.224 r  pwmmodulator/pwmmodule/fsm_ce/freq_trig_i_1__0/O
                         net (fo=33, routed)          1.394     3.618    pwmmodulator/pwmmodule/fsm_ce/freq_trig_i_1__0_n_0
    SLICE_X4Y2           FDRE                                         r  pwmmodulator/pwmmodule/fsm_ce/freq_cnt_s_reg[4]/R
  -------------------------------------------------------------------    -------------------

                         (clock clp_p rise edge)      0.000     0.000 r  
    M18                                               0.000     0.000 r  clk_p (IN)
                         net (fo=0)                   0.000     0.000    clk_p
    M18                  IBUF (Prop_ibuf_I_O)         0.805     0.805 r  clk_p_IBUF_inst/O
                         net (fo=1, routed)           1.868     2.673    clk_p_IBUF
    BUFGCTRL_X0Y0        BUFG (Prop_bufg_I_O)         0.091     2.764 r  clk_p_IBUF_BUFG_inst/O
                         net (fo=109, routed)         1.518     4.282    pwmmodulator/pwmmodule/fsm_ce/clk_p_IBUF_BUFG
    SLICE_X4Y2           FDRE                                         r  pwmmodulator/pwmmodule/fsm_ce/freq_cnt_s_reg[4]/C

Slack:                    inf
  Source:                 sw0
                            (input port)
  Destination:            pwmmodulator/pwmmodule/fsm_ce/freq_cnt_s_reg[5]/R
                            (rising edge-triggered cell FDRE clocked by clp_p  {rise@0.000ns fall@5.000ns period=10.000ns})
  Path Group:             (none)
  Path Type:              Setup (Max at Slow Process Corner)
  Data Path Delay:        3.618ns  (logic 1.055ns (29.154%)  route 2.563ns (70.846%))
  Logic Levels:           2  (IBUF=1 LUT3=1)
  Clock Path Skew:        4.282ns (DCD - SCD + CPR)
    Destination Clock Delay (DCD):    4.282ns
    Source Clock Delay      (SCD):    0.000ns
    Clock Pessimism Removal (CPR):    0.000ns
  Clock Uncertainty:      0.025ns  ((TSJ^2 + TIJ^2)^1/2 + DJ) / 2 + PE
    Total System Jitter     (TSJ):    0.050ns
    Total Input Jitter      (TIJ):    0.000ns
    Discrete Jitter          (DJ):    0.000ns
    Phase Error              (PE):    0.000ns

    Location             Delay type                Incr(ns)  Path(ns)    Netlist Resource(s)
  -------------------------------------------------------------------    -------------------
    V14                                               0.000     0.000 r  sw0 (IN)
                         net (fo=0)                   0.000     0.000    sw0
    V14                  IBUF (Prop_ibuf_I_O)         0.931     0.931 r  sw0_IBUF_inst/O
                         net (fo=2, routed)           1.169     2.100    pwmmodulator/pwmmodule/fsm_ce/sw0_IBUF
    SLICE_X1Y5           LUT3 (Prop_lut3_I1_O)        0.124     2.224 r  pwmmodulator/pwmmodule/fsm_ce/freq_trig_i_1__0/O
                         net (fo=33, routed)          1.394     3.618    pwmmodulator/pwmmodule/fsm_ce/freq_trig_i_1__0_n_0
    SLICE_X4Y2           FDRE                                         r  pwmmodulator/pwmmodule/fsm_ce/freq_cnt_s_reg[5]/R
  -------------------------------------------------------------------    -------------------

                         (clock clp_p rise edge)      0.000     0.000 r  
    M18                                               0.000     0.000 r  clk_p (IN)
                         net (fo=0)                   0.000     0.000    clk_p
    M18                  IBUF (Prop_ibuf_I_O)         0.805     0.805 r  clk_p_IBUF_inst/O
                         net (fo=1, routed)           1.868     2.673    clk_p_IBUF
    BUFGCTRL_X0Y0        BUFG (Prop_bufg_I_O)         0.091     2.764 r  clk_p_IBUF_BUFG_inst/O
                         net (fo=109, routed)         1.518     4.282    pwmmodulator/pwmmodule/fsm_ce/clk_p_IBUF_BUFG
    SLICE_X4Y2           FDRE                                         r  pwmmodulator/pwmmodule/fsm_ce/freq_cnt_s_reg[5]/C

Slack:                    inf
  Source:                 sw0
                            (input port)
  Destination:            pwmmodulator/pwmmodule/fsm_ce/freq_cnt_s_reg[6]/R
                            (rising edge-triggered cell FDRE clocked by clp_p  {rise@0.000ns fall@5.000ns period=10.000ns})
  Path Group:             (none)
  Path Type:              Setup (Max at Slow Process Corner)
  Data Path Delay:        3.618ns  (logic 1.055ns (29.154%)  route 2.563ns (70.846%))
  Logic Levels:           2  (IBUF=1 LUT3=1)
  Clock Path Skew:        4.282ns (DCD - SCD + CPR)
    Destination Clock Delay (DCD):    4.282ns
    Source Clock Delay      (SCD):    0.000ns
    Clock Pessimism Removal (CPR):    0.000ns
  Clock Uncertainty:      0.025ns  ((TSJ^2 + TIJ^2)^1/2 + DJ) / 2 + PE
    Total System Jitter     (TSJ):    0.050ns
    Total Input Jitter      (TIJ):    0.000ns
    Discrete Jitter          (DJ):    0.000ns
    Phase Error              (PE):    0.000ns

    Location             Delay type                Incr(ns)  Path(ns)    Netlist Resource(s)
  -------------------------------------------------------------------    -------------------
    V14                                               0.000     0.000 r  sw0 (IN)
                         net (fo=0)                   0.000     0.000    sw0
    V14                  IBUF (Prop_ibuf_I_O)         0.931     0.931 r  sw0_IBUF_inst/O
                         net (fo=2, routed)           1.169     2.100    pwmmodulator/pwmmodule/fsm_ce/sw0_IBUF
    SLICE_X1Y5           LUT3 (Prop_lut3_I1_O)        0.124     2.224 r  pwmmodulator/pwmmodule/fsm_ce/freq_trig_i_1__0/O
                         net (fo=33, routed)          1.394     3.618    pwmmodulator/pwmmodule/fsm_ce/freq_trig_i_1__0_n_0
    SLICE_X4Y2           FDRE                                         r  pwmmodulator/pwmmodule/fsm_ce/freq_cnt_s_reg[6]/R
  -------------------------------------------------------------------    -------------------

                         (clock clp_p rise edge)      0.000     0.000 r  
    M18                                               0.000     0.000 r  clk_p (IN)
                         net (fo=0)                   0.000     0.000    clk_p
    M18                  IBUF (Prop_ibuf_I_O)         0.805     0.805 r  clk_p_IBUF_inst/O
                         net (fo=1, routed)           1.868     2.673    clk_p_IBUF
    BUFGCTRL_X0Y0        BUFG (Prop_bufg_I_O)         0.091     2.764 r  clk_p_IBUF_BUFG_inst/O
                         net (fo=109, routed)         1.518     4.282    pwmmodulator/pwmmodule/fsm_ce/clk_p_IBUF_BUFG
    SLICE_X4Y2           FDRE                                         r  pwmmodulator/pwmmodule/fsm_ce/freq_cnt_s_reg[6]/C

Slack:                    inf
  Source:                 sw0
                            (input port)
  Destination:            pwmmodulator/pwmmodule/fsm_ce/freq_cnt_s_reg[7]/R
                            (rising edge-triggered cell FDRE clocked by clp_p  {rise@0.000ns fall@5.000ns period=10.000ns})
  Path Group:             (none)
  Path Type:              Setup (Max at Slow Process Corner)
  Data Path Delay:        3.618ns  (logic 1.055ns (29.154%)  route 2.563ns (70.846%))
  Logic Levels:           2  (IBUF=1 LUT3=1)
  Clock Path Skew:        4.282ns (DCD - SCD + CPR)
    Destination Clock Delay (DCD):    4.282ns
    Source Clock Delay      (SCD):    0.000ns
    Clock Pessimism Removal (CPR):    0.000ns
  Clock Uncertainty:      0.025ns  ((TSJ^2 + TIJ^2)^1/2 + DJ) / 2 + PE
    Total System Jitter     (TSJ):    0.050ns
    Total Input Jitter      (TIJ):    0.000ns
    Discrete Jitter          (DJ):    0.000ns
    Phase Error              (PE):    0.000ns

    Location             Delay type                Incr(ns)  Path(ns)    Netlist Resource(s)
  -------------------------------------------------------------------    -------------------
    V14                                               0.000     0.000 r  sw0 (IN)
                         net (fo=0)                   0.000     0.000    sw0
    V14                  IBUF (Prop_ibuf_I_O)         0.931     0.931 r  sw0_IBUF_inst/O
                         net (fo=2, routed)           1.169     2.100    pwmmodulator/pwmmodule/fsm_ce/sw0_IBUF
    SLICE_X1Y5           LUT3 (Prop_lut3_I1_O)        0.124     2.224 r  pwmmodulator/pwmmodule/fsm_ce/freq_trig_i_1__0/O
                         net (fo=33, routed)          1.394     3.618    pwmmodulator/pwmmodule/fsm_ce/freq_trig_i_1__0_n_0
    SLICE_X4Y2           FDRE                                         r  pwmmodulator/pwmmodule/fsm_ce/freq_cnt_s_reg[7]/R
  -------------------------------------------------------------------    -------------------

                         (clock clp_p rise edge)      0.000     0.000 r  
    M18                                               0.000     0.000 r  clk_p (IN)
                         net (fo=0)                   0.000     0.000    clk_p
    M18                  IBUF (Prop_ibuf_I_O)         0.805     0.805 r  clk_p_IBUF_inst/O
                         net (fo=1, routed)           1.868     2.673    clk_p_IBUF
    BUFGCTRL_X0Y0        BUFG (Prop_bufg_I_O)         0.091     2.764 r  clk_p_IBUF_BUFG_inst/O
                         net (fo=109, routed)         1.518     4.282    pwmmodulator/pwmmodule/fsm_ce/clk_p_IBUF_BUFG
    SLICE_X4Y2           FDRE                                         r  pwmmodulator/pwmmodule/fsm_ce/freq_cnt_s_reg[7]/C

Slack:                    inf
  Source:                 sw0
                            (input port)
  Destination:            pwmmodulator/pwmmodule/fsm_ce/freq_cnt_s_reg[0]/R
                            (rising edge-triggered cell FDRE clocked by clp_p  {rise@0.000ns fall@5.000ns period=10.000ns})
  Path Group:             (none)
  Path Type:              Setup (Max at Slow Process Corner)
  Data Path Delay:        3.328ns  (logic 1.055ns (31.699%)  route 2.273ns (68.301%))
  Logic Levels:           2  (IBUF=1 LUT3=1)
  Clock Path Skew:        4.282ns (DCD - SCD + CPR)
    Destination Clock Delay (DCD):    4.282ns
    Source Clock Delay      (SCD):    0.000ns
    Clock Pessimism Removal (CPR):    0.000ns
  Clock Uncertainty:      0.025ns  ((TSJ^2 + TIJ^2)^1/2 + DJ) / 2 + PE
    Total System Jitter     (TSJ):    0.050ns
    Total Input Jitter      (TIJ):    0.000ns
    Discrete Jitter          (DJ):    0.000ns
    Phase Error              (PE):    0.000ns

    Location             Delay type                Incr(ns)  Path(ns)    Netlist Resource(s)
  -------------------------------------------------------------------    -------------------
    V14                                               0.000     0.000 r  sw0 (IN)
                         net (fo=0)                   0.000     0.000    sw0
    V14                  IBUF (Prop_ibuf_I_O)         0.931     0.931 r  sw0_IBUF_inst/O
                         net (fo=2, routed)           1.169     2.100    pwmmodulator/pwmmodule/fsm_ce/sw0_IBUF
    SLICE_X1Y5           LUT3 (Prop_lut3_I1_O)        0.124     2.224 r  pwmmodulator/pwmmodule/fsm_ce/freq_trig_i_1__0/O
                         net (fo=33, routed)          1.104     3.328    pwmmodulator/pwmmodule/fsm_ce/freq_trig_i_1__0_n_0
    SLICE_X4Y1           FDRE                                         r  pwmmodulator/pwmmodule/fsm_ce/freq_cnt_s_reg[0]/R
  -------------------------------------------------------------------    -------------------

                         (clock clp_p rise edge)      0.000     0.000 r  
    M18                                               0.000     0.000 r  clk_p (IN)
                         net (fo=0)                   0.000     0.000    clk_p
    M18                  IBUF (Prop_ibuf_I_O)         0.805     0.805 r  clk_p_IBUF_inst/O
                         net (fo=1, routed)           1.868     2.673    clk_p_IBUF
    BUFGCTRL_X0Y0        BUFG (Prop_bufg_I_O)         0.091     2.764 r  clk_p_IBUF_BUFG_inst/O
                         net (fo=109, routed)         1.518     4.282    pwmmodulator/pwmmodule/fsm_ce/clk_p_IBUF_BUFG
    SLICE_X4Y1           FDRE                                         r  pwmmodulator/pwmmodule/fsm_ce/freq_cnt_s_reg[0]/C

Slack:                    inf
  Source:                 sw0
                            (input port)
  Destination:            pwmmodulator/pwmmodule/fsm_ce/freq_cnt_s_reg[1]/R
                            (rising edge-triggered cell FDRE clocked by clp_p  {rise@0.000ns fall@5.000ns period=10.000ns})
  Path Group:             (none)
  Path Type:              Setup (Max at Slow Process Corner)
  Data Path Delay:        3.328ns  (logic 1.055ns (31.699%)  route 2.273ns (68.301%))
  Logic Levels:           2  (IBUF=1 LUT3=1)
  Clock Path Skew:        4.282ns (DCD - SCD + CPR)
    Destination Clock Delay (DCD):    4.282ns
    Source Clock Delay      (SCD):    0.000ns
    Clock Pessimism Removal (CPR):    0.000ns
  Clock Uncertainty:      0.025ns  ((TSJ^2 + TIJ^2)^1/2 + DJ) / 2 + PE
    Total System Jitter     (TSJ):    0.050ns
    Total Input Jitter      (TIJ):    0.000ns
    Discrete Jitter          (DJ):    0.000ns
    Phase Error              (PE):    0.000ns

    Location             Delay type                Incr(ns)  Path(ns)    Netlist Resource(s)
  -------------------------------------------------------------------    -------------------
    V14                                               0.000     0.000 r  sw0 (IN)
                         net (fo=0)                   0.000     0.000    sw0
    V14                  IBUF (Prop_ibuf_I_O)         0.931     0.931 r  sw0_IBUF_inst/O
                         net (fo=2, routed)           1.169     2.100    pwmmodulator/pwmmodule/fsm_ce/sw0_IBUF
    SLICE_X1Y5           LUT3 (Prop_lut3_I1_O)        0.124     2.224 r  pwmmodulator/pwmmodule/fsm_ce/freq_trig_i_1__0/O
                         net (fo=33, routed)          1.104     3.328    pwmmodulator/pwmmodule/fsm_ce/freq_trig_i_1__0_n_0
    SLICE_X4Y1           FDRE                                         r  pwmmodulator/pwmmodule/fsm_ce/freq_cnt_s_reg[1]/R
  -------------------------------------------------------------------    -------------------

                         (clock clp_p rise edge)      0.000     0.000 r  
    M18                                               0.000     0.000 r  clk_p (IN)
                         net (fo=0)                   0.000     0.000    clk_p
    M18                  IBUF (Prop_ibuf_I_O)         0.805     0.805 r  clk_p_IBUF_inst/O
                         net (fo=1, routed)           1.868     2.673    clk_p_IBUF
    BUFGCTRL_X0Y0        BUFG (Prop_bufg_I_O)         0.091     2.764 r  clk_p_IBUF_BUFG_inst/O
                         net (fo=109, routed)         1.518     4.282    pwmmodulator/pwmmodule/fsm_ce/clk_p_IBUF_BUFG
    SLICE_X4Y1           FDRE                                         r  pwmmodulator/pwmmodule/fsm_ce/freq_cnt_s_reg[1]/C

Slack:                    inf
  Source:                 sw0
                            (input port)
  Destination:            pwmmodulator/pwmmodule/fsm_ce/freq_cnt_s_reg[2]/R
                            (rising edge-triggered cell FDRE clocked by clp_p  {rise@0.000ns fall@5.000ns period=10.000ns})
  Path Group:             (none)
  Path Type:              Setup (Max at Slow Process Corner)
  Data Path Delay:        3.328ns  (logic 1.055ns (31.699%)  route 2.273ns (68.301%))
  Logic Levels:           2  (IBUF=1 LUT3=1)
  Clock Path Skew:        4.282ns (DCD - SCD + CPR)
    Destination Clock Delay (DCD):    4.282ns
    Source Clock Delay      (SCD):    0.000ns
    Clock Pessimism Removal (CPR):    0.000ns
  Clock Uncertainty:      0.025ns  ((TSJ^2 + TIJ^2)^1/2 + DJ) / 2 + PE
    Total System Jitter     (TSJ):    0.050ns
    Total Input Jitter      (TIJ):    0.000ns
    Discrete Jitter          (DJ):    0.000ns
    Phase Error              (PE):    0.000ns

    Location             Delay type                Incr(ns)  Path(ns)    Netlist Resource(s)
  -------------------------------------------------------------------    -------------------
    V14                                               0.000     0.000 r  sw0 (IN)
                         net (fo=0)                   0.000     0.000    sw0
    V14                  IBUF (Prop_ibuf_I_O)         0.931     0.931 r  sw0_IBUF_inst/O
                         net (fo=2, routed)           1.169     2.100    pwmmodulator/pwmmodule/fsm_ce/sw0_IBUF
    SLICE_X1Y5           LUT3 (Prop_lut3_I1_O)        0.124     2.224 r  pwmmodulator/pwmmodule/fsm_ce/freq_trig_i_1__0/O
                         net (fo=33, routed)          1.104     3.328    pwmmodulator/pwmmodule/fsm_ce/freq_trig_i_1__0_n_0
    SLICE_X4Y1           FDRE                                         r  pwmmodulator/pwmmodule/fsm_ce/freq_cnt_s_reg[2]/R
  -------------------------------------------------------------------    -------------------

                         (clock clp_p rise edge)      0.000     0.000 r  
    M18                                               0.000     0.000 r  clk_p (IN)
                         net (fo=0)                   0.000     0.000    clk_p
    M18                  IBUF (Prop_ibuf_I_O)         0.805     0.805 r  clk_p_IBUF_inst/O
                         net (fo=1, routed)           1.868     2.673    clk_p_IBUF
    BUFGCTRL_X0Y0        BUFG (Prop_bufg_I_O)         0.091     2.764 r  clk_p_IBUF_BUFG_inst/O
                         net (fo=109, routed)         1.518     4.282    pwmmodulator/pwmmodule/fsm_ce/clk_p_IBUF_BUFG
    SLICE_X4Y1           FDRE                                         r  pwmmodulator/pwmmodule/fsm_ce/freq_cnt_s_reg[2]/C

Slack:                    inf
  Source:                 sw0
                            (input port)
  Destination:            pwmmodulator/pwmmodule/fsm_ce/freq_cnt_s_reg[3]/R
                            (rising edge-triggered cell FDRE clocked by clp_p  {rise@0.000ns fall@5.000ns period=10.000ns})
  Path Group:             (none)
  Path Type:              Setup (Max at Slow Process Corner)
  Data Path Delay:        3.328ns  (logic 1.055ns (31.699%)  route 2.273ns (68.301%))
  Logic Levels:           2  (IBUF=1 LUT3=1)
  Clock Path Skew:        4.282ns (DCD - SCD + CPR)
    Destination Clock Delay (DCD):    4.282ns
    Source Clock Delay      (SCD):    0.000ns
    Clock Pessimism Removal (CPR):    0.000ns
  Clock Uncertainty:      0.025ns  ((TSJ^2 + TIJ^2)^1/2 + DJ) / 2 + PE
    Total System Jitter     (TSJ):    0.050ns
    Total Input Jitter      (TIJ):    0.000ns
    Discrete Jitter          (DJ):    0.000ns
    Phase Error              (PE):    0.000ns

    Location             Delay type                Incr(ns)  Path(ns)    Netlist Resource(s)
  -------------------------------------------------------------------    -------------------
    V14                                               0.000     0.000 r  sw0 (IN)
                         net (fo=0)                   0.000     0.000    sw0
    V14                  IBUF (Prop_ibuf_I_O)         0.931     0.931 r  sw0_IBUF_inst/O
                         net (fo=2, routed)           1.169     2.100    pwmmodulator/pwmmodule/fsm_ce/sw0_IBUF
    SLICE_X1Y5           LUT3 (Prop_lut3_I1_O)        0.124     2.224 r  pwmmodulator/pwmmodule/fsm_ce/freq_trig_i_1__0/O
                         net (fo=33, routed)          1.104     3.328    pwmmodulator/pwmmodule/fsm_ce/freq_trig_i_1__0_n_0
    SLICE_X4Y1           FDRE                                         r  pwmmodulator/pwmmodule/fsm_ce/freq_cnt_s_reg[3]/R
  -------------------------------------------------------------------    -------------------

                         (clock clp_p rise edge)      0.000     0.000 r  
    M18                                               0.000     0.000 r  clk_p (IN)
                         net (fo=0)                   0.000     0.000    clk_p
    M18                  IBUF (Prop_ibuf_I_O)         0.805     0.805 r  clk_p_IBUF_inst/O
                         net (fo=1, routed)           1.868     2.673    clk_p_IBUF
    BUFGCTRL_X0Y0        BUFG (Prop_bufg_I_O)         0.091     2.764 r  clk_p_IBUF_BUFG_inst/O
                         net (fo=109, routed)         1.518     4.282    pwmmodulator/pwmmodule/fsm_ce/clk_p_IBUF_BUFG
    SLICE_X4Y1           FDRE                                         r  pwmmodulator/pwmmodule/fsm_ce/freq_cnt_s_reg[3]/C

Slack:                    inf
  Source:                 sw0
                            (input port)
  Destination:            pwmmodulator/pwmmodule/fsm_ce/freq_trig_reg/D
                            (rising edge-triggered cell FDRE clocked by clp_p  {rise@0.000ns fall@5.000ns period=10.000ns})
  Path Group:             (none)
  Path Type:              Setup (Max at Slow Process Corner)
  Data Path Delay:        3.213ns  (logic 1.055ns (32.828%)  route 2.158ns (67.172%))
  Logic Levels:           2  (IBUF=1 LUT3=1)
  Clock Path Skew:        4.282ns (DCD - SCD + CPR)
    Destination Clock Delay (DCD):    4.282ns
    Source Clock Delay      (SCD):    0.000ns
    Clock Pessimism Removal (CPR):    0.000ns
  Clock Uncertainty:      0.025ns  ((TSJ^2 + TIJ^2)^1/2 + DJ) / 2 + PE
    Total System Jitter     (TSJ):    0.050ns
    Total Input Jitter      (TIJ):    0.000ns
    Discrete Jitter          (DJ):    0.000ns
    Phase Error              (PE):    0.000ns

    Location             Delay type                Incr(ns)  Path(ns)    Netlist Resource(s)
  -------------------------------------------------------------------    -------------------
    V14                                               0.000     0.000 r  sw0 (IN)
                         net (fo=0)                   0.000     0.000    sw0
    V14                  IBUF (Prop_ibuf_I_O)         0.931     0.931 r  sw0_IBUF_inst/O
                         net (fo=2, routed)           1.169     2.100    pwmmodulator/pwmmodule/fsm_ce/sw0_IBUF
    SLICE_X1Y5           LUT3 (Prop_lut3_I1_O)        0.124     2.224 r  pwmmodulator/pwmmodule/fsm_ce/freq_trig_i_1__0/O
                         net (fo=33, routed)          0.989     3.213    pwmmodulator/pwmmodule/fsm_ce/freq_trig_i_1__0_n_0
    SLICE_X5Y2           FDRE                                         r  pwmmodulator/pwmmodule/fsm_ce/freq_trig_reg/D
  -------------------------------------------------------------------    -------------------

                         (clock clp_p rise edge)      0.000     0.000 r  
    M18                                               0.000     0.000 r  clk_p (IN)
                         net (fo=0)                   0.000     0.000    clk_p
    M18                  IBUF (Prop_ibuf_I_O)         0.805     0.805 r  clk_p_IBUF_inst/O
                         net (fo=1, routed)           1.868     2.673    clk_p_IBUF
    BUFGCTRL_X0Y0        BUFG (Prop_bufg_I_O)         0.091     2.764 r  clk_p_IBUF_BUFG_inst/O
                         net (fo=109, routed)         1.518     4.282    pwmmodulator/pwmmodule/fsm_ce/clk_p_IBUF_BUFG
    SLICE_X5Y2           FDRE                                         r  pwmmodulator/pwmmodule/fsm_ce/freq_trig_reg/C

Slack:                    inf
  Source:                 sw0
                            (input port)
  Destination:            pwmmodulator/pwmmodule/fsm_ce/freq_cnt_s_reg[28]/R
                            (rising edge-triggered cell FDRE clocked by clp_p  {rise@0.000ns fall@5.000ns period=10.000ns})
  Path Group:             (none)
  Path Type:              Setup (Max at Slow Process Corner)
  Data Path Delay:        3.163ns  (logic 1.055ns (33.346%)  route 2.109ns (66.654%))
  Logic Levels:           2  (IBUF=1 LUT3=1)
  Clock Path Skew:        4.280ns (DCD - SCD + CPR)
    Destination Clock Delay (DCD):    4.280ns
    Source Clock Delay      (SCD):    0.000ns
    Clock Pessimism Removal (CPR):    0.000ns
  Clock Uncertainty:      0.025ns  ((TSJ^2 + TIJ^2)^1/2 + DJ) / 2 + PE
    Total System Jitter     (TSJ):    0.050ns
    Total Input Jitter      (TIJ):    0.000ns
    Discrete Jitter          (DJ):    0.000ns
    Phase Error              (PE):    0.000ns

    Location             Delay type                Incr(ns)  Path(ns)    Netlist Resource(s)
  -------------------------------------------------------------------    -------------------
    V14                                               0.000     0.000 r  sw0 (IN)
                         net (fo=0)                   0.000     0.000    sw0
    V14                  IBUF (Prop_ibuf_I_O)         0.931     0.931 r  sw0_IBUF_inst/O
                         net (fo=2, routed)           1.169     2.100    pwmmodulator/pwmmodule/fsm_ce/sw0_IBUF
    SLICE_X1Y5           LUT3 (Prop_lut3_I1_O)        0.124     2.224 r  pwmmodulator/pwmmodule/fsm_ce/freq_trig_i_1__0/O
                         net (fo=33, routed)          0.939     3.163    pwmmodulator/pwmmodule/fsm_ce/freq_trig_i_1__0_n_0
    SLICE_X4Y8           FDRE                                         r  pwmmodulator/pwmmodule/fsm_ce/freq_cnt_s_reg[28]/R
  -------------------------------------------------------------------    -------------------

                         (clock clp_p rise edge)      0.000     0.000 r  
    M18                                               0.000     0.000 r  clk_p (IN)
                         net (fo=0)                   0.000     0.000    clk_p
    M18                  IBUF (Prop_ibuf_I_O)         0.805     0.805 r  clk_p_IBUF_inst/O
                         net (fo=1, routed)           1.868     2.673    clk_p_IBUF
    BUFGCTRL_X0Y0        BUFG (Prop_bufg_I_O)         0.091     2.764 r  clk_p_IBUF_BUFG_inst/O
                         net (fo=109, routed)         1.516     4.280    pwmmodulator/pwmmodule/fsm_ce/clk_p_IBUF_BUFG
    SLICE_X4Y8           FDRE                                         r  pwmmodulator/pwmmodule/fsm_ce/freq_cnt_s_reg[28]/C





Min Delay Paths
--------------------------------------------------------------------------------------
Slack:                    inf
  Source:                 sw0
                            (input port)
  Destination:            pwmmodulator/pwmmodule/fsm_ce/freq_cnt_s_reg[16]/R
                            (rising edge-triggered cell FDRE clocked by clp_p  {rise@0.000ns fall@5.000ns period=10.000ns})
  Path Group:             (none)
  Path Type:              Hold (Min at Fast Process Corner)
  Data Path Delay:        0.849ns  (logic 0.205ns (24.164%)  route 0.644ns (75.836%))
  Logic Levels:           2  (IBUF=1 LUT3=1)
  Clock Path Skew:        1.937ns (DCD - SCD - CPR)
    Destination Clock Delay (DCD):    1.937ns
    Source Clock Delay      (SCD):    0.000ns
    Clock Pessimism Removal (CPR):    -0.000ns

    Location             Delay type                Incr(ns)  Path(ns)    Netlist Resource(s)
  -------------------------------------------------------------------    -------------------
    V14                                               0.000     0.000 r  sw0 (IN)
                         net (fo=0)                   0.000     0.000    sw0
    V14                  IBUF (Prop_ibuf_I_O)         0.160     0.160 r  sw0_IBUF_inst/O
                         net (fo=2, routed)           0.452     0.612    pwmmodulator/pwmmodule/fsm_ce/sw0_IBUF
    SLICE_X1Y5           LUT3 (Prop_lut3_I1_O)        0.045     0.657 r  pwmmodulator/pwmmodule/fsm_ce/freq_trig_i_1__0/O
                         net (fo=33, routed)          0.191     0.849    pwmmodulator/pwmmodule/fsm_ce/freq_trig_i_1__0_n_0
    SLICE_X4Y5           FDRE                                         r  pwmmodulator/pwmmodule/fsm_ce/freq_cnt_s_reg[16]/R
  -------------------------------------------------------------------    -------------------

                         (clock clp_p rise edge)      0.000     0.000 r  
    M18                                               0.000     0.000 r  clk_p (IN)
                         net (fo=0)                   0.000     0.000    clk_p
    M18                  IBUF (Prop_ibuf_I_O)         0.356     0.356 r  clk_p_IBUF_inst/O
                         net (fo=1, routed)           0.689     1.044    clk_p_IBUF
    BUFGCTRL_X0Y0        BUFG (Prop_bufg_I_O)         0.029     1.073 r  clk_p_IBUF_BUFG_inst/O
                         net (fo=109, routed)         0.864     1.937    pwmmodulator/pwmmodule/fsm_ce/clk_p_IBUF_BUFG
    SLICE_X4Y5           FDRE                                         r  pwmmodulator/pwmmodule/fsm_ce/freq_cnt_s_reg[16]/C

Slack:                    inf
  Source:                 sw0
                            (input port)
  Destination:            pwmmodulator/pwmmodule/fsm_ce/freq_cnt_s_reg[17]/R
                            (rising edge-triggered cell FDRE clocked by clp_p  {rise@0.000ns fall@5.000ns period=10.000ns})
  Path Group:             (none)
  Path Type:              Hold (Min at Fast Process Corner)
  Data Path Delay:        0.849ns  (logic 0.205ns (24.164%)  route 0.644ns (75.836%))
  Logic Levels:           2  (IBUF=1 LUT3=1)
  Clock Path Skew:        1.937ns (DCD - SCD - CPR)
    Destination Clock Delay (DCD):    1.937ns
    Source Clock Delay      (SCD):    0.000ns
    Clock Pessimism Removal (CPR):    -0.000ns

    Location             Delay type                Incr(ns)  Path(ns)    Netlist Resource(s)
  -------------------------------------------------------------------    -------------------
    V14                                               0.000     0.000 r  sw0 (IN)
                         net (fo=0)                   0.000     0.000    sw0
    V14                  IBUF (Prop_ibuf_I_O)         0.160     0.160 r  sw0_IBUF_inst/O
                         net (fo=2, routed)           0.452     0.612    pwmmodulator/pwmmodule/fsm_ce/sw0_IBUF
    SLICE_X1Y5           LUT3 (Prop_lut3_I1_O)        0.045     0.657 r  pwmmodulator/pwmmodule/fsm_ce/freq_trig_i_1__0/O
                         net (fo=33, routed)          0.191     0.849    pwmmodulator/pwmmodule/fsm_ce/freq_trig_i_1__0_n_0
    SLICE_X4Y5           FDRE                                         r  pwmmodulator/pwmmodule/fsm_ce/freq_cnt_s_reg[17]/R
  -------------------------------------------------------------------    -------------------

                         (clock clp_p rise edge)      0.000     0.000 r  
    M18                                               0.000     0.000 r  clk_p (IN)
                         net (fo=0)                   0.000     0.000    clk_p
    M18                  IBUF (Prop_ibuf_I_O)         0.356     0.356 r  clk_p_IBUF_inst/O
                         net (fo=1, routed)           0.689     1.044    clk_p_IBUF
    BUFGCTRL_X0Y0        BUFG (Prop_bufg_I_O)         0.029     1.073 r  clk_p_IBUF_BUFG_inst/O
                         net (fo=109, routed)         0.864     1.937    pwmmodulator/pwmmodule/fsm_ce/clk_p_IBUF_BUFG
    SLICE_X4Y5           FDRE                                         r  pwmmodulator/pwmmodule/fsm_ce/freq_cnt_s_reg[17]/C

Slack:                    inf
  Source:                 sw0
                            (input port)
  Destination:            pwmmodulator/pwmmodule/fsm_ce/freq_cnt_s_reg[18]/R
                            (rising edge-triggered cell FDRE clocked by clp_p  {rise@0.000ns fall@5.000ns period=10.000ns})
  Path Group:             (none)
  Path Type:              Hold (Min at Fast Process Corner)
  Data Path Delay:        0.849ns  (logic 0.205ns (24.164%)  route 0.644ns (75.836%))
  Logic Levels:           2  (IBUF=1 LUT3=1)
  Clock Path Skew:        1.937ns (DCD - SCD - CPR)
    Destination Clock Delay (DCD):    1.937ns
    Source Clock Delay      (SCD):    0.000ns
    Clock Pessimism Removal (CPR):    -0.000ns

    Location             Delay type                Incr(ns)  Path(ns)    Netlist Resource(s)
  -------------------------------------------------------------------    -------------------
    V14                                               0.000     0.000 r  sw0 (IN)
                         net (fo=0)                   0.000     0.000    sw0
    V14                  IBUF (Prop_ibuf_I_O)         0.160     0.160 r  sw0_IBUF_inst/O
                         net (fo=2, routed)           0.452     0.612    pwmmodulator/pwmmodule/fsm_ce/sw0_IBUF
    SLICE_X1Y5           LUT3 (Prop_lut3_I1_O)        0.045     0.657 r  pwmmodulator/pwmmodule/fsm_ce/freq_trig_i_1__0/O
                         net (fo=33, routed)          0.191     0.849    pwmmodulator/pwmmodule/fsm_ce/freq_trig_i_1__0_n_0
    SLICE_X4Y5           FDRE                                         r  pwmmodulator/pwmmodule/fsm_ce/freq_cnt_s_reg[18]/R
  -------------------------------------------------------------------    -------------------

                         (clock clp_p rise edge)      0.000     0.000 r  
    M18                                               0.000     0.000 r  clk_p (IN)
                         net (fo=0)                   0.000     0.000    clk_p
    M18                  IBUF (Prop_ibuf_I_O)         0.356     0.356 r  clk_p_IBUF_inst/O
                         net (fo=1, routed)           0.689     1.044    clk_p_IBUF
    BUFGCTRL_X0Y0        BUFG (Prop_bufg_I_O)         0.029     1.073 r  clk_p_IBUF_BUFG_inst/O
                         net (fo=109, routed)         0.864     1.937    pwmmodulator/pwmmodule/fsm_ce/clk_p_IBUF_BUFG
    SLICE_X4Y5           FDRE                                         r  pwmmodulator/pwmmodule/fsm_ce/freq_cnt_s_reg[18]/C

Slack:                    inf
  Source:                 sw0
                            (input port)
  Destination:            pwmmodulator/pwmmodule/fsm_ce/freq_cnt_s_reg[19]/R
                            (rising edge-triggered cell FDRE clocked by clp_p  {rise@0.000ns fall@5.000ns period=10.000ns})
  Path Group:             (none)
  Path Type:              Hold (Min at Fast Process Corner)
  Data Path Delay:        0.849ns  (logic 0.205ns (24.164%)  route 0.644ns (75.836%))
  Logic Levels:           2  (IBUF=1 LUT3=1)
  Clock Path Skew:        1.937ns (DCD - SCD - CPR)
    Destination Clock Delay (DCD):    1.937ns
    Source Clock Delay      (SCD):    0.000ns
    Clock Pessimism Removal (CPR):    -0.000ns

    Location             Delay type                Incr(ns)  Path(ns)    Netlist Resource(s)
  -------------------------------------------------------------------    -------------------
    V14                                               0.000     0.000 r  sw0 (IN)
                         net (fo=0)                   0.000     0.000    sw0
    V14                  IBUF (Prop_ibuf_I_O)         0.160     0.160 r  sw0_IBUF_inst/O
                         net (fo=2, routed)           0.452     0.612    pwmmodulator/pwmmodule/fsm_ce/sw0_IBUF
    SLICE_X1Y5           LUT3 (Prop_lut3_I1_O)        0.045     0.657 r  pwmmodulator/pwmmodule/fsm_ce/freq_trig_i_1__0/O
                         net (fo=33, routed)          0.191     0.849    pwmmodulator/pwmmodule/fsm_ce/freq_trig_i_1__0_n_0
    SLICE_X4Y5           FDRE                                         r  pwmmodulator/pwmmodule/fsm_ce/freq_cnt_s_reg[19]/R
  -------------------------------------------------------------------    -------------------

                         (clock clp_p rise edge)      0.000     0.000 r  
    M18                                               0.000     0.000 r  clk_p (IN)
                         net (fo=0)                   0.000     0.000    clk_p
    M18                  IBUF (Prop_ibuf_I_O)         0.356     0.356 r  clk_p_IBUF_inst/O
                         net (fo=1, routed)           0.689     1.044    clk_p_IBUF
    BUFGCTRL_X0Y0        BUFG (Prop_bufg_I_O)         0.029     1.073 r  clk_p_IBUF_BUFG_inst/O
                         net (fo=109, routed)         0.864     1.937    pwmmodulator/pwmmodule/fsm_ce/clk_p_IBUF_BUFG
    SLICE_X4Y5           FDRE                                         r  pwmmodulator/pwmmodule/fsm_ce/freq_cnt_s_reg[19]/C

Slack:                    inf
  Source:                 sw0
                            (input port)
  Destination:            pwmmodulator/freq_ce/freq_cnt_s_reg[28]/R
                            (rising edge-triggered cell FDRE clocked by clp_p  {rise@0.000ns fall@5.000ns period=10.000ns})
  Path Group:             (none)
  Path Type:              Hold (Min at Fast Process Corner)
  Data Path Delay:        0.855ns  (logic 0.208ns (24.328%)  route 0.647ns (75.672%))
  Logic Levels:           2  (IBUF=1 LUT3=1)
  Clock Path Skew:        1.938ns (DCD - SCD - CPR)
    Destination Clock Delay (DCD):    1.938ns
    Source Clock Delay      (SCD):    0.000ns
    Clock Pessimism Removal (CPR):    -0.000ns

    Location             Delay type                Incr(ns)  Path(ns)    Netlist Resource(s)
  -------------------------------------------------------------------    -------------------
    V14                                               0.000     0.000 r  sw0 (IN)
                         net (fo=0)                   0.000     0.000    sw0
    V14                  IBUF (Prop_ibuf_I_O)         0.160     0.160 r  sw0_IBUF_inst/O
                         net (fo=2, routed)           0.452     0.612    pwmmodulator/freq_ce/sw0_IBUF
    SLICE_X1Y5           LUT3 (Prop_lut3_I1_O)        0.048     0.660 r  pwmmodulator/freq_ce/freq_trig_i_1/O
                         net (fo=33, routed)          0.195     0.855    pwmmodulator/freq_ce/freq_trig_i_1_n_0
    SLICE_X2Y7           FDRE                                         r  pwmmodulator/freq_ce/freq_cnt_s_reg[28]/R
  -------------------------------------------------------------------    -------------------

                         (clock clp_p rise edge)      0.000     0.000 r  
    M18                                               0.000     0.000 r  clk_p (IN)
                         net (fo=0)                   0.000     0.000    clk_p
    M18                  IBUF (Prop_ibuf_I_O)         0.356     0.356 r  clk_p_IBUF_inst/O
                         net (fo=1, routed)           0.689     1.044    clk_p_IBUF
    BUFGCTRL_X0Y0        BUFG (Prop_bufg_I_O)         0.029     1.073 r  clk_p_IBUF_BUFG_inst/O
                         net (fo=109, routed)         0.865     1.938    pwmmodulator/freq_ce/clk_p_IBUF_BUFG
    SLICE_X2Y7           FDRE                                         r  pwmmodulator/freq_ce/freq_cnt_s_reg[28]/C

Slack:                    inf
  Source:                 sw0
                            (input port)
  Destination:            pwmmodulator/freq_ce/freq_cnt_s_reg[29]/R
                            (rising edge-triggered cell FDRE clocked by clp_p  {rise@0.000ns fall@5.000ns period=10.000ns})
  Path Group:             (none)
  Path Type:              Hold (Min at Fast Process Corner)
  Data Path Delay:        0.855ns  (logic 0.208ns (24.328%)  route 0.647ns (75.672%))
  Logic Levels:           2  (IBUF=1 LUT3=1)
  Clock Path Skew:        1.938ns (DCD - SCD - CPR)
    Destination Clock Delay (DCD):    1.938ns
    Source Clock Delay      (SCD):    0.000ns
    Clock Pessimism Removal (CPR):    -0.000ns

    Location             Delay type                Incr(ns)  Path(ns)    Netlist Resource(s)
  -------------------------------------------------------------------    -------------------
    V14                                               0.000     0.000 r  sw0 (IN)
                         net (fo=0)                   0.000     0.000    sw0
    V14                  IBUF (Prop_ibuf_I_O)         0.160     0.160 r  sw0_IBUF_inst/O
                         net (fo=2, routed)           0.452     0.612    pwmmodulator/freq_ce/sw0_IBUF
    SLICE_X1Y5           LUT3 (Prop_lut3_I1_O)        0.048     0.660 r  pwmmodulator/freq_ce/freq_trig_i_1/O
                         net (fo=33, routed)          0.195     0.855    pwmmodulator/freq_ce/freq_trig_i_1_n_0
    SLICE_X2Y7           FDRE                                         r  pwmmodulator/freq_ce/freq_cnt_s_reg[29]/R
  -------------------------------------------------------------------    -------------------

                         (clock clp_p rise edge)      0.000     0.000 r  
    M18                                               0.000     0.000 r  clk_p (IN)
                         net (fo=0)                   0.000     0.000    clk_p
    M18                  IBUF (Prop_ibuf_I_O)         0.356     0.356 r  clk_p_IBUF_inst/O
                         net (fo=1, routed)           0.689     1.044    clk_p_IBUF
    BUFGCTRL_X0Y0        BUFG (Prop_bufg_I_O)         0.029     1.073 r  clk_p_IBUF_BUFG_inst/O
                         net (fo=109, routed)         0.865     1.938    pwmmodulator/freq_ce/clk_p_IBUF_BUFG
    SLICE_X2Y7           FDRE                                         r  pwmmodulator/freq_ce/freq_cnt_s_reg[29]/C

Slack:                    inf
  Source:                 sw0
                            (input port)
  Destination:            pwmmodulator/freq_ce/freq_cnt_s_reg[30]/R
                            (rising edge-triggered cell FDRE clocked by clp_p  {rise@0.000ns fall@5.000ns period=10.000ns})
  Path Group:             (none)
  Path Type:              Hold (Min at Fast Process Corner)
  Data Path Delay:        0.855ns  (logic 0.208ns (24.328%)  route 0.647ns (75.672%))
  Logic Levels:           2  (IBUF=1 LUT3=1)
  Clock Path Skew:        1.938ns (DCD - SCD - CPR)
    Destination Clock Delay (DCD):    1.938ns
    Source Clock Delay      (SCD):    0.000ns
    Clock Pessimism Removal (CPR):    -0.000ns

    Location             Delay type                Incr(ns)  Path(ns)    Netlist Resource(s)
  -------------------------------------------------------------------    -------------------
    V14                                               0.000     0.000 r  sw0 (IN)
                         net (fo=0)                   0.000     0.000    sw0
    V14                  IBUF (Prop_ibuf_I_O)         0.160     0.160 r  sw0_IBUF_inst/O
                         net (fo=2, routed)           0.452     0.612    pwmmodulator/freq_ce/sw0_IBUF
    SLICE_X1Y5           LUT3 (Prop_lut3_I1_O)        0.048     0.660 r  pwmmodulator/freq_ce/freq_trig_i_1/O
                         net (fo=33, routed)          0.195     0.855    pwmmodulator/freq_ce/freq_trig_i_1_n_0
    SLICE_X2Y7           FDRE                                         r  pwmmodulator/freq_ce/freq_cnt_s_reg[30]/R
  -------------------------------------------------------------------    -------------------

                         (clock clp_p rise edge)      0.000     0.000 r  
    M18                                               0.000     0.000 r  clk_p (IN)
                         net (fo=0)                   0.000     0.000    clk_p
    M18                  IBUF (Prop_ibuf_I_O)         0.356     0.356 r  clk_p_IBUF_inst/O
                         net (fo=1, routed)           0.689     1.044    clk_p_IBUF
    BUFGCTRL_X0Y0        BUFG (Prop_bufg_I_O)         0.029     1.073 r  clk_p_IBUF_BUFG_inst/O
                         net (fo=109, routed)         0.865     1.938    pwmmodulator/freq_ce/clk_p_IBUF_BUFG
    SLICE_X2Y7           FDRE                                         r  pwmmodulator/freq_ce/freq_cnt_s_reg[30]/C

Slack:                    inf
  Source:                 sw0
                            (input port)
  Destination:            pwmmodulator/freq_ce/freq_cnt_s_reg[31]/R
                            (rising edge-triggered cell FDRE clocked by clp_p  {rise@0.000ns fall@5.000ns period=10.000ns})
  Path Group:             (none)
  Path Type:              Hold (Min at Fast Process Corner)
  Data Path Delay:        0.855ns  (logic 0.208ns (24.328%)  route 0.647ns (75.672%))
  Logic Levels:           2  (IBUF=1 LUT3=1)
  Clock Path Skew:        1.938ns (DCD - SCD - CPR)
    Destination Clock Delay (DCD):    1.938ns
    Source Clock Delay      (SCD):    0.000ns
    Clock Pessimism Removal (CPR):    -0.000ns

    Location             Delay type                Incr(ns)  Path(ns)    Netlist Resource(s)
  -------------------------------------------------------------------    -------------------
    V14                                               0.000     0.000 r  sw0 (IN)
                         net (fo=0)                   0.000     0.000    sw0
    V14                  IBUF (Prop_ibuf_I_O)         0.160     0.160 r  sw0_IBUF_inst/O
                         net (fo=2, routed)           0.452     0.612    pwmmodulator/freq_ce/sw0_IBUF
    SLICE_X1Y5           LUT3 (Prop_lut3_I1_O)        0.048     0.660 r  pwmmodulator/freq_ce/freq_trig_i_1/O
                         net (fo=33, routed)          0.195     0.855    pwmmodulator/freq_ce/freq_trig_i_1_n_0
    SLICE_X2Y7           FDRE                                         r  pwmmodulator/freq_ce/freq_cnt_s_reg[31]/R
  -------------------------------------------------------------------    -------------------

                         (clock clp_p rise edge)      0.000     0.000 r  
    M18                                               0.000     0.000 r  clk_p (IN)
                         net (fo=0)                   0.000     0.000    clk_p
    M18                  IBUF (Prop_ibuf_I_O)         0.356     0.356 r  clk_p_IBUF_inst/O
                         net (fo=1, routed)           0.689     1.044    clk_p_IBUF
    BUFGCTRL_X0Y0        BUFG (Prop_bufg_I_O)         0.029     1.073 r  clk_p_IBUF_BUFG_inst/O
                         net (fo=109, routed)         0.865     1.938    pwmmodulator/freq_ce/clk_p_IBUF_BUFG
    SLICE_X2Y7           FDRE                                         r  pwmmodulator/freq_ce/freq_cnt_s_reg[31]/C

Slack:                    inf
  Source:                 sw0
                            (input port)
  Destination:            pwmmodulator/freq_ce/freq_cnt_s_reg[20]/R
                            (rising edge-triggered cell FDRE clocked by clp_p  {rise@0.000ns fall@5.000ns period=10.000ns})
  Path Group:             (none)
  Path Type:              Hold (Min at Fast Process Corner)
  Data Path Delay:        0.884ns  (logic 0.208ns (23.528%)  route 0.676ns (76.472%))
  Logic Levels:           2  (IBUF=1 LUT3=1)
  Clock Path Skew:        1.939ns (DCD - SCD - CPR)
    Destination Clock Delay (DCD):    1.939ns
    Source Clock Delay      (SCD):    0.000ns
    Clock Pessimism Removal (CPR):    -0.000ns

    Location             Delay type                Incr(ns)  Path(ns)    Netlist Resource(s)
  -------------------------------------------------------------------    -------------------
    V14                                               0.000     0.000 r  sw0 (IN)
                         net (fo=0)                   0.000     0.000    sw0
    V14                  IBUF (Prop_ibuf_I_O)         0.160     0.160 r  sw0_IBUF_inst/O
                         net (fo=2, routed)           0.452     0.612    pwmmodulator/freq_ce/sw0_IBUF
    SLICE_X1Y5           LUT3 (Prop_lut3_I1_O)        0.048     0.660 r  pwmmodulator/freq_ce/freq_trig_i_1/O
                         net (fo=33, routed)          0.224     0.884    pwmmodulator/freq_ce/freq_trig_i_1_n_0
    SLICE_X2Y5           FDRE                                         r  pwmmodulator/freq_ce/freq_cnt_s_reg[20]/R
  -------------------------------------------------------------------    -------------------

                         (clock clp_p rise edge)      0.000     0.000 r  
    M18                                               0.000     0.000 r  clk_p (IN)
                         net (fo=0)                   0.000     0.000    clk_p
    M18                  IBUF (Prop_ibuf_I_O)         0.356     0.356 r  clk_p_IBUF_inst/O
                         net (fo=1, routed)           0.689     1.044    clk_p_IBUF
    BUFGCTRL_X0Y0        BUFG (Prop_bufg_I_O)         0.029     1.073 r  clk_p_IBUF_BUFG_inst/O
                         net (fo=109, routed)         0.866     1.939    pwmmodulator/freq_ce/clk_p_IBUF_BUFG
    SLICE_X2Y5           FDRE                                         r  pwmmodulator/freq_ce/freq_cnt_s_reg[20]/C

Slack:                    inf
  Source:                 sw0
                            (input port)
  Destination:            pwmmodulator/freq_ce/freq_cnt_s_reg[21]/R
                            (rising edge-triggered cell FDRE clocked by clp_p  {rise@0.000ns fall@5.000ns period=10.000ns})
  Path Group:             (none)
  Path Type:              Hold (Min at Fast Process Corner)
  Data Path Delay:        0.884ns  (logic 0.208ns (23.528%)  route 0.676ns (76.472%))
  Logic Levels:           2  (IBUF=1 LUT3=1)
  Clock Path Skew:        1.939ns (DCD - SCD - CPR)
    Destination Clock Delay (DCD):    1.939ns
    Source Clock Delay      (SCD):    0.000ns
    Clock Pessimism Removal (CPR):    -0.000ns

    Location             Delay type                Incr(ns)  Path(ns)    Netlist Resource(s)
  -------------------------------------------------------------------    -------------------
    V14                                               0.000     0.000 r  sw0 (IN)
                         net (fo=0)                   0.000     0.000    sw0
    V14                  IBUF (Prop_ibuf_I_O)         0.160     0.160 r  sw0_IBUF_inst/O
                         net (fo=2, routed)           0.452     0.612    pwmmodulator/freq_ce/sw0_IBUF
    SLICE_X1Y5           LUT3 (Prop_lut3_I1_O)        0.048     0.660 r  pwmmodulator/freq_ce/freq_trig_i_1/O
                         net (fo=33, routed)          0.224     0.884    pwmmodulator/freq_ce/freq_trig_i_1_n_0
    SLICE_X2Y5           FDRE                                         r  pwmmodulator/freq_ce/freq_cnt_s_reg[21]/R
  -------------------------------------------------------------------    -------------------

                         (clock clp_p rise edge)      0.000     0.000 r  
    M18                                               0.000     0.000 r  clk_p (IN)
                         net (fo=0)                   0.000     0.000    clk_p
    M18                  IBUF (Prop_ibuf_I_O)         0.356     0.356 r  clk_p_IBUF_inst/O
                         net (fo=1, routed)           0.689     1.044    clk_p_IBUF
    BUFGCTRL_X0Y0        BUFG (Prop_bufg_I_O)         0.029     1.073 r  clk_p_IBUF_BUFG_inst/O
                         net (fo=109, routed)         0.866     1.939    pwmmodulator/freq_ce/clk_p_IBUF_BUFG
    SLICE_X2Y5           FDRE                                         r  pwmmodulator/freq_ce/freq_cnt_s_reg[21]/C





