Copyright 1986-2022 Xilinx, Inc. All Rights Reserved. Copyright 2022-2025 Advanced Micro Devices, Inc. All Rights Reserved.
------------------------------------------------------------------------------------------------------------------------------------------------------------------------------------------------------------------------------------------------------
| Tool Version : Vivado v.2025.2 (win64) Build 6299465 Fri Nov 14 19:35:11 GMT 2025
| Date         : Sat Mar 21 21:03:21 2026
| Host         : Shipra running 64-bit major release  (build 9200)
| Command      : report_timing_summary -max_paths 10 -routable_nets -report_unconstrained -file top_lfsr_board_timing_summary_routed.rpt -pb top_lfsr_board_timing_summary_routed.pb -rpx top_lfsr_board_timing_summary_routed.rpx -warn_on_violation
| Design       : top_lfsr_board
| Device       : 7a35t-cpg236
| Speed File   : -1  PRODUCTION 1.23 2018-06-13
| Design State : Routed
------------------------------------------------------------------------------------------------------------------------------------------------------------------------------------------------------------------------------------------------------

Timing Summary Report

------------------------------------------------------------------------------------------------
| Timer Settings
| --------------
------------------------------------------------------------------------------------------------

  Enable Multi Corner Analysis               :  Yes
  Enable Pessimism Removal                   :  Yes
  Pessimism Removal Resolution               :  Nearest Common Node
  Enable Input Delay Default Clock           :  No
  Enable Preset / Clear Arcs                 :  No
  Disable Flight Delays                      :  No
  Ignore I/O Paths                           :  No
  Timing Early Launch at Borrowing Latches   :  No
  Borrow Time for Max Delay Exceptions       :  Yes
  Merge Timing Exceptions                    :  Yes
  Inter-SLR Compensation                     :  Conservative

  Corner  Analyze    Analyze    
  Name    Max Paths  Min Paths  
  ------  ---------  ---------  
  Slow    Yes        Yes        
  Fast    Yes        Yes        


------------------------------------------------------------------------------------------------
| Report Methodology
| ------------------
------------------------------------------------------------------------------------------------

Rule       Severity          Description                  Violations  
---------  ----------------  ---------------------------  ----------  
TIMING-17  Critical Warning  Non-clocked sequential cell  24          

Note: This report is based on the most recent report_methodology run and may not be up-to-date. Run report_methodology on the current design for the latest report.



check_timing report

Table of Contents
-----------------
1. checking no_clock (24)
2. checking constant_clock (0)
3. checking pulse_width_clock (0)
4. checking unconstrained_internal_endpoints (48)
5. checking no_input_delay (1)
6. checking no_output_delay (13)
7. checking multiple_clock (0)
8. checking generated_clocks (0)
9. checking loops (0)
10. checking partial_input_delay (0)
11. checking partial_output_delay (0)
12. checking latch_loops (0)

1. checking no_clock (24)
-------------------------
 There are 24 register/latch pins with no clock driven by root clock pin: clk_div/clk_reg/Q (HIGH)


2. checking constant_clock (0)
------------------------------
 There are 0 register/latch pins with constant_clock.


3. checking pulse_width_clock (0)
---------------------------------
 There are 0 register/latch pins which need pulse_width check


4. checking unconstrained_internal_endpoints (48)
-------------------------------------------------
 There are 48 pins that are not constrained for maximum delay. (HIGH)

 There are 0 pins that are not constrained for maximum delay due to constant clock.


5. checking no_input_delay (1)
------------------------------
 There is 1 input port with no input delay specified. (HIGH)

 There are 0 input ports with no input delay but user has a false path constraint.


6. checking no_output_delay (13)
--------------------------------
 There are 13 ports with no output delay specified. (HIGH)

 There are 0 ports with no output delay but user has a false path constraint

 There are 0 ports with no output delay but with a timing clock defined on it or propagating through it


7. checking multiple_clock (0)
------------------------------
 There are 0 register/latch pins with multiple clocks.


8. checking generated_clocks (0)
--------------------------------
 There are 0 generated clocks that are not connected to a clock source.


9. checking loops (0)
---------------------
 There are 0 combinational loops in the design.


10. checking partial_input_delay (0)
------------------------------------
 There are 0 input ports with partial input delay specified.


11. checking partial_output_delay (0)
-------------------------------------
 There are 0 ports with partial output delay specified.


12. checking latch_loops (0)
----------------------------
 There are 0 combinational latch loops in the design through latch input



------------------------------------------------------------------------------------------------
| Design Timing Summary
| ---------------------
------------------------------------------------------------------------------------------------

    WNS(ns)      TNS(ns)  TNS Failing Endpoints  TNS Total Endpoints      WHS(ns)      THS(ns)  THS Failing Endpoints  THS Total Endpoints     WPWS(ns)     TPWS(ns)  TPWS Failing Endpoints  TPWS Total Endpoints  
    -------      -------  ---------------------  -------------------      -------      -------  ---------------------  -------------------     --------     --------  ----------------------  --------------------  
      4.264        0.000                      0                   65        0.336        0.000                      0                   65        4.500        0.000                       0                    34  


All user specified timing constraints are met.


------------------------------------------------------------------------------------------------
| Clock Summary
| -------------
------------------------------------------------------------------------------------------------

Clock        Waveform(ns)       Period(ns)      Frequency(MHz)
-----        ------------       ----------      --------------
sys_clk_pin  {0.000 5.000}      10.000          100.000         


------------------------------------------------------------------------------------------------
| Intra Clock Table
| -----------------
------------------------------------------------------------------------------------------------

Clock             WNS(ns)      TNS(ns)  TNS Failing Endpoints  TNS Total Endpoints      WHS(ns)      THS(ns)  THS Failing Endpoints  THS Total Endpoints     WPWS(ns)     TPWS(ns)  TPWS Failing Endpoints  TPWS Total Endpoints  
-----             -------      -------  ---------------------  -------------------      -------      -------  ---------------------  -------------------     --------     --------  ----------------------  --------------------  
sys_clk_pin         4.264        0.000                      0                   65        0.336        0.000                      0                   65        4.500        0.000                       0                    34  


------------------------------------------------------------------------------------------------
| Inter Clock Table
| -----------------
------------------------------------------------------------------------------------------------

From Clock    To Clock          WNS(ns)      TNS(ns)  TNS Failing Endpoints  TNS Total Endpoints      WHS(ns)      THS(ns)  THS Failing Endpoints  THS Total Endpoints  
----------    --------          -------      -------  ---------------------  -------------------      -------      -------  ---------------------  -------------------  


------------------------------------------------------------------------------------------------
| Other Path Groups Table
| -----------------------
------------------------------------------------------------------------------------------------

Path Group    From Clock    To Clock          WNS(ns)      TNS(ns)  TNS Failing Endpoints  TNS Total Endpoints      WHS(ns)      THS(ns)  THS Failing Endpoints  THS Total Endpoints  
----------    ----------    --------          -------      -------  ---------------------  -------------------      -------      -------  ---------------------  -------------------  


------------------------------------------------------------------------------------------------
| User Ignored Path Table
| -----------------------
------------------------------------------------------------------------------------------------

Path Group    From Clock    To Clock    
----------    ----------    --------    


------------------------------------------------------------------------------------------------
| Unconstrained Path Table
| ------------------------
------------------------------------------------------------------------------------------------

Path Group    From Clock    To Clock    
----------    ----------    --------    
(none)                                    


------------------------------------------------------------------------------------------------
| Timing Details
| --------------
------------------------------------------------------------------------------------------------


---------------------------------------------------------------------------------------------------
From Clock:  sys_clk_pin
  To Clock:  sys_clk_pin

Setup :            0  Failing Endpoints,  Worst Slack        4.264ns,  Total Violation        0.000ns
Hold  :            0  Failing Endpoints,  Worst Slack        0.336ns,  Total Violation        0.000ns
PW    :            0  Failing Endpoints,  Worst Slack        4.500ns,  Total Violation        0.000ns
---------------------------------------------------------------------------------------------------


Max Delay Paths
--------------------------------------------------------------------------------------
Slack (MET) :             4.264ns  (required time - arrival time)
  Source:                 clk_div/clkq_reg[0]/C
                            (rising edge-triggered cell FDRE clocked by sys_clk_pin  {rise@0.000ns fall@5.000ns period=10.000ns})
  Destination:            clk_div/clkq_reg[0]/R
                            (rising edge-triggered cell FDRE clocked by sys_clk_pin  {rise@0.000ns fall@5.000ns period=10.000ns})
  Path Group:             sys_clk_pin
  Path Type:              Setup (Max at Slow Process Corner)
  Requirement:            10.000ns  (sys_clk_pin rise@10.000ns - sys_clk_pin rise@0.000ns)
  Data Path Delay:        5.272ns  (logic 2.007ns (38.069%)  route 3.265ns (61.931%))
  Logic Levels:           6  (CARRY4=4 LUT3=1 LUT6=1)
  Clock Path Skew:        0.000ns (DCD - SCD + CPR)
    Destination Clock Delay (DCD):    4.854ns = ( 14.854 - 10.000 ) 
    Source Clock Delay      (SCD):    5.152ns
    Clock Pessimism Removal (CPR):    0.298ns
  Clock Uncertainty:      0.035ns  ((TSJ^2 + TIJ^2)^1/2 + DJ) / 2 + PE
    Total System Jitter     (TSJ):    0.071ns
    Total Input Jitter      (TIJ):    0.000ns
    Discrete Jitter          (DJ):    0.000ns
    Phase Error              (PE):    0.000ns

    Location             Delay type                Incr(ns)  Path(ns)    Netlist Resource(s)
  -------------------------------------------------------------------    -------------------
                         (clock sys_clk_pin rise edge)
                                                      0.000     0.000 r  
    W5                                                0.000     0.000 r  CCLK (IN)
                         net (fo=0)                   0.000     0.000    CCLK
    W5                   IBUF (Prop_ibuf_I_O)         1.458     1.458 r  CCLK_IBUF_inst/O
                         net (fo=1, routed)           1.967     3.425    CCLK_IBUF
    BUFGCTRL_X0Y0        BUFG (Prop_bufg_I_O)         0.096     3.521 r  CCLK_IBUF_BUFG_inst/O
                         net (fo=33, routed)          1.631     5.152    clk_div/CCLK
    SLICE_X0Y15          FDRE                                         r  clk_div/clkq_reg[0]/C
  -------------------------------------------------------------------    -------------------
    SLICE_X0Y15          FDRE (Prop_fdre_C_Q)         0.456     5.608 r  clk_div/clkq_reg[0]/Q
                         net (fo=2, routed)           0.782     6.390    clk_div/clkq_reg[0]
    SLICE_X1Y15          CARRY4 (Prop_carry4_CYINIT_CO[3])
                                                      0.580     6.970 r  clk_div/clkq_reg[0]_i_17/CO[3]
                         net (fo=1, routed)           0.000     6.970    clk_div/clkq_reg[0]_i_17_n_0
    SLICE_X1Y16          CARRY4 (Prop_carry4_CI_CO[3])
                                                      0.114     7.084 r  clk_div/clkq_reg[0]_i_16/CO[3]
                         net (fo=1, routed)           0.000     7.084    clk_div/clkq_reg[0]_i_16_n_0
    SLICE_X1Y17          CARRY4 (Prop_carry4_CI_CO[3])
                                                      0.114     7.198 r  clk_div/clkq_reg[0]_i_14/CO[3]
                         net (fo=1, routed)           0.000     7.198    clk_div/clkq_reg[0]_i_14_n_0
    SLICE_X1Y18          CARRY4 (Prop_carry4_CI_O[3])
                                                      0.313     7.511 r  clk_div/clkq_reg[0]_i_15/O[3]
                         net (fo=1, routed)           0.968     8.480    clk_div/p_0_in[16]
    SLICE_X2Y19          LUT3 (Prop_lut3_I0_O)        0.306     8.786 r  clk_div/clkq[0]_i_7/O
                         net (fo=1, routed)           0.670     9.456    clk_div/clkq[0]_i_7_n_0
    SLICE_X2Y19          LUT6 (Prop_lut6_I4_O)        0.124     9.580 r  clk_div/clkq[0]_i_1/O
                         net (fo=33, routed)          0.845    10.424    clk_div/clear
    SLICE_X0Y15          FDRE                                         r  clk_div/clkq_reg[0]/R
  -------------------------------------------------------------------    -------------------

                         (clock sys_clk_pin rise edge)
                                                     10.000    10.000 r  
    W5                                                0.000    10.000 r  CCLK (IN)
                         net (fo=0)                   0.000    10.000    CCLK
    W5                   IBUF (Prop_ibuf_I_O)         1.388    11.388 r  CCLK_IBUF_inst/O
                         net (fo=1, routed)           1.862    13.250    CCLK_IBUF
    BUFGCTRL_X0Y0        BUFG (Prop_bufg_I_O)         0.091    13.341 r  CCLK_IBUF_BUFG_inst/O
                         net (fo=33, routed)          1.513    14.854    clk_div/CCLK
    SLICE_X0Y15          FDRE                                         r  clk_div/clkq_reg[0]/C
                         clock pessimism              0.298    15.152    
                         clock uncertainty           -0.035    15.117    
    SLICE_X0Y15          FDRE (Setup_fdre_C_R)       -0.429    14.688    clk_div/clkq_reg[0]
  -------------------------------------------------------------------
                         required time                         14.688    
                         arrival time                         -10.424    
  -------------------------------------------------------------------
                         slack                                  4.264    

Slack (MET) :             4.264ns  (required time - arrival time)
  Source:                 clk_div/clkq_reg[0]/C
                            (rising edge-triggered cell FDRE clocked by sys_clk_pin  {rise@0.000ns fall@5.000ns period=10.000ns})
  Destination:            clk_div/clkq_reg[1]/R
                            (rising edge-triggered cell FDRE clocked by sys_clk_pin  {rise@0.000ns fall@5.000ns period=10.000ns})
  Path Group:             sys_clk_pin
  Path Type:              Setup (Max at Slow Process Corner)
  Requirement:            10.000ns  (sys_clk_pin rise@10.000ns - sys_clk_pin rise@0.000ns)
  Data Path Delay:        5.272ns  (logic 2.007ns (38.069%)  route 3.265ns (61.931%))
  Logic Levels:           6  (CARRY4=4 LUT3=1 LUT6=1)
  Clock Path Skew:        0.000ns (DCD - SCD + CPR)
    Destination Clock Delay (DCD):    4.854ns = ( 14.854 - 10.000 ) 
    Source Clock Delay      (SCD):    5.152ns
    Clock Pessimism Removal (CPR):    0.298ns
  Clock Uncertainty:      0.035ns  ((TSJ^2 + TIJ^2)^1/2 + DJ) / 2 + PE
    Total System Jitter     (TSJ):    0.071ns
    Total Input Jitter      (TIJ):    0.000ns
    Discrete Jitter          (DJ):    0.000ns
    Phase Error              (PE):    0.000ns

    Location             Delay type                Incr(ns)  Path(ns)    Netlist Resource(s)
  -------------------------------------------------------------------    -------------------
                         (clock sys_clk_pin rise edge)
                                                      0.000     0.000 r  
    W5                                                0.000     0.000 r  CCLK (IN)
                         net (fo=0)                   0.000     0.000    CCLK
    W5                   IBUF (Prop_ibuf_I_O)         1.458     1.458 r  CCLK_IBUF_inst/O
                         net (fo=1, routed)           1.967     3.425    CCLK_IBUF
    BUFGCTRL_X0Y0        BUFG (Prop_bufg_I_O)         0.096     3.521 r  CCLK_IBUF_BUFG_inst/O
                         net (fo=33, routed)          1.631     5.152    clk_div/CCLK
    SLICE_X0Y15          FDRE                                         r  clk_div/clkq_reg[0]/C
  -------------------------------------------------------------------    -------------------
    SLICE_X0Y15          FDRE (Prop_fdre_C_Q)         0.456     5.608 r  clk_div/clkq_reg[0]/Q
                         net (fo=2, routed)           0.782     6.390    clk_div/clkq_reg[0]
    SLICE_X1Y15          CARRY4 (Prop_carry4_CYINIT_CO[3])
                                                      0.580     6.970 r  clk_div/clkq_reg[0]_i_17/CO[3]
                         net (fo=1, routed)           0.000     6.970    clk_div/clkq_reg[0]_i_17_n_0
    SLICE_X1Y16          CARRY4 (Prop_carry4_CI_CO[3])
                                                      0.114     7.084 r  clk_div/clkq_reg[0]_i_16/CO[3]
                         net (fo=1, routed)           0.000     7.084    clk_div/clkq_reg[0]_i_16_n_0
    SLICE_X1Y17          CARRY4 (Prop_carry4_CI_CO[3])
                                                      0.114     7.198 r  clk_div/clkq_reg[0]_i_14/CO[3]
                         net (fo=1, routed)           0.000     7.198    clk_div/clkq_reg[0]_i_14_n_0
    SLICE_X1Y18          CARRY4 (Prop_carry4_CI_O[3])
                                                      0.313     7.511 r  clk_div/clkq_reg[0]_i_15/O[3]
                         net (fo=1, routed)           0.968     8.480    clk_div/p_0_in[16]
    SLICE_X2Y19          LUT3 (Prop_lut3_I0_O)        0.306     8.786 r  clk_div/clkq[0]_i_7/O
                         net (fo=1, routed)           0.670     9.456    clk_div/clkq[0]_i_7_n_0
    SLICE_X2Y19          LUT6 (Prop_lut6_I4_O)        0.124     9.580 r  clk_div/clkq[0]_i_1/O
                         net (fo=33, routed)          0.845    10.424    clk_div/clear
    SLICE_X0Y15          FDRE                                         r  clk_div/clkq_reg[1]/R
  -------------------------------------------------------------------    -------------------

                         (clock sys_clk_pin rise edge)
                                                     10.000    10.000 r  
    W5                                                0.000    10.000 r  CCLK (IN)
                         net (fo=0)                   0.000    10.000    CCLK
    W5                   IBUF (Prop_ibuf_I_O)         1.388    11.388 r  CCLK_IBUF_inst/O
                         net (fo=1, routed)           1.862    13.250    CCLK_IBUF
    BUFGCTRL_X0Y0        BUFG (Prop_bufg_I_O)         0.091    13.341 r  CCLK_IBUF_BUFG_inst/O
                         net (fo=33, routed)          1.513    14.854    clk_div/CCLK
    SLICE_X0Y15          FDRE                                         r  clk_div/clkq_reg[1]/C
                         clock pessimism              0.298    15.152    
                         clock uncertainty           -0.035    15.117    
    SLICE_X0Y15          FDRE (Setup_fdre_C_R)       -0.429    14.688    clk_div/clkq_reg[1]
  -------------------------------------------------------------------
                         required time                         14.688    
                         arrival time                         -10.424    
  -------------------------------------------------------------------
                         slack                                  4.264    

Slack (MET) :             4.264ns  (required time - arrival time)
  Source:                 clk_div/clkq_reg[0]/C
                            (rising edge-triggered cell FDRE clocked by sys_clk_pin  {rise@0.000ns fall@5.000ns period=10.000ns})
  Destination:            clk_div/clkq_reg[2]/R
                            (rising edge-triggered cell FDRE clocked by sys_clk_pin  {rise@0.000ns fall@5.000ns period=10.000ns})
  Path Group:             sys_clk_pin
  Path Type:              Setup (Max at Slow Process Corner)
  Requirement:            10.000ns  (sys_clk_pin rise@10.000ns - sys_clk_pin rise@0.000ns)
  Data Path Delay:        5.272ns  (logic 2.007ns (38.069%)  route 3.265ns (61.931%))
  Logic Levels:           6  (CARRY4=4 LUT3=1 LUT6=1)
  Clock Path Skew:        0.000ns (DCD - SCD + CPR)
    Destination Clock Delay (DCD):    4.854ns = ( 14.854 - 10.000 ) 
    Source Clock Delay      (SCD):    5.152ns
    Clock Pessimism Removal (CPR):    0.298ns
  Clock Uncertainty:      0.035ns  ((TSJ^2 + TIJ^2)^1/2 + DJ) / 2 + PE
    Total System Jitter     (TSJ):    0.071ns
    Total Input Jitter      (TIJ):    0.000ns
    Discrete Jitter          (DJ):    0.000ns
    Phase Error              (PE):    0.000ns

    Location             Delay type                Incr(ns)  Path(ns)    Netlist Resource(s)
  -------------------------------------------------------------------    -------------------
                         (clock sys_clk_pin rise edge)
                                                      0.000     0.000 r  
    W5                                                0.000     0.000 r  CCLK (IN)
                         net (fo=0)                   0.000     0.000    CCLK
    W5                   IBUF (Prop_ibuf_I_O)         1.458     1.458 r  CCLK_IBUF_inst/O
                         net (fo=1, routed)           1.967     3.425    CCLK_IBUF
    BUFGCTRL_X0Y0        BUFG (Prop_bufg_I_O)         0.096     3.521 r  CCLK_IBUF_BUFG_inst/O
                         net (fo=33, routed)          1.631     5.152    clk_div/CCLK
    SLICE_X0Y15          FDRE                                         r  clk_div/clkq_reg[0]/C
  -------------------------------------------------------------------    -------------------
    SLICE_X0Y15          FDRE (Prop_fdre_C_Q)         0.456     5.608 r  clk_div/clkq_reg[0]/Q
                         net (fo=2, routed)           0.782     6.390    clk_div/clkq_reg[0]
    SLICE_X1Y15          CARRY4 (Prop_carry4_CYINIT_CO[3])
                                                      0.580     6.970 r  clk_div/clkq_reg[0]_i_17/CO[3]
                         net (fo=1, routed)           0.000     6.970    clk_div/clkq_reg[0]_i_17_n_0
    SLICE_X1Y16          CARRY4 (Prop_carry4_CI_CO[3])
                                                      0.114     7.084 r  clk_div/clkq_reg[0]_i_16/CO[3]
                         net (fo=1, routed)           0.000     7.084    clk_div/clkq_reg[0]_i_16_n_0
    SLICE_X1Y17          CARRY4 (Prop_carry4_CI_CO[3])
                                                      0.114     7.198 r  clk_div/clkq_reg[0]_i_14/CO[3]
                         net (fo=1, routed)           0.000     7.198    clk_div/clkq_reg[0]_i_14_n_0
    SLICE_X1Y18          CARRY4 (Prop_carry4_CI_O[3])
                                                      0.313     7.511 r  clk_div/clkq_reg[0]_i_15/O[3]
                         net (fo=1, routed)           0.968     8.480    clk_div/p_0_in[16]
    SLICE_X2Y19          LUT3 (Prop_lut3_I0_O)        0.306     8.786 r  clk_div/clkq[0]_i_7/O
                         net (fo=1, routed)           0.670     9.456    clk_div/clkq[0]_i_7_n_0
    SLICE_X2Y19          LUT6 (Prop_lut6_I4_O)        0.124     9.580 r  clk_div/clkq[0]_i_1/O
                         net (fo=33, routed)          0.845    10.424    clk_div/clear
    SLICE_X0Y15          FDRE                                         r  clk_div/clkq_reg[2]/R
  -------------------------------------------------------------------    -------------------

                         (clock sys_clk_pin rise edge)
                                                     10.000    10.000 r  
    W5                                                0.000    10.000 r  CCLK (IN)
                         net (fo=0)                   0.000    10.000    CCLK
    W5                   IBUF (Prop_ibuf_I_O)         1.388    11.388 r  CCLK_IBUF_inst/O
                         net (fo=1, routed)           1.862    13.250    CCLK_IBUF
    BUFGCTRL_X0Y0        BUFG (Prop_bufg_I_O)         0.091    13.341 r  CCLK_IBUF_BUFG_inst/O
                         net (fo=33, routed)          1.513    14.854    clk_div/CCLK
    SLICE_X0Y15          FDRE                                         r  clk_div/clkq_reg[2]/C
                         clock pessimism              0.298    15.152    
                         clock uncertainty           -0.035    15.117    
    SLICE_X0Y15          FDRE (Setup_fdre_C_R)       -0.429    14.688    clk_div/clkq_reg[2]
  -------------------------------------------------------------------
                         required time                         14.688    
                         arrival time                         -10.424    
  -------------------------------------------------------------------
                         slack                                  4.264    

Slack (MET) :             4.264ns  (required time - arrival time)
  Source:                 clk_div/clkq_reg[0]/C
                            (rising edge-triggered cell FDRE clocked by sys_clk_pin  {rise@0.000ns fall@5.000ns period=10.000ns})
  Destination:            clk_div/clkq_reg[3]/R
                            (rising edge-triggered cell FDRE clocked by sys_clk_pin  {rise@0.000ns fall@5.000ns period=10.000ns})
  Path Group:             sys_clk_pin
  Path Type:              Setup (Max at Slow Process Corner)
  Requirement:            10.000ns  (sys_clk_pin rise@10.000ns - sys_clk_pin rise@0.000ns)
  Data Path Delay:        5.272ns  (logic 2.007ns (38.069%)  route 3.265ns (61.931%))
  Logic Levels:           6  (CARRY4=4 LUT3=1 LUT6=1)
  Clock Path Skew:        0.000ns (DCD - SCD + CPR)
    Destination Clock Delay (DCD):    4.854ns = ( 14.854 - 10.000 ) 
    Source Clock Delay      (SCD):    5.152ns
    Clock Pessimism Removal (CPR):    0.298ns
  Clock Uncertainty:      0.035ns  ((TSJ^2 + TIJ^2)^1/2 + DJ) / 2 + PE
    Total System Jitter     (TSJ):    0.071ns
    Total Input Jitter      (TIJ):    0.000ns
    Discrete Jitter          (DJ):    0.000ns
    Phase Error              (PE):    0.000ns

    Location             Delay type                Incr(ns)  Path(ns)    Netlist Resource(s)
  -------------------------------------------------------------------    -------------------
                         (clock sys_clk_pin rise edge)
                                                      0.000     0.000 r  
    W5                                                0.000     0.000 r  CCLK (IN)
                         net (fo=0)                   0.000     0.000    CCLK
    W5                   IBUF (Prop_ibuf_I_O)         1.458     1.458 r  CCLK_IBUF_inst/O
                         net (fo=1, routed)           1.967     3.425    CCLK_IBUF
    BUFGCTRL_X0Y0        BUFG (Prop_bufg_I_O)         0.096     3.521 r  CCLK_IBUF_BUFG_inst/O
                         net (fo=33, routed)          1.631     5.152    clk_div/CCLK
    SLICE_X0Y15          FDRE                                         r  clk_div/clkq_reg[0]/C
  -------------------------------------------------------------------    -------------------
    SLICE_X0Y15          FDRE (Prop_fdre_C_Q)         0.456     5.608 r  clk_div/clkq_reg[0]/Q
                         net (fo=2, routed)           0.782     6.390    clk_div/clkq_reg[0]
    SLICE_X1Y15          CARRY4 (Prop_carry4_CYINIT_CO[3])
                                                      0.580     6.970 r  clk_div/clkq_reg[0]_i_17/CO[3]
                         net (fo=1, routed)           0.000     6.970    clk_div/clkq_reg[0]_i_17_n_0
    SLICE_X1Y16          CARRY4 (Prop_carry4_CI_CO[3])
                                                      0.114     7.084 r  clk_div/clkq_reg[0]_i_16/CO[3]
                         net (fo=1, routed)           0.000     7.084    clk_div/clkq_reg[0]_i_16_n_0
    SLICE_X1Y17          CARRY4 (Prop_carry4_CI_CO[3])
                                                      0.114     7.198 r  clk_div/clkq_reg[0]_i_14/CO[3]
                         net (fo=1, routed)           0.000     7.198    clk_div/clkq_reg[0]_i_14_n_0
    SLICE_X1Y18          CARRY4 (Prop_carry4_CI_O[3])
                                                      0.313     7.511 r  clk_div/clkq_reg[0]_i_15/O[3]
                         net (fo=1, routed)           0.968     8.480    clk_div/p_0_in[16]
    SLICE_X2Y19          LUT3 (Prop_lut3_I0_O)        0.306     8.786 r  clk_div/clkq[0]_i_7/O
                         net (fo=1, routed)           0.670     9.456    clk_div/clkq[0]_i_7_n_0
    SLICE_X2Y19          LUT6 (Prop_lut6_I4_O)        0.124     9.580 r  clk_div/clkq[0]_i_1/O
                         net (fo=33, routed)          0.845    10.424    clk_div/clear
    SLICE_X0Y15          FDRE                                         r  clk_div/clkq_reg[3]/R
  -------------------------------------------------------------------    -------------------

                         (clock sys_clk_pin rise edge)
                                                     10.000    10.000 r  
    W5                                                0.000    10.000 r  CCLK (IN)
                         net (fo=0)                   0.000    10.000    CCLK
    W5                   IBUF (Prop_ibuf_I_O)         1.388    11.388 r  CCLK_IBUF_inst/O
                         net (fo=1, routed)           1.862    13.250    CCLK_IBUF
    BUFGCTRL_X0Y0        BUFG (Prop_bufg_I_O)         0.091    13.341 r  CCLK_IBUF_BUFG_inst/O
                         net (fo=33, routed)          1.513    14.854    clk_div/CCLK
    SLICE_X0Y15          FDRE                                         r  clk_div/clkq_reg[3]/C
                         clock pessimism              0.298    15.152    
                         clock uncertainty           -0.035    15.117    
    SLICE_X0Y15          FDRE (Setup_fdre_C_R)       -0.429    14.688    clk_div/clkq_reg[3]
  -------------------------------------------------------------------
                         required time                         14.688    
                         arrival time                         -10.424    
  -------------------------------------------------------------------
                         slack                                  4.264    

Slack (MET) :             4.379ns  (required time - arrival time)
  Source:                 clk_div/clkq_reg[0]/C
                            (rising edge-triggered cell FDRE clocked by sys_clk_pin  {rise@0.000ns fall@5.000ns period=10.000ns})
  Destination:            clk_div/clkq_reg[4]/R
                            (rising edge-triggered cell FDRE clocked by sys_clk_pin  {rise@0.000ns fall@5.000ns period=10.000ns})
  Path Group:             sys_clk_pin
  Path Type:              Setup (Max at Slow Process Corner)
  Requirement:            10.000ns  (sys_clk_pin rise@10.000ns - sys_clk_pin rise@0.000ns)
  Data Path Delay:        5.131ns  (logic 2.007ns (39.114%)  route 3.124ns (60.886%))
  Logic Levels:           6  (CARRY4=4 LUT3=1 LUT6=1)
  Clock Path Skew:        -0.025ns (DCD - SCD + CPR)
    Destination Clock Delay (DCD):    4.853ns = ( 14.853 - 10.000 ) 
    Source Clock Delay      (SCD):    5.152ns
    Clock Pessimism Removal (CPR):    0.274ns
  Clock Uncertainty:      0.035ns  ((TSJ^2 + TIJ^2)^1/2 + DJ) / 2 + PE
    Total System Jitter     (TSJ):    0.071ns
    Total Input Jitter      (TIJ):    0.000ns
    Discrete Jitter          (DJ):    0.000ns
    Phase Error              (PE):    0.000ns

    Location             Delay type                Incr(ns)  Path(ns)    Netlist Resource(s)
  -------------------------------------------------------------------    -------------------
                         (clock sys_clk_pin rise edge)
                                                      0.000     0.000 r  
    W5                                                0.000     0.000 r  CCLK (IN)
                         net (fo=0)                   0.000     0.000    CCLK
    W5                   IBUF (Prop_ibuf_I_O)         1.458     1.458 r  CCLK_IBUF_inst/O
                         net (fo=1, routed)           1.967     3.425    CCLK_IBUF
    BUFGCTRL_X0Y0        BUFG (Prop_bufg_I_O)         0.096     3.521 r  CCLK_IBUF_BUFG_inst/O
                         net (fo=33, routed)          1.631     5.152    clk_div/CCLK
    SLICE_X0Y15          FDRE                                         r  clk_div/clkq_reg[0]/C
  -------------------------------------------------------------------    -------------------
    SLICE_X0Y15          FDRE (Prop_fdre_C_Q)         0.456     5.608 r  clk_div/clkq_reg[0]/Q
                         net (fo=2, routed)           0.782     6.390    clk_div/clkq_reg[0]
    SLICE_X1Y15          CARRY4 (Prop_carry4_CYINIT_CO[3])
                                                      0.580     6.970 r  clk_div/clkq_reg[0]_i_17/CO[3]
                         net (fo=1, routed)           0.000     6.970    clk_div/clkq_reg[0]_i_17_n_0
    SLICE_X1Y16          CARRY4 (Prop_carry4_CI_CO[3])
                                                      0.114     7.084 r  clk_div/clkq_reg[0]_i_16/CO[3]
                         net (fo=1, routed)           0.000     7.084    clk_div/clkq_reg[0]_i_16_n_0
    SLICE_X1Y17          CARRY4 (Prop_carry4_CI_CO[3])
                                                      0.114     7.198 r  clk_div/clkq_reg[0]_i_14/CO[3]
                         net (fo=1, routed)           0.000     7.198    clk_div/clkq_reg[0]_i_14_n_0
    SLICE_X1Y18          CARRY4 (Prop_carry4_CI_O[3])
                                                      0.313     7.511 r  clk_div/clkq_reg[0]_i_15/O[3]
                         net (fo=1, routed)           0.968     8.480    clk_div/p_0_in[16]
    SLICE_X2Y19          LUT3 (Prop_lut3_I0_O)        0.306     8.786 r  clk_div/clkq[0]_i_7/O
                         net (fo=1, routed)           0.670     9.456    clk_div/clkq[0]_i_7_n_0
    SLICE_X2Y19          LUT6 (Prop_lut6_I4_O)        0.124     9.580 r  clk_div/clkq[0]_i_1/O
                         net (fo=33, routed)          0.704    10.283    clk_div/clear
    SLICE_X0Y16          FDRE                                         r  clk_div/clkq_reg[4]/R
  -------------------------------------------------------------------    -------------------

                         (clock sys_clk_pin rise edge)
                                                     10.000    10.000 r  
    W5                                                0.000    10.000 r  CCLK (IN)
                         net (fo=0)                   0.000    10.000    CCLK
    W5                   IBUF (Prop_ibuf_I_O)         1.388    11.388 r  CCLK_IBUF_inst/O
                         net (fo=1, routed)           1.862    13.250    CCLK_IBUF
    BUFGCTRL_X0Y0        BUFG (Prop_bufg_I_O)         0.091    13.341 r  CCLK_IBUF_BUFG_inst/O
                         net (fo=33, routed)          1.512    14.853    clk_div/CCLK
    SLICE_X0Y16          FDRE                                         r  clk_div/clkq_reg[4]/C
                         clock pessimism              0.274    15.127    
                         clock uncertainty           -0.035    15.092    
    SLICE_X0Y16          FDRE (Setup_fdre_C_R)       -0.429    14.663    clk_div/clkq_reg[4]
  -------------------------------------------------------------------
                         required time                         14.663    
                         arrival time                         -10.283    
  -------------------------------------------------------------------
                         slack                                  4.379    

Slack (MET) :             4.379ns  (required time - arrival time)
  Source:                 clk_div/clkq_reg[0]/C
                            (rising edge-triggered cell FDRE clocked by sys_clk_pin  {rise@0.000ns fall@5.000ns period=10.000ns})
  Destination:            clk_div/clkq_reg[5]/R
                            (rising edge-triggered cell FDRE clocked by sys_clk_pin  {rise@0.000ns fall@5.000ns period=10.000ns})
  Path Group:             sys_clk_pin
  Path Type:              Setup (Max at Slow Process Corner)
  Requirement:            10.000ns  (sys_clk_pin rise@10.000ns - sys_clk_pin rise@0.000ns)
  Data Path Delay:        5.131ns  (logic 2.007ns (39.114%)  route 3.124ns (60.886%))
  Logic Levels:           6  (CARRY4=4 LUT3=1 LUT6=1)
  Clock Path Skew:        -0.025ns (DCD - SCD + CPR)
    Destination Clock Delay (DCD):    4.853ns = ( 14.853 - 10.000 ) 
    Source Clock Delay      (SCD):    5.152ns
    Clock Pessimism Removal (CPR):    0.274ns
  Clock Uncertainty:      0.035ns  ((TSJ^2 + TIJ^2)^1/2 + DJ) / 2 + PE
    Total System Jitter     (TSJ):    0.071ns
    Total Input Jitter      (TIJ):    0.000ns
    Discrete Jitter          (DJ):    0.000ns
    Phase Error              (PE):    0.000ns

    Location             Delay type                Incr(ns)  Path(ns)    Netlist Resource(s)
  -------------------------------------------------------------------    -------------------
                         (clock sys_clk_pin rise edge)
                                                      0.000     0.000 r  
    W5                                                0.000     0.000 r  CCLK (IN)
                         net (fo=0)                   0.000     0.000    CCLK
    W5                   IBUF (Prop_ibuf_I_O)         1.458     1.458 r  CCLK_IBUF_inst/O
                         net (fo=1, routed)           1.967     3.425    CCLK_IBUF
    BUFGCTRL_X0Y0        BUFG (Prop_bufg_I_O)         0.096     3.521 r  CCLK_IBUF_BUFG_inst/O
                         net (fo=33, routed)          1.631     5.152    clk_div/CCLK
    SLICE_X0Y15          FDRE                                         r  clk_div/clkq_reg[0]/C
  -------------------------------------------------------------------    -------------------
    SLICE_X0Y15          FDRE (Prop_fdre_C_Q)         0.456     5.608 r  clk_div/clkq_reg[0]/Q
                         net (fo=2, routed)           0.782     6.390    clk_div/clkq_reg[0]
    SLICE_X1Y15          CARRY4 (Prop_carry4_CYINIT_CO[3])
                                                      0.580     6.970 r  clk_div/clkq_reg[0]_i_17/CO[3]
                         net (fo=1, routed)           0.000     6.970    clk_div/clkq_reg[0]_i_17_n_0
    SLICE_X1Y16          CARRY4 (Prop_carry4_CI_CO[3])
                                                      0.114     7.084 r  clk_div/clkq_reg[0]_i_16/CO[3]
                         net (fo=1, routed)           0.000     7.084    clk_div/clkq_reg[0]_i_16_n_0
    SLICE_X1Y17          CARRY4 (Prop_carry4_CI_CO[3])
                                                      0.114     7.198 r  clk_div/clkq_reg[0]_i_14/CO[3]
                         net (fo=1, routed)           0.000     7.198    clk_div/clkq_reg[0]_i_14_n_0
    SLICE_X1Y18          CARRY4 (Prop_carry4_CI_O[3])
                                                      0.313     7.511 r  clk_div/clkq_reg[0]_i_15/O[3]
                         net (fo=1, routed)           0.968     8.480    clk_div/p_0_in[16]
    SLICE_X2Y19          LUT3 (Prop_lut3_I0_O)        0.306     8.786 r  clk_div/clkq[0]_i_7/O
                         net (fo=1, routed)           0.670     9.456    clk_div/clkq[0]_i_7_n_0
    SLICE_X2Y19          LUT6 (Prop_lut6_I4_O)        0.124     9.580 r  clk_div/clkq[0]_i_1/O
                         net (fo=33, routed)          0.704    10.283    clk_div/clear
    SLICE_X0Y16          FDRE                                         r  clk_div/clkq_reg[5]/R
  -------------------------------------------------------------------    -------------------

                         (clock sys_clk_pin rise edge)
                                                     10.000    10.000 r  
    W5                                                0.000    10.000 r  CCLK (IN)
                         net (fo=0)                   0.000    10.000    CCLK
    W5                   IBUF (Prop_ibuf_I_O)         1.388    11.388 r  CCLK_IBUF_inst/O
                         net (fo=1, routed)           1.862    13.250    CCLK_IBUF
    BUFGCTRL_X0Y0        BUFG (Prop_bufg_I_O)         0.091    13.341 r  CCLK_IBUF_BUFG_inst/O
                         net (fo=33, routed)          1.512    14.853    clk_div/CCLK
    SLICE_X0Y16          FDRE                                         r  clk_div/clkq_reg[5]/C
                         clock pessimism              0.274    15.127    
                         clock uncertainty           -0.035    15.092    
    SLICE_X0Y16          FDRE (Setup_fdre_C_R)       -0.429    14.663    clk_div/clkq_reg[5]
  -------------------------------------------------------------------
                         required time                         14.663    
                         arrival time                         -10.283    
  -------------------------------------------------------------------
                         slack                                  4.379    

Slack (MET) :             4.379ns  (required time - arrival time)
  Source:                 clk_div/clkq_reg[0]/C
                            (rising edge-triggered cell FDRE clocked by sys_clk_pin  {rise@0.000ns fall@5.000ns period=10.000ns})
  Destination:            clk_div/clkq_reg[6]/R
                            (rising edge-triggered cell FDRE clocked by sys_clk_pin  {rise@0.000ns fall@5.000ns period=10.000ns})
  Path Group:             sys_clk_pin
  Path Type:              Setup (Max at Slow Process Corner)
  Requirement:            10.000ns  (sys_clk_pin rise@10.000ns - sys_clk_pin rise@0.000ns)
  Data Path Delay:        5.131ns  (logic 2.007ns (39.114%)  route 3.124ns (60.886%))
  Logic Levels:           6  (CARRY4=4 LUT3=1 LUT6=1)
  Clock Path Skew:        -0.025ns (DCD - SCD + CPR)
    Destination Clock Delay (DCD):    4.853ns = ( 14.853 - 10.000 ) 
    Source Clock Delay      (SCD):    5.152ns
    Clock Pessimism Removal (CPR):    0.274ns
  Clock Uncertainty:      0.035ns  ((TSJ^2 + TIJ^2)^1/2 + DJ) / 2 + PE
    Total System Jitter     (TSJ):    0.071ns
    Total Input Jitter      (TIJ):    0.000ns
    Discrete Jitter          (DJ):    0.000ns
    Phase Error              (PE):    0.000ns

    Location             Delay type                Incr(ns)  Path(ns)    Netlist Resource(s)
  -------------------------------------------------------------------    -------------------
                         (clock sys_clk_pin rise edge)
                                                      0.000     0.000 r  
    W5                                                0.000     0.000 r  CCLK (IN)
                         net (fo=0)                   0.000     0.000    CCLK
    W5                   IBUF (Prop_ibuf_I_O)         1.458     1.458 r  CCLK_IBUF_inst/O
                         net (fo=1, routed)           1.967     3.425    CCLK_IBUF
    BUFGCTRL_X0Y0        BUFG (Prop_bufg_I_O)         0.096     3.521 r  CCLK_IBUF_BUFG_inst/O
                         net (fo=33, routed)          1.631     5.152    clk_div/CCLK
    SLICE_X0Y15          FDRE                                         r  clk_div/clkq_reg[0]/C
  -------------------------------------------------------------------    -------------------
    SLICE_X0Y15          FDRE (Prop_fdre_C_Q)         0.456     5.608 r  clk_div/clkq_reg[0]/Q
                         net (fo=2, routed)           0.782     6.390    clk_div/clkq_reg[0]
    SLICE_X1Y15          CARRY4 (Prop_carry4_CYINIT_CO[3])
                                                      0.580     6.970 r  clk_div/clkq_reg[0]_i_17/CO[3]
                         net (fo=1, routed)           0.000     6.970    clk_div/clkq_reg[0]_i_17_n_0
    SLICE_X1Y16          CARRY4 (Prop_carry4_CI_CO[3])
                                                      0.114     7.084 r  clk_div/clkq_reg[0]_i_16/CO[3]
                         net (fo=1, routed)           0.000     7.084    clk_div/clkq_reg[0]_i_16_n_0
    SLICE_X1Y17          CARRY4 (Prop_carry4_CI_CO[3])
                                                      0.114     7.198 r  clk_div/clkq_reg[0]_i_14/CO[3]
                         net (fo=1, routed)           0.000     7.198    clk_div/clkq_reg[0]_i_14_n_0
    SLICE_X1Y18          CARRY4 (Prop_carry4_CI_O[3])
                                                      0.313     7.511 r  clk_div/clkq_reg[0]_i_15/O[3]
                         net (fo=1, routed)           0.968     8.480    clk_div/p_0_in[16]
    SLICE_X2Y19          LUT3 (Prop_lut3_I0_O)        0.306     8.786 r  clk_div/clkq[0]_i_7/O
                         net (fo=1, routed)           0.670     9.456    clk_div/clkq[0]_i_7_n_0
    SLICE_X2Y19          LUT6 (Prop_lut6_I4_O)        0.124     9.580 r  clk_div/clkq[0]_i_1/O
                         net (fo=33, routed)          0.704    10.283    clk_div/clear
    SLICE_X0Y16          FDRE                                         r  clk_div/clkq_reg[6]/R
  -------------------------------------------------------------------    -------------------

                         (clock sys_clk_pin rise edge)
                                                     10.000    10.000 r  
    W5                                                0.000    10.000 r  CCLK (IN)
                         net (fo=0)                   0.000    10.000    CCLK
    W5                   IBUF (Prop_ibuf_I_O)         1.388    11.388 r  CCLK_IBUF_inst/O
                         net (fo=1, routed)           1.862    13.250    CCLK_IBUF
    BUFGCTRL_X0Y0        BUFG (Prop_bufg_I_O)         0.091    13.341 r  CCLK_IBUF_BUFG_inst/O
                         net (fo=33, routed)          1.512    14.853    clk_div/CCLK
    SLICE_X0Y16          FDRE                                         r  clk_div/clkq_reg[6]/C
                         clock pessimism              0.274    15.127    
                         clock uncertainty           -0.035    15.092    
    SLICE_X0Y16          FDRE (Setup_fdre_C_R)       -0.429    14.663    clk_div/clkq_reg[6]
  -------------------------------------------------------------------
                         required time                         14.663    
                         arrival time                         -10.283    
  -------------------------------------------------------------------
                         slack                                  4.379    

Slack (MET) :             4.379ns  (required time - arrival time)
  Source:                 clk_div/clkq_reg[0]/C
                            (rising edge-triggered cell FDRE clocked by sys_clk_pin  {rise@0.000ns fall@5.000ns period=10.000ns})
  Destination:            clk_div/clkq_reg[7]/R
                            (rising edge-triggered cell FDRE clocked by sys_clk_pin  {rise@0.000ns fall@5.000ns period=10.000ns})
  Path Group:             sys_clk_pin
  Path Type:              Setup (Max at Slow Process Corner)
  Requirement:            10.000ns  (sys_clk_pin rise@10.000ns - sys_clk_pin rise@0.000ns)
  Data Path Delay:        5.131ns  (logic 2.007ns (39.114%)  route 3.124ns (60.886%))
  Logic Levels:           6  (CARRY4=4 LUT3=1 LUT6=1)
  Clock Path Skew:        -0.025ns (DCD - SCD + CPR)
    Destination Clock Delay (DCD):    4.853ns = ( 14.853 - 10.000 ) 
    Source Clock Delay      (SCD):    5.152ns
    Clock Pessimism Removal (CPR):    0.274ns
  Clock Uncertainty:      0.035ns  ((TSJ^2 + TIJ^2)^1/2 + DJ) / 2 + PE
    Total System Jitter     (TSJ):    0.071ns
    Total Input Jitter      (TIJ):    0.000ns
    Discrete Jitter          (DJ):    0.000ns
    Phase Error              (PE):    0.000ns

    Location             Delay type                Incr(ns)  Path(ns)    Netlist Resource(s)
  -------------------------------------------------------------------    -------------------
                         (clock sys_clk_pin rise edge)
                                                      0.000     0.000 r  
    W5                                                0.000     0.000 r  CCLK (IN)
                         net (fo=0)                   0.000     0.000    CCLK
    W5                   IBUF (Prop_ibuf_I_O)         1.458     1.458 r  CCLK_IBUF_inst/O
                         net (fo=1, routed)           1.967     3.425    CCLK_IBUF
    BUFGCTRL_X0Y0        BUFG (Prop_bufg_I_O)         0.096     3.521 r  CCLK_IBUF_BUFG_inst/O
                         net (fo=33, routed)          1.631     5.152    clk_div/CCLK
    SLICE_X0Y15          FDRE                                         r  clk_div/clkq_reg[0]/C
  -------------------------------------------------------------------    -------------------
    SLICE_X0Y15          FDRE (Prop_fdre_C_Q)         0.456     5.608 r  clk_div/clkq_reg[0]/Q
                         net (fo=2, routed)           0.782     6.390    clk_div/clkq_reg[0]
    SLICE_X1Y15          CARRY4 (Prop_carry4_CYINIT_CO[3])
                                                      0.580     6.970 r  clk_div/clkq_reg[0]_i_17/CO[3]
                         net (fo=1, routed)           0.000     6.970    clk_div/clkq_reg[0]_i_17_n_0
    SLICE_X1Y16          CARRY4 (Prop_carry4_CI_CO[3])
                                                      0.114     7.084 r  clk_div/clkq_reg[0]_i_16/CO[3]
                         net (fo=1, routed)           0.000     7.084    clk_div/clkq_reg[0]_i_16_n_0
    SLICE_X1Y17          CARRY4 (Prop_carry4_CI_CO[3])
                                                      0.114     7.198 r  clk_div/clkq_reg[0]_i_14/CO[3]
                         net (fo=1, routed)           0.000     7.198    clk_div/clkq_reg[0]_i_14_n_0
    SLICE_X1Y18          CARRY4 (Prop_carry4_CI_O[3])
                                                      0.313     7.511 r  clk_div/clkq_reg[0]_i_15/O[3]
                         net (fo=1, routed)           0.968     8.480    clk_div/p_0_in[16]
    SLICE_X2Y19          LUT3 (Prop_lut3_I0_O)        0.306     8.786 r  clk_div/clkq[0]_i_7/O
                         net (fo=1, routed)           0.670     9.456    clk_div/clkq[0]_i_7_n_0
    SLICE_X2Y19          LUT6 (Prop_lut6_I4_O)        0.124     9.580 r  clk_div/clkq[0]_i_1/O
                         net (fo=33, routed)          0.704    10.283    clk_div/clear
    SLICE_X0Y16          FDRE                                         r  clk_div/clkq_reg[7]/R
  -------------------------------------------------------------------    -------------------

                         (clock sys_clk_pin rise edge)
                                                     10.000    10.000 r  
    W5                                                0.000    10.000 r  CCLK (IN)
                         net (fo=0)                   0.000    10.000    CCLK
    W5                   IBUF (Prop_ibuf_I_O)         1.388    11.388 r  CCLK_IBUF_inst/O
                         net (fo=1, routed)           1.862    13.250    CCLK_IBUF
    BUFGCTRL_X0Y0        BUFG (Prop_bufg_I_O)         0.091    13.341 r  CCLK_IBUF_BUFG_inst/O
                         net (fo=33, routed)          1.512    14.853    clk_div/CCLK
    SLICE_X0Y16          FDRE                                         r  clk_div/clkq_reg[7]/C
                         clock pessimism              0.274    15.127    
                         clock uncertainty           -0.035    15.092    
    SLICE_X0Y16          FDRE (Setup_fdre_C_R)       -0.429    14.663    clk_div/clkq_reg[7]
  -------------------------------------------------------------------
                         required time                         14.663    
                         arrival time                         -10.283    
  -------------------------------------------------------------------
                         slack                                  4.379    

Slack (MET) :             4.398ns  (required time - arrival time)
  Source:                 clk_div/clkq_reg[0]/C
                            (rising edge-triggered cell FDRE clocked by sys_clk_pin  {rise@0.000ns fall@5.000ns period=10.000ns})
  Destination:            clk_div/clkq_reg[28]/R
                            (rising edge-triggered cell FDRE clocked by sys_clk_pin  {rise@0.000ns fall@5.000ns period=10.000ns})
  Path Group:             sys_clk_pin
  Path Type:              Setup (Max at Slow Process Corner)
  Requirement:            10.000ns  (sys_clk_pin rise@10.000ns - sys_clk_pin rise@0.000ns)
  Data Path Delay:        5.105ns  (logic 2.007ns (39.312%)  route 3.098ns (60.688%))
  Logic Levels:           6  (CARRY4=4 LUT3=1 LUT6=1)
  Clock Path Skew:        -0.032ns (DCD - SCD + CPR)
    Destination Clock Delay (DCD):    4.846ns = ( 14.846 - 10.000 ) 
    Source Clock Delay      (SCD):    5.152ns
    Clock Pessimism Removal (CPR):    0.274ns
  Clock Uncertainty:      0.035ns  ((TSJ^2 + TIJ^2)^1/2 + DJ) / 2 + PE
    Total System Jitter     (TSJ):    0.071ns
    Total Input Jitter      (TIJ):    0.000ns
    Discrete Jitter          (DJ):    0.000ns
    Phase Error              (PE):    0.000ns

    Location             Delay type                Incr(ns)  Path(ns)    Netlist Resource(s)
  -------------------------------------------------------------------    -------------------
                         (clock sys_clk_pin rise edge)
                                                      0.000     0.000 r  
    W5                                                0.000     0.000 r  CCLK (IN)
                         net (fo=0)                   0.000     0.000    CCLK
    W5                   IBUF (Prop_ibuf_I_O)         1.458     1.458 r  CCLK_IBUF_inst/O
                         net (fo=1, routed)           1.967     3.425    CCLK_IBUF
    BUFGCTRL_X0Y0        BUFG (Prop_bufg_I_O)         0.096     3.521 r  CCLK_IBUF_BUFG_inst/O
                         net (fo=33, routed)          1.631     5.152    clk_div/CCLK
    SLICE_X0Y15          FDRE                                         r  clk_div/clkq_reg[0]/C
  -------------------------------------------------------------------    -------------------
    SLICE_X0Y15          FDRE (Prop_fdre_C_Q)         0.456     5.608 r  clk_div/clkq_reg[0]/Q
                         net (fo=2, routed)           0.782     6.390    clk_div/clkq_reg[0]
    SLICE_X1Y15          CARRY4 (Prop_carry4_CYINIT_CO[3])
                                                      0.580     6.970 r  clk_div/clkq_reg[0]_i_17/CO[3]
                         net (fo=1, routed)           0.000     6.970    clk_div/clkq_reg[0]_i_17_n_0
    SLICE_X1Y16          CARRY4 (Prop_carry4_CI_CO[3])
                                                      0.114     7.084 r  clk_div/clkq_reg[0]_i_16/CO[3]
                         net (fo=1, routed)           0.000     7.084    clk_div/clkq_reg[0]_i_16_n_0
    SLICE_X1Y17          CARRY4 (Prop_carry4_CI_CO[3])
                                                      0.114     7.198 r  clk_div/clkq_reg[0]_i_14/CO[3]
                         net (fo=1, routed)           0.000     7.198    clk_div/clkq_reg[0]_i_14_n_0
    SLICE_X1Y18          CARRY4 (Prop_carry4_CI_O[3])
                                                      0.313     7.511 r  clk_div/clkq_reg[0]_i_15/O[3]
                         net (fo=1, routed)           0.968     8.480    clk_div/p_0_in[16]
    SLICE_X2Y19          LUT3 (Prop_lut3_I0_O)        0.306     8.786 r  clk_div/clkq[0]_i_7/O
                         net (fo=1, routed)           0.670     9.456    clk_div/clkq[0]_i_7_n_0
    SLICE_X2Y19          LUT6 (Prop_lut6_I4_O)        0.124     9.580 r  clk_div/clkq[0]_i_1/O
                         net (fo=33, routed)          0.678    10.258    clk_div/clear
    SLICE_X0Y22          FDRE                                         r  clk_div/clkq_reg[28]/R
  -------------------------------------------------------------------    -------------------

                         (clock sys_clk_pin rise edge)
                                                     10.000    10.000 r  
    W5                                                0.000    10.000 r  CCLK (IN)
                         net (fo=0)                   0.000    10.000    CCLK
    W5                   IBUF (Prop_ibuf_I_O)         1.388    11.388 r  CCLK_IBUF_inst/O
                         net (fo=1, routed)           1.862    13.250    CCLK_IBUF
    BUFGCTRL_X0Y0        BUFG (Prop_bufg_I_O)         0.091    13.341 r  CCLK_IBUF_BUFG_inst/O
                         net (fo=33, routed)          1.505    14.846    clk_div/CCLK
    SLICE_X0Y22          FDRE                                         r  clk_div/clkq_reg[28]/C
                         clock pessimism              0.274    15.120    
                         clock uncertainty           -0.035    15.085    
    SLICE_X0Y22          FDRE (Setup_fdre_C_R)       -0.429    14.656    clk_div/clkq_reg[28]
  -------------------------------------------------------------------
                         required time                         14.656    
                         arrival time                         -10.258    
  -------------------------------------------------------------------
                         slack                                  4.398    

Slack (MET) :             4.398ns  (required time - arrival time)
  Source:                 clk_div/clkq_reg[0]/C
                            (rising edge-triggered cell FDRE clocked by sys_clk_pin  {rise@0.000ns fall@5.000ns period=10.000ns})
  Destination:            clk_div/clkq_reg[29]/R
                            (rising edge-triggered cell FDRE clocked by sys_clk_pin  {rise@0.000ns fall@5.000ns period=10.000ns})
  Path Group:             sys_clk_pin
  Path Type:              Setup (Max at Slow Process Corner)
  Requirement:            10.000ns  (sys_clk_pin rise@10.000ns - sys_clk_pin rise@0.000ns)
  Data Path Delay:        5.105ns  (logic 2.007ns (39.312%)  route 3.098ns (60.688%))
  Logic Levels:           6  (CARRY4=4 LUT3=1 LUT6=1)
  Clock Path Skew:        -0.032ns (DCD - SCD + CPR)
    Destination Clock Delay (DCD):    4.846ns = ( 14.846 - 10.000 ) 
    Source Clock Delay      (SCD):    5.152ns
    Clock Pessimism Removal (CPR):    0.274ns
  Clock Uncertainty:      0.035ns  ((TSJ^2 + TIJ^2)^1/2 + DJ) / 2 + PE
    Total System Jitter     (TSJ):    0.071ns
    Total Input Jitter      (TIJ):    0.000ns
    Discrete Jitter          (DJ):    0.000ns
    Phase Error              (PE):    0.000ns

    Location             Delay type                Incr(ns)  Path(ns)    Netlist Resource(s)
  -------------------------------------------------------------------    -------------------
                         (clock sys_clk_pin rise edge)
                                                      0.000     0.000 r  
    W5                                                0.000     0.000 r  CCLK (IN)
                         net (fo=0)                   0.000     0.000    CCLK
    W5                   IBUF (Prop_ibuf_I_O)         1.458     1.458 r  CCLK_IBUF_inst/O
                         net (fo=1, routed)           1.967     3.425    CCLK_IBUF
    BUFGCTRL_X0Y0        BUFG (Prop_bufg_I_O)         0.096     3.521 r  CCLK_IBUF_BUFG_inst/O
                         net (fo=33, routed)          1.631     5.152    clk_div/CCLK
    SLICE_X0Y15          FDRE                                         r  clk_div/clkq_reg[0]/C
  -------------------------------------------------------------------    -------------------
    SLICE_X0Y15          FDRE (Prop_fdre_C_Q)         0.456     5.608 r  clk_div/clkq_reg[0]/Q
                         net (fo=2, routed)           0.782     6.390    clk_div/clkq_reg[0]
    SLICE_X1Y15          CARRY4 (Prop_carry4_CYINIT_CO[3])
                                                      0.580     6.970 r  clk_div/clkq_reg[0]_i_17/CO[3]
                         net (fo=1, routed)           0.000     6.970    clk_div/clkq_reg[0]_i_17_n_0
    SLICE_X1Y16          CARRY4 (Prop_carry4_CI_CO[3])
                                                      0.114     7.084 r  clk_div/clkq_reg[0]_i_16/CO[3]
                         net (fo=1, routed)           0.000     7.084    clk_div/clkq_reg[0]_i_16_n_0
    SLICE_X1Y17          CARRY4 (Prop_carry4_CI_CO[3])
                                                      0.114     7.198 r  clk_div/clkq_reg[0]_i_14/CO[3]
                         net (fo=1, routed)           0.000     7.198    clk_div/clkq_reg[0]_i_14_n_0
    SLICE_X1Y18          CARRY4 (Prop_carry4_CI_O[3])
                                                      0.313     7.511 r  clk_div/clkq_reg[0]_i_15/O[3]
                         net (fo=1, routed)           0.968     8.480    clk_div/p_0_in[16]
    SLICE_X2Y19          LUT3 (Prop_lut3_I0_O)        0.306     8.786 r  clk_div/clkq[0]_i_7/O
                         net (fo=1, routed)           0.670     9.456    clk_div/clkq[0]_i_7_n_0
    SLICE_X2Y19          LUT6 (Prop_lut6_I4_O)        0.124     9.580 r  clk_div/clkq[0]_i_1/O
                         net (fo=33, routed)          0.678    10.258    clk_div/clear
    SLICE_X0Y22          FDRE                                         r  clk_div/clkq_reg[29]/R
  -------------------------------------------------------------------    -------------------

                         (clock sys_clk_pin rise edge)
                                                     10.000    10.000 r  
    W5                                                0.000    10.000 r  CCLK (IN)
                         net (fo=0)                   0.000    10.000    CCLK
    W5                   IBUF (Prop_ibuf_I_O)         1.388    11.388 r  CCLK_IBUF_inst/O
                         net (fo=1, routed)           1.862    13.250    CCLK_IBUF
    BUFGCTRL_X0Y0        BUFG (Prop_bufg_I_O)         0.091    13.341 r  CCLK_IBUF_BUFG_inst/O
                         net (fo=33, routed)          1.505    14.846    clk_div/CCLK
    SLICE_X0Y22          FDRE                                         r  clk_div/clkq_reg[29]/C
                         clock pessimism              0.274    15.120    
                         clock uncertainty           -0.035    15.085    
    SLICE_X0Y22          FDRE (Setup_fdre_C_R)       -0.429    14.656    clk_div/clkq_reg[29]
  -------------------------------------------------------------------
                         required time                         14.656    
                         arrival time                         -10.258    
  -------------------------------------------------------------------
                         slack                                  4.398    





Min Delay Paths
--------------------------------------------------------------------------------------
Slack (MET) :             0.336ns  (arrival time - required time)
  Source:                 clk_div/clkq_reg[0]/C
                            (rising edge-triggered cell FDRE clocked by sys_clk_pin  {rise@0.000ns fall@5.000ns period=10.000ns})
  Destination:            clk_div/clkq_reg[0]/D
                            (rising edge-triggered cell FDRE clocked by sys_clk_pin  {rise@0.000ns fall@5.000ns period=10.000ns})
  Path Group:             sys_clk_pin
  Path Type:              Hold (Min at Fast Process Corner)
  Requirement:            0.000ns  (sys_clk_pin rise@0.000ns - sys_clk_pin rise@0.000ns)
  Data Path Delay:        0.441ns  (logic 0.256ns (58.077%)  route 0.185ns (41.923%))
  Logic Levels:           2  (CARRY4=1 LUT1=1)
  Clock Path Skew:        0.000ns (DCD - SCD - CPR)
    Destination Clock Delay (DCD):    1.987ns
    Source Clock Delay      (SCD):    1.474ns
    Clock Pessimism Removal (CPR):    0.513ns

    Location             Delay type                Incr(ns)  Path(ns)    Netlist Resource(s)
  -------------------------------------------------------------------    -------------------
                         (clock sys_clk_pin rise edge)
                                                      0.000     0.000 r  
    W5                                                0.000     0.000 r  CCLK (IN)
                         net (fo=0)                   0.000     0.000    CCLK
    W5                   IBUF (Prop_ibuf_I_O)         0.226     0.226 r  CCLK_IBUF_inst/O
                         net (fo=1, routed)           0.631     0.858    CCLK_IBUF
    BUFGCTRL_X0Y0        BUFG (Prop_bufg_I_O)         0.026     0.884 r  CCLK_IBUF_BUFG_inst/O
                         net (fo=33, routed)          0.591     1.474    clk_div/CCLK
    SLICE_X0Y15          FDRE                                         r  clk_div/clkq_reg[0]/C
  -------------------------------------------------------------------    -------------------
    SLICE_X0Y15          FDRE (Prop_fdre_C_Q)         0.141     1.615 f  clk_div/clkq_reg[0]/Q
                         net (fo=2, routed)           0.185     1.800    clk_div/clkq_reg[0]
    SLICE_X0Y15          LUT1 (Prop_lut1_I0_O)        0.045     1.845 r  clk_div/clkq[0]_i_9/O
                         net (fo=1, routed)           0.000     1.845    clk_div/clkq[0]_i_9_n_0
    SLICE_X0Y15          CARRY4 (Prop_carry4_S[0]_O[0])
                                                      0.070     1.915 r  clk_div/clkq_reg[0]_i_2/O[0]
                         net (fo=1, routed)           0.000     1.915    clk_div/clkq_reg[0]_i_2_n_7
    SLICE_X0Y15          FDRE                                         r  clk_div/clkq_reg[0]/D
  -------------------------------------------------------------------    -------------------

                         (clock sys_clk_pin rise edge)
                                                      0.000     0.000 r  
    W5                                                0.000     0.000 r  CCLK (IN)
                         net (fo=0)                   0.000     0.000    CCLK
    W5                   IBUF (Prop_ibuf_I_O)         0.414     0.414 r  CCLK_IBUF_inst/O
                         net (fo=1, routed)           0.685     1.099    CCLK_IBUF
    BUFGCTRL_X0Y0        BUFG (Prop_bufg_I_O)         0.029     1.128 r  CCLK_IBUF_BUFG_inst/O
                         net (fo=33, routed)          0.860     1.987    clk_div/CCLK
    SLICE_X0Y15          FDRE                                         r  clk_div/clkq_reg[0]/C
                         clock pessimism             -0.513     1.474    
    SLICE_X0Y15          FDRE (Hold_fdre_C_D)         0.105     1.579    clk_div/clkq_reg[0]
  -------------------------------------------------------------------
                         required time                         -1.579    
                         arrival time                           1.915    
  -------------------------------------------------------------------
                         slack                                  0.336    

Slack (MET) :             0.338ns  (arrival time - required time)
  Source:                 clk_div/clkq_reg[12]/C
                            (rising edge-triggered cell FDRE clocked by sys_clk_pin  {rise@0.000ns fall@5.000ns period=10.000ns})
  Destination:            clk_div/clkq_reg[12]/D
                            (rising edge-triggered cell FDRE clocked by sys_clk_pin  {rise@0.000ns fall@5.000ns period=10.000ns})
  Path Group:             sys_clk_pin
  Path Type:              Hold (Min at Fast Process Corner)
  Requirement:            0.000ns  (sys_clk_pin rise@0.000ns - sys_clk_pin rise@0.000ns)
  Data Path Delay:        0.443ns  (logic 0.256ns (57.743%)  route 0.187ns (42.257%))
  Logic Levels:           1  (CARRY4=1)
  Clock Path Skew:        0.000ns (DCD - SCD - CPR)
    Destination Clock Delay (DCD):    1.984ns
    Source Clock Delay      (SCD):    1.471ns
    Clock Pessimism Removal (CPR):    0.513ns

    Location             Delay type                Incr(ns)  Path(ns)    Netlist Resource(s)
  -------------------------------------------------------------------    -------------------
                         (clock sys_clk_pin rise edge)
                                                      0.000     0.000 r  
    W5                                                0.000     0.000 r  CCLK (IN)
                         net (fo=0)                   0.000     0.000    CCLK
    W5                   IBUF (Prop_ibuf_I_O)         0.226     0.226 r  CCLK_IBUF_inst/O
                         net (fo=1, routed)           0.631     0.858    CCLK_IBUF
    BUFGCTRL_X0Y0        BUFG (Prop_bufg_I_O)         0.026     0.884 r  CCLK_IBUF_BUFG_inst/O
                         net (fo=33, routed)          0.588     1.471    clk_div/CCLK
    SLICE_X0Y18          FDRE                                         r  clk_div/clkq_reg[12]/C
  -------------------------------------------------------------------    -------------------
    SLICE_X0Y18          FDRE (Prop_fdre_C_Q)         0.141     1.612 r  clk_div/clkq_reg[12]/Q
                         net (fo=2, routed)           0.187     1.799    clk_div/clkq_reg[12]
    SLICE_X0Y18          CARRY4 (Prop_carry4_S[0]_O[0])
                                                      0.115     1.914 r  clk_div/clkq_reg[12]_i_1/O[0]
                         net (fo=1, routed)           0.000     1.914    clk_div/clkq_reg[12]_i_1_n_7
    SLICE_X0Y18          FDRE                                         r  clk_div/clkq_reg[12]/D
  -------------------------------------------------------------------    -------------------

                         (clock sys_clk_pin rise edge)
                                                      0.000     0.000 r  
    W5                                                0.000     0.000 r  CCLK (IN)
                         net (fo=0)                   0.000     0.000    CCLK
    W5                   IBUF (Prop_ibuf_I_O)         0.414     0.414 r  CCLK_IBUF_inst/O
                         net (fo=1, routed)           0.685     1.099    CCLK_IBUF
    BUFGCTRL_X0Y0        BUFG (Prop_bufg_I_O)         0.029     1.128 r  CCLK_IBUF_BUFG_inst/O
                         net (fo=33, routed)          0.857     1.984    clk_div/CCLK
    SLICE_X0Y18          FDRE                                         r  clk_div/clkq_reg[12]/C
                         clock pessimism             -0.513     1.471    
    SLICE_X0Y18          FDRE (Hold_fdre_C_D)         0.105     1.576    clk_div/clkq_reg[12]
  -------------------------------------------------------------------
                         required time                         -1.576    
                         arrival time                           1.914    
  -------------------------------------------------------------------
                         slack                                  0.338    

Slack (MET) :             0.340ns  (arrival time - required time)
  Source:                 clk_div/clkq_reg[16]/C
                            (rising edge-triggered cell FDRE clocked by sys_clk_pin  {rise@0.000ns fall@5.000ns period=10.000ns})
  Destination:            clk_div/clkq_reg[16]/D
                            (rising edge-triggered cell FDRE clocked by sys_clk_pin  {rise@0.000ns fall@5.000ns period=10.000ns})
  Path Group:             sys_clk_pin
  Path Type:              Hold (Min at Fast Process Corner)
  Requirement:            0.000ns  (sys_clk_pin rise@0.000ns - sys_clk_pin rise@0.000ns)
  Data Path Delay:        0.445ns  (logic 0.256ns (57.575%)  route 0.189ns (42.425%))
  Logic Levels:           1  (CARRY4=1)
  Clock Path Skew:        0.000ns (DCD - SCD - CPR)
    Destination Clock Delay (DCD):    1.983ns
    Source Clock Delay      (SCD):    1.470ns
    Clock Pessimism Removal (CPR):    0.513ns

    Location             Delay type                Incr(ns)  Path(ns)    Netlist Resource(s)
  -------------------------------------------------------------------    -------------------
                         (clock sys_clk_pin rise edge)
                                                      0.000     0.000 r  
    W5                                                0.000     0.000 r  CCLK (IN)
                         net (fo=0)                   0.000     0.000    CCLK
    W5                   IBUF (Prop_ibuf_I_O)         0.226     0.226 r  CCLK_IBUF_inst/O
                         net (fo=1, routed)           0.631     0.858    CCLK_IBUF
    BUFGCTRL_X0Y0        BUFG (Prop_bufg_I_O)         0.026     0.884 r  CCLK_IBUF_BUFG_inst/O
                         net (fo=33, routed)          0.587     1.470    clk_div/CCLK
    SLICE_X0Y19          FDRE                                         r  clk_div/clkq_reg[16]/C
  -------------------------------------------------------------------    -------------------
    SLICE_X0Y19          FDRE (Prop_fdre_C_Q)         0.141     1.611 r  clk_div/clkq_reg[16]/Q
                         net (fo=2, routed)           0.189     1.800    clk_div/clkq_reg[16]
    SLICE_X0Y19          CARRY4 (Prop_carry4_S[0]_O[0])
                                                      0.115     1.915 r  clk_div/clkq_reg[16]_i_1/O[0]
                         net (fo=1, routed)           0.000     1.915    clk_div/clkq_reg[16]_i_1_n_7
    SLICE_X0Y19          FDRE                                         r  clk_div/clkq_reg[16]/D
  -------------------------------------------------------------------    -------------------

                         (clock sys_clk_pin rise edge)
                                                      0.000     0.000 r  
    W5                                                0.000     0.000 r  CCLK (IN)
                         net (fo=0)                   0.000     0.000    CCLK
    W5                   IBUF (Prop_ibuf_I_O)         0.414     0.414 r  CCLK_IBUF_inst/O
                         net (fo=1, routed)           0.685     1.099    CCLK_IBUF
    BUFGCTRL_X0Y0        BUFG (Prop_bufg_I_O)         0.029     1.128 r  CCLK_IBUF_BUFG_inst/O
                         net (fo=33, routed)          0.856     1.983    clk_div/CCLK
    SLICE_X0Y19          FDRE                                         r  clk_div/clkq_reg[16]/C
                         clock pessimism             -0.513     1.470    
    SLICE_X0Y19          FDRE (Hold_fdre_C_D)         0.105     1.575    clk_div/clkq_reg[16]
  -------------------------------------------------------------------
                         required time                         -1.575    
                         arrival time                           1.915    
  -------------------------------------------------------------------
                         slack                                  0.340    

Slack (MET) :             0.340ns  (arrival time - required time)
  Source:                 clk_div/clkq_reg[28]/C
                            (rising edge-triggered cell FDRE clocked by sys_clk_pin  {rise@0.000ns fall@5.000ns period=10.000ns})
  Destination:            clk_div/clkq_reg[28]/D
                            (rising edge-triggered cell FDRE clocked by sys_clk_pin  {rise@0.000ns fall@5.000ns period=10.000ns})
  Path Group:             sys_clk_pin
  Path Type:              Hold (Min at Fast Process Corner)
  Requirement:            0.000ns  (sys_clk_pin rise@0.000ns - sys_clk_pin rise@0.000ns)
  Data Path Delay:        0.445ns  (logic 0.256ns (57.575%)  route 0.189ns (42.425%))
  Logic Levels:           1  (CARRY4=1)
  Clock Path Skew:        0.000ns (DCD - SCD - CPR)
    Destination Clock Delay (DCD):    1.980ns
    Source Clock Delay      (SCD):    1.468ns
    Clock Pessimism Removal (CPR):    0.512ns

    Location             Delay type                Incr(ns)  Path(ns)    Netlist Resource(s)
  -------------------------------------------------------------------    -------------------
                         (clock sys_clk_pin rise edge)
                                                      0.000     0.000 r  
    W5                                                0.000     0.000 r  CCLK (IN)
                         net (fo=0)                   0.000     0.000    CCLK
    W5                   IBUF (Prop_ibuf_I_O)         0.226     0.226 r  CCLK_IBUF_inst/O
                         net (fo=1, routed)           0.631     0.858    CCLK_IBUF
    BUFGCTRL_X0Y0        BUFG (Prop_bufg_I_O)         0.026     0.884 r  CCLK_IBUF_BUFG_inst/O
                         net (fo=33, routed)          0.585     1.468    clk_div/CCLK
    SLICE_X0Y22          FDRE                                         r  clk_div/clkq_reg[28]/C
  -------------------------------------------------------------------    -------------------
    SLICE_X0Y22          FDRE (Prop_fdre_C_Q)         0.141     1.609 r  clk_div/clkq_reg[28]/Q
                         net (fo=2, routed)           0.189     1.798    clk_div/clkq_reg[28]
    SLICE_X0Y22          CARRY4 (Prop_carry4_S[0]_O[0])
                                                      0.115     1.913 r  clk_div/clkq_reg[28]_i_1/O[0]
                         net (fo=1, routed)           0.000     1.913    clk_div/clkq_reg[28]_i_1_n_7
    SLICE_X0Y22          FDRE                                         r  clk_div/clkq_reg[28]/D
  -------------------------------------------------------------------    -------------------

                         (clock sys_clk_pin rise edge)
                                                      0.000     0.000 r  
    W5                                                0.000     0.000 r  CCLK (IN)
                         net (fo=0)                   0.000     0.000    CCLK
    W5                   IBUF (Prop_ibuf_I_O)         0.414     0.414 r  CCLK_IBUF_inst/O
                         net (fo=1, routed)           0.685     1.099    CCLK_IBUF
    BUFGCTRL_X0Y0        BUFG (Prop_bufg_I_O)         0.029     1.128 r  CCLK_IBUF_BUFG_inst/O
                         net (fo=33, routed)          0.853     1.980    clk_div/CCLK
    SLICE_X0Y22          FDRE                                         r  clk_div/clkq_reg[28]/C
                         clock pessimism             -0.512     1.468    
    SLICE_X0Y22          FDRE (Hold_fdre_C_D)         0.105     1.573    clk_div/clkq_reg[28]
  -------------------------------------------------------------------
                         required time                         -1.573    
                         arrival time                           1.913    
  -------------------------------------------------------------------
                         slack                                  0.340    

Slack (MET) :             0.340ns  (arrival time - required time)
  Source:                 clk_div/clkq_reg[4]/C
                            (rising edge-triggered cell FDRE clocked by sys_clk_pin  {rise@0.000ns fall@5.000ns period=10.000ns})
  Destination:            clk_div/clkq_reg[4]/D
                            (rising edge-triggered cell FDRE clocked by sys_clk_pin  {rise@0.000ns fall@5.000ns period=10.000ns})
  Path Group:             sys_clk_pin
  Path Type:              Hold (Min at Fast Process Corner)
  Requirement:            0.000ns  (sys_clk_pin rise@0.000ns - sys_clk_pin rise@0.000ns)
  Data Path Delay:        0.445ns  (logic 0.256ns (57.575%)  route 0.189ns (42.425%))
  Logic Levels:           1  (CARRY4=1)
  Clock Path Skew:        0.000ns (DCD - SCD - CPR)
    Destination Clock Delay (DCD):    1.986ns
    Source Clock Delay      (SCD):    1.473ns
    Clock Pessimism Removal (CPR):    0.513ns

    Location             Delay type                Incr(ns)  Path(ns)    Netlist Resource(s)
  -------------------------------------------------------------------    -------------------
                         (clock sys_clk_pin rise edge)
                                                      0.000     0.000 r  
    W5                                                0.000     0.000 r  CCLK (IN)
                         net (fo=0)                   0.000     0.000    CCLK
    W5                   IBUF (Prop_ibuf_I_O)         0.226     0.226 r  CCLK_IBUF_inst/O
                         net (fo=1, routed)           0.631     0.858    CCLK_IBUF
    BUFGCTRL_X0Y0        BUFG (Prop_bufg_I_O)         0.026     0.884 r  CCLK_IBUF_BUFG_inst/O
                         net (fo=33, routed)          0.590     1.473    clk_div/CCLK
    SLICE_X0Y16          FDRE                                         r  clk_div/clkq_reg[4]/C
  -------------------------------------------------------------------    -------------------
    SLICE_X0Y16          FDRE (Prop_fdre_C_Q)         0.141     1.614 r  clk_div/clkq_reg[4]/Q
                         net (fo=2, routed)           0.189     1.803    clk_div/clkq_reg[4]
    SLICE_X0Y16          CARRY4 (Prop_carry4_S[0]_O[0])
                                                      0.115     1.918 r  clk_div/clkq_reg[4]_i_1/O[0]
                         net (fo=1, routed)           0.000     1.918    clk_div/clkq_reg[4]_i_1_n_7
    SLICE_X0Y16          FDRE                                         r  clk_div/clkq_reg[4]/D
  -------------------------------------------------------------------    -------------------

                         (clock sys_clk_pin rise edge)
                                                      0.000     0.000 r  
    W5                                                0.000     0.000 r  CCLK (IN)
                         net (fo=0)                   0.000     0.000    CCLK
    W5                   IBUF (Prop_ibuf_I_O)         0.414     0.414 r  CCLK_IBUF_inst/O
                         net (fo=1, routed)           0.685     1.099    CCLK_IBUF
    BUFGCTRL_X0Y0        BUFG (Prop_bufg_I_O)         0.029     1.128 r  CCLK_IBUF_BUFG_inst/O
                         net (fo=33, routed)          0.859     1.986    clk_div/CCLK
    SLICE_X0Y16          FDRE                                         r  clk_div/clkq_reg[4]/C
                         clock pessimism             -0.513     1.473    
    SLICE_X0Y16          FDRE (Hold_fdre_C_D)         0.105     1.578    clk_div/clkq_reg[4]
  -------------------------------------------------------------------
                         required time                         -1.578    
                         arrival time                           1.918    
  -------------------------------------------------------------------
                         slack                                  0.340    

Slack (MET) :             0.369ns  (arrival time - required time)
  Source:                 clk_div/clkq_reg[24]/C
                            (rising edge-triggered cell FDRE clocked by sys_clk_pin  {rise@0.000ns fall@5.000ns period=10.000ns})
  Destination:            clk_div/clkq_reg[24]/D
                            (rising edge-triggered cell FDRE clocked by sys_clk_pin  {rise@0.000ns fall@5.000ns period=10.000ns})
  Path Group:             sys_clk_pin
  Path Type:              Hold (Min at Fast Process Corner)
  Requirement:            0.000ns  (sys_clk_pin rise@0.000ns - sys_clk_pin rise@0.000ns)
  Data Path Delay:        0.474ns  (logic 0.256ns (53.970%)  route 0.218ns (46.030%))
  Logic Levels:           1  (CARRY4=1)
  Clock Path Skew:        0.000ns (DCD - SCD - CPR)
    Destination Clock Delay (DCD):    1.981ns
    Source Clock Delay      (SCD):    1.468ns
    Clock Pessimism Removal (CPR):    0.513ns

    Location             Delay type                Incr(ns)  Path(ns)    Netlist Resource(s)
  -------------------------------------------------------------------    -------------------
                         (clock sys_clk_pin rise edge)
                                                      0.000     0.000 r  
    W5                                                0.000     0.000 r  CCLK (IN)
                         net (fo=0)                   0.000     0.000    CCLK
    W5                   IBUF (Prop_ibuf_I_O)         0.226     0.226 r  CCLK_IBUF_inst/O
                         net (fo=1, routed)           0.631     0.858    CCLK_IBUF
    BUFGCTRL_X0Y0        BUFG (Prop_bufg_I_O)         0.026     0.884 r  CCLK_IBUF_BUFG_inst/O
                         net (fo=33, routed)          0.585     1.468    clk_div/CCLK
    SLICE_X0Y21          FDRE                                         r  clk_div/clkq_reg[24]/C
  -------------------------------------------------------------------    -------------------
    SLICE_X0Y21          FDRE (Prop_fdre_C_Q)         0.141     1.609 r  clk_div/clkq_reg[24]/Q
                         net (fo=2, routed)           0.218     1.827    clk_div/clkq_reg[24]
    SLICE_X0Y21          CARRY4 (Prop_carry4_S[0]_O[0])
                                                      0.115     1.942 r  clk_div/clkq_reg[24]_i_1/O[0]
                         net (fo=1, routed)           0.000     1.942    clk_div/clkq_reg[24]_i_1_n_7
    SLICE_X0Y21          FDRE                                         r  clk_div/clkq_reg[24]/D
  -------------------------------------------------------------------    -------------------

                         (clock sys_clk_pin rise edge)
                                                      0.000     0.000 r  
    W5                                                0.000     0.000 r  CCLK (IN)
                         net (fo=0)                   0.000     0.000    CCLK
    W5                   IBUF (Prop_ibuf_I_O)         0.414     0.414 r  CCLK_IBUF_inst/O
                         net (fo=1, routed)           0.685     1.099    CCLK_IBUF
    BUFGCTRL_X0Y0        BUFG (Prop_bufg_I_O)         0.029     1.128 r  CCLK_IBUF_BUFG_inst/O
                         net (fo=33, routed)          0.854     1.981    clk_div/CCLK
    SLICE_X0Y21          FDRE                                         r  clk_div/clkq_reg[24]/C
                         clock pessimism             -0.513     1.468    
    SLICE_X0Y21          FDRE (Hold_fdre_C_D)         0.105     1.573    clk_div/clkq_reg[24]
  -------------------------------------------------------------------
                         required time                         -1.573    
                         arrival time                           1.942    
  -------------------------------------------------------------------
                         slack                                  0.369    

Slack (MET) :             0.369ns  (arrival time - required time)
  Source:                 clk_div/clkq_reg[20]/C
                            (rising edge-triggered cell FDRE clocked by sys_clk_pin  {rise@0.000ns fall@5.000ns period=10.000ns})
  Destination:            clk_div/clkq_reg[20]/D
                            (rising edge-triggered cell FDRE clocked by sys_clk_pin  {rise@0.000ns fall@5.000ns period=10.000ns})
  Path Group:             sys_clk_pin
  Path Type:              Hold (Min at Fast Process Corner)
  Requirement:            0.000ns  (sys_clk_pin rise@0.000ns - sys_clk_pin rise@0.000ns)
  Data Path Delay:        0.474ns  (logic 0.256ns (53.970%)  route 0.218ns (46.030%))
  Logic Levels:           1  (CARRY4=1)
  Clock Path Skew:        0.000ns (DCD - SCD - CPR)
    Destination Clock Delay (DCD):    1.982ns
    Source Clock Delay      (SCD):    1.469ns
    Clock Pessimism Removal (CPR):    0.513ns

    Location             Delay type                Incr(ns)  Path(ns)    Netlist Resource(s)
  -------------------------------------------------------------------    -------------------
                         (clock sys_clk_pin rise edge)
                                                      0.000     0.000 r  
    W5                                                0.000     0.000 r  CCLK (IN)
                         net (fo=0)                   0.000     0.000    CCLK
    W5                   IBUF (Prop_ibuf_I_O)         0.226     0.226 r  CCLK_IBUF_inst/O
                         net (fo=1, routed)           0.631     0.858    CCLK_IBUF
    BUFGCTRL_X0Y0        BUFG (Prop_bufg_I_O)         0.026     0.884 r  CCLK_IBUF_BUFG_inst/O
                         net (fo=33, routed)          0.586     1.469    clk_div/CCLK
    SLICE_X0Y20          FDRE                                         r  clk_div/clkq_reg[20]/C
  -------------------------------------------------------------------    -------------------
    SLICE_X0Y20          FDRE (Prop_fdre_C_Q)         0.141     1.610 r  clk_div/clkq_reg[20]/Q
                         net (fo=2, routed)           0.218     1.828    clk_div/clkq_reg[20]
    SLICE_X0Y20          CARRY4 (Prop_carry4_S[0]_O[0])
                                                      0.115     1.943 r  clk_div/clkq_reg[20]_i_1/O[0]
                         net (fo=1, routed)           0.000     1.943    clk_div/clkq_reg[20]_i_1_n_7
    SLICE_X0Y20          FDRE                                         r  clk_div/clkq_reg[20]/D
  -------------------------------------------------------------------    -------------------

                         (clock sys_clk_pin rise edge)
                                                      0.000     0.000 r  
    W5                                                0.000     0.000 r  CCLK (IN)
                         net (fo=0)                   0.000     0.000    CCLK
    W5                   IBUF (Prop_ibuf_I_O)         0.414     0.414 r  CCLK_IBUF_inst/O
                         net (fo=1, routed)           0.685     1.099    CCLK_IBUF
    BUFGCTRL_X0Y0        BUFG (Prop_bufg_I_O)         0.029     1.128 r  CCLK_IBUF_BUFG_inst/O
                         net (fo=33, routed)          0.855     1.982    clk_div/CCLK
    SLICE_X0Y20          FDRE                                         r  clk_div/clkq_reg[20]/C
                         clock pessimism             -0.513     1.469    
    SLICE_X0Y20          FDRE (Hold_fdre_C_D)         0.105     1.574    clk_div/clkq_reg[20]
  -------------------------------------------------------------------
                         required time                         -1.574    
                         arrival time                           1.943    
  -------------------------------------------------------------------
                         slack                                  0.369    

Slack (MET) :             0.372ns  (arrival time - required time)
  Source:                 clk_div/clkq_reg[0]/C
                            (rising edge-triggered cell FDRE clocked by sys_clk_pin  {rise@0.000ns fall@5.000ns period=10.000ns})
  Destination:            clk_div/clkq_reg[1]/D
                            (rising edge-triggered cell FDRE clocked by sys_clk_pin  {rise@0.000ns fall@5.000ns period=10.000ns})
  Path Group:             sys_clk_pin
  Path Type:              Hold (Min at Fast Process Corner)
  Requirement:            0.000ns  (sys_clk_pin rise@0.000ns - sys_clk_pin rise@0.000ns)
  Data Path Delay:        0.477ns  (logic 0.292ns (61.242%)  route 0.185ns (38.758%))
  Logic Levels:           2  (CARRY4=1 LUT1=1)
  Clock Path Skew:        0.000ns (DCD - SCD - CPR)
    Destination Clock Delay (DCD):    1.987ns
    Source Clock Delay      (SCD):    1.474ns
    Clock Pessimism Removal (CPR):    0.513ns

    Location             Delay type                Incr(ns)  Path(ns)    Netlist Resource(s)
  -------------------------------------------------------------------    -------------------
                         (clock sys_clk_pin rise edge)
                                                      0.000     0.000 r  
    W5                                                0.000     0.000 r  CCLK (IN)
                         net (fo=0)                   0.000     0.000    CCLK
    W5                   IBUF (Prop_ibuf_I_O)         0.226     0.226 r  CCLK_IBUF_inst/O
                         net (fo=1, routed)           0.631     0.858    CCLK_IBUF
    BUFGCTRL_X0Y0        BUFG (Prop_bufg_I_O)         0.026     0.884 r  CCLK_IBUF_BUFG_inst/O
                         net (fo=33, routed)          0.591     1.474    clk_div/CCLK
    SLICE_X0Y15          FDRE                                         r  clk_div/clkq_reg[0]/C
  -------------------------------------------------------------------    -------------------
    SLICE_X0Y15          FDRE (Prop_fdre_C_Q)         0.141     1.615 f  clk_div/clkq_reg[0]/Q
                         net (fo=2, routed)           0.185     1.800    clk_div/clkq_reg[0]
    SLICE_X0Y15          LUT1 (Prop_lut1_I0_O)        0.045     1.845 r  clk_div/clkq[0]_i_9/O
                         net (fo=1, routed)           0.000     1.845    clk_div/clkq[0]_i_9_n_0
    SLICE_X0Y15          CARRY4 (Prop_carry4_S[0]_O[1])
                                                      0.106     1.951 r  clk_div/clkq_reg[0]_i_2/O[1]
                         net (fo=1, routed)           0.000     1.951    clk_div/clkq_reg[0]_i_2_n_6
    SLICE_X0Y15          FDRE                                         r  clk_div/clkq_reg[1]/D
  -------------------------------------------------------------------    -------------------

                         (clock sys_clk_pin rise edge)
                                                      0.000     0.000 r  
    W5                                                0.000     0.000 r  CCLK (IN)
                         net (fo=0)                   0.000     0.000    CCLK
    W5                   IBUF (Prop_ibuf_I_O)         0.414     0.414 r  CCLK_IBUF_inst/O
                         net (fo=1, routed)           0.685     1.099    CCLK_IBUF
    BUFGCTRL_X0Y0        BUFG (Prop_bufg_I_O)         0.029     1.128 r  CCLK_IBUF_BUFG_inst/O
                         net (fo=33, routed)          0.860     1.987    clk_div/CCLK
    SLICE_X0Y15          FDRE                                         r  clk_div/clkq_reg[1]/C
                         clock pessimism             -0.513     1.474    
    SLICE_X0Y15          FDRE (Hold_fdre_C_D)         0.105     1.579    clk_div/clkq_reg[1]
  -------------------------------------------------------------------
                         required time                         -1.579    
                         arrival time                           1.951    
  -------------------------------------------------------------------
                         slack                                  0.372    

Slack (MET) :             0.374ns  (arrival time - required time)
  Source:                 clk_div/clkq_reg[12]/C
                            (rising edge-triggered cell FDRE clocked by sys_clk_pin  {rise@0.000ns fall@5.000ns period=10.000ns})
  Destination:            clk_div/clkq_reg[13]/D
                            (rising edge-triggered cell FDRE clocked by sys_clk_pin  {rise@0.000ns fall@5.000ns period=10.000ns})
  Path Group:             sys_clk_pin
  Path Type:              Hold (Min at Fast Process Corner)
  Requirement:            0.000ns  (sys_clk_pin rise@0.000ns - sys_clk_pin rise@0.000ns)
  Data Path Delay:        0.479ns  (logic 0.292ns (60.917%)  route 0.187ns (39.083%))
  Logic Levels:           1  (CARRY4=1)
  Clock Path Skew:        0.000ns (DCD - SCD - CPR)
    Destination Clock Delay (DCD):    1.984ns
    Source Clock Delay      (SCD):    1.471ns
    Clock Pessimism Removal (CPR):    0.513ns

    Location             Delay type                Incr(ns)  Path(ns)    Netlist Resource(s)
  -------------------------------------------------------------------    -------------------
                         (clock sys_clk_pin rise edge)
                                                      0.000     0.000 r  
    W5                                                0.000     0.000 r  CCLK (IN)
                         net (fo=0)                   0.000     0.000    CCLK
    W5                   IBUF (Prop_ibuf_I_O)         0.226     0.226 r  CCLK_IBUF_inst/O
                         net (fo=1, routed)           0.631     0.858    CCLK_IBUF
    BUFGCTRL_X0Y0        BUFG (Prop_bufg_I_O)         0.026     0.884 r  CCLK_IBUF_BUFG_inst/O
                         net (fo=33, routed)          0.588     1.471    clk_div/CCLK
    SLICE_X0Y18          FDRE                                         r  clk_div/clkq_reg[12]/C
  -------------------------------------------------------------------    -------------------
    SLICE_X0Y18          FDRE (Prop_fdre_C_Q)         0.141     1.612 r  clk_div/clkq_reg[12]/Q
                         net (fo=2, routed)           0.187     1.799    clk_div/clkq_reg[12]
    SLICE_X0Y18          CARRY4 (Prop_carry4_S[0]_O[1])
                                                      0.151     1.950 r  clk_div/clkq_reg[12]_i_1/O[1]
                         net (fo=1, routed)           0.000     1.950    clk_div/clkq_reg[12]_i_1_n_6
    SLICE_X0Y18          FDRE                                         r  clk_div/clkq_reg[13]/D
  -------------------------------------------------------------------    -------------------

                         (clock sys_clk_pin rise edge)
                                                      0.000     0.000 r  
    W5                                                0.000     0.000 r  CCLK (IN)
                         net (fo=0)                   0.000     0.000    CCLK
    W5                   IBUF (Prop_ibuf_I_O)         0.414     0.414 r  CCLK_IBUF_inst/O
                         net (fo=1, routed)           0.685     1.099    CCLK_IBUF
    BUFGCTRL_X0Y0        BUFG (Prop_bufg_I_O)         0.029     1.128 r  CCLK_IBUF_BUFG_inst/O
                         net (fo=33, routed)          0.857     1.984    clk_div/CCLK
    SLICE_X0Y18          FDRE                                         r  clk_div/clkq_reg[13]/C
                         clock pessimism             -0.513     1.471    
    SLICE_X0Y18          FDRE (Hold_fdre_C_D)         0.105     1.576    clk_div/clkq_reg[13]
  -------------------------------------------------------------------
                         required time                         -1.576    
                         arrival time                           1.950    
  -------------------------------------------------------------------
                         slack                                  0.374    

Slack (MET) :             0.376ns  (arrival time - required time)
  Source:                 clk_div/clkq_reg[16]/C
                            (rising edge-triggered cell FDRE clocked by sys_clk_pin  {rise@0.000ns fall@5.000ns period=10.000ns})
  Destination:            clk_div/clkq_reg[17]/D
                            (rising edge-triggered cell FDRE clocked by sys_clk_pin  {rise@0.000ns fall@5.000ns period=10.000ns})
  Path Group:             sys_clk_pin
  Path Type:              Hold (Min at Fast Process Corner)
  Requirement:            0.000ns  (sys_clk_pin rise@0.000ns - sys_clk_pin rise@0.000ns)
  Data Path Delay:        0.481ns  (logic 0.292ns (60.752%)  route 0.189ns (39.248%))
  Logic Levels:           1  (CARRY4=1)
  Clock Path Skew:        0.000ns (DCD - SCD - CPR)
    Destination Clock Delay (DCD):    1.983ns
    Source Clock Delay      (SCD):    1.470ns
    Clock Pessimism Removal (CPR):    0.513ns

    Location             Delay type                Incr(ns)  Path(ns)    Netlist Resource(s)
  -------------------------------------------------------------------    -------------------
                         (clock sys_clk_pin rise edge)
                                                      0.000     0.000 r  
    W5                                                0.000     0.000 r  CCLK (IN)
                         net (fo=0)                   0.000     0.000    CCLK
    W5                   IBUF (Prop_ibuf_I_O)         0.226     0.226 r  CCLK_IBUF_inst/O
                         net (fo=1, routed)           0.631     0.858    CCLK_IBUF
    BUFGCTRL_X0Y0        BUFG (Prop_bufg_I_O)         0.026     0.884 r  CCLK_IBUF_BUFG_inst/O
                         net (fo=33, routed)          0.587     1.470    clk_div/CCLK
    SLICE_X0Y19          FDRE                                         r  clk_div/clkq_reg[16]/C
  -------------------------------------------------------------------    -------------------
    SLICE_X0Y19          FDRE (Prop_fdre_C_Q)         0.141     1.611 r  clk_div/clkq_reg[16]/Q
                         net (fo=2, routed)           0.189     1.800    clk_div/clkq_reg[16]
    SLICE_X0Y19          CARRY4 (Prop_carry4_S[0]_O[1])
                                                      0.151     1.951 r  clk_div/clkq_reg[16]_i_1/O[1]
                         net (fo=1, routed)           0.000     1.951    clk_div/clkq_reg[16]_i_1_n_6
    SLICE_X0Y19          FDRE                                         r  clk_div/clkq_reg[17]/D
  -------------------------------------------------------------------    -------------------

                         (clock sys_clk_pin rise edge)
                                                      0.000     0.000 r  
    W5                                                0.000     0.000 r  CCLK (IN)
                         net (fo=0)                   0.000     0.000    CCLK
    W5                   IBUF (Prop_ibuf_I_O)         0.414     0.414 r  CCLK_IBUF_inst/O
                         net (fo=1, routed)           0.685     1.099    CCLK_IBUF
    BUFGCTRL_X0Y0        BUFG (Prop_bufg_I_O)         0.029     1.128 r  CCLK_IBUF_BUFG_inst/O
                         net (fo=33, routed)          0.856     1.983    clk_div/CCLK
    SLICE_X0Y19          FDRE                                         r  clk_div/clkq_reg[17]/C
                         clock pessimism             -0.513     1.470    
    SLICE_X0Y19          FDRE (Hold_fdre_C_D)         0.105     1.575    clk_div/clkq_reg[17]
  -------------------------------------------------------------------
                         required time                         -1.575    
                         arrival time                           1.951    
  -------------------------------------------------------------------
                         slack                                  0.376    





Pulse Width Checks
--------------------------------------------------------------------------------------
Clock Name:         sys_clk_pin
Waveform(ns):       { 0.000 5.000 }
Period(ns):         10.000
Sources:            { CCLK }

Check Type        Corner  Lib Pin  Reference Pin  Required(ns)  Actual(ns)  Slack(ns)  Location       Pin
Min Period        n/a     BUFG/I   n/a            2.155         10.000      7.845      BUFGCTRL_X0Y0  CCLK_IBUF_BUFG_inst/I
Min Period        n/a     FDRE/C   n/a            1.000         10.000      9.000      SLICE_X2Y17    clk_div/clk_reg/C
Min Period        n/a     FDRE/C   n/a            1.000         10.000      9.000      SLICE_X0Y15    clk_div/clkq_reg[0]/C
Min Period        n/a     FDRE/C   n/a            1.000         10.000      9.000      SLICE_X0Y17    clk_div/clkq_reg[10]/C
Min Period        n/a     FDRE/C   n/a            1.000         10.000      9.000      SLICE_X0Y17    clk_div/clkq_reg[11]/C
Min Period        n/a     FDRE/C   n/a            1.000         10.000      9.000      SLICE_X0Y18    clk_div/clkq_reg[12]/C
Min Period        n/a     FDRE/C   n/a            1.000         10.000      9.000      SLICE_X0Y18    clk_div/clkq_reg[13]/C
Min Period        n/a     FDRE/C   n/a            1.000         10.000      9.000      SLICE_X0Y18    clk_div/clkq_reg[14]/C
Min Period        n/a     FDRE/C   n/a            1.000         10.000      9.000      SLICE_X0Y18    clk_div/clkq_reg[15]/C
Min Period        n/a     FDRE/C   n/a            1.000         10.000      9.000      SLICE_X0Y19    clk_div/clkq_reg[16]/C
Low Pulse Width   Slow    FDRE/C   n/a            0.500         5.000       4.500      SLICE_X2Y17    clk_div/clk_reg/C
Low Pulse Width   Fast    FDRE/C   n/a            0.500         5.000       4.500      SLICE_X2Y17    clk_div/clk_reg/C
Low Pulse Width   Slow    FDRE/C   n/a            0.500         5.000       4.500      SLICE_X0Y15    clk_div/clkq_reg[0]/C
Low Pulse Width   Fast    FDRE/C   n/a            0.500         5.000       4.500      SLICE_X0Y15    clk_div/clkq_reg[0]/C
Low Pulse Width   Slow    FDRE/C   n/a            0.500         5.000       4.500      SLICE_X0Y17    clk_div/clkq_reg[10]/C
Low Pulse Width   Fast    FDRE/C   n/a            0.500         5.000       4.500      SLICE_X0Y17    clk_div/clkq_reg[10]/C
Low Pulse Width   Slow    FDRE/C   n/a            0.500         5.000       4.500      SLICE_X0Y17    clk_div/clkq_reg[11]/C
Low Pulse Width   Fast    FDRE/C   n/a            0.500         5.000       4.500      SLICE_X0Y17    clk_div/clkq_reg[11]/C
Low Pulse Width   Slow    FDRE/C   n/a            0.500         5.000       4.500      SLICE_X0Y18    clk_div/clkq_reg[12]/C
Low Pulse Width   Fast    FDRE/C   n/a            0.500         5.000       4.500      SLICE_X0Y18    clk_div/clkq_reg[12]/C
High Pulse Width  Slow    FDRE/C   n/a            0.500         5.000       4.500      SLICE_X2Y17    clk_div/clk_reg/C
High Pulse Width  Fast    FDRE/C   n/a            0.500         5.000       4.500      SLICE_X2Y17    clk_div/clk_reg/C
High Pulse Width  Slow    FDRE/C   n/a            0.500         5.000       4.500      SLICE_X0Y15    clk_div/clkq_reg[0]/C
High Pulse Width  Fast    FDRE/C   n/a            0.500         5.000       4.500      SLICE_X0Y15    clk_div/clkq_reg[0]/C
High Pulse Width  Slow    FDRE/C   n/a            0.500         5.000       4.500      SLICE_X0Y17    clk_div/clkq_reg[10]/C
High Pulse Width  Fast    FDRE/C   n/a            0.500         5.000       4.500      SLICE_X0Y17    clk_div/clkq_reg[10]/C
High Pulse Width  Slow    FDRE/C   n/a            0.500         5.000       4.500      SLICE_X0Y17    clk_div/clkq_reg[11]/C
High Pulse Width  Fast    FDRE/C   n/a            0.500         5.000       4.500      SLICE_X0Y17    clk_div/clkq_reg[11]/C
High Pulse Width  Slow    FDRE/C   n/a            0.500         5.000       4.500      SLICE_X0Y18    clk_div/clkq_reg[12]/C
High Pulse Width  Fast    FDRE/C   n/a            0.500         5.000       4.500      SLICE_X0Y18    clk_div/clkq_reg[12]/C



--------------------------------------------------------------------------------------
Path Group:  (none)
From Clock:  
  To Clock:  

Max Delay            61 Endpoints
Min Delay            61 Endpoints
--------------------------------------------------------------------------------------


Max Delay Paths
--------------------------------------------------------------------------------------
Slack:                    inf
  Source:                 lfsr_inst/max_tick_reg_reg/C
                            (rising edge-triggered cell FDCE)
  Destination:            max_tick
                            (output port)
  Path Group:             (none)
  Path Type:              Max at Slow Process Corner
  Data Path Delay:        9.033ns  (logic 3.977ns (44.032%)  route 5.056ns (55.968%))
  Logic Levels:           2  (FDCE=1 OBUF=1)

    Location             Delay type                Incr(ns)  Path(ns)    Netlist Resource(s)
  -------------------------------------------------------------------    -------------------
    SLICE_X3Y19          FDCE                         0.000     0.000 r  lfsr_inst/max_tick_reg_reg/C
    SLICE_X3Y19          FDCE (Prop_fdce_C_Q)         0.456     0.456 r  lfsr_inst/max_tick_reg_reg/Q
                         net (fo=1, routed)           5.056     5.512    max_tick_OBUF
    L1                   OBUF (Prop_obuf_I_O)         3.521     9.033 r  max_tick_OBUF_inst/O
                         net (fo=0)                   0.000     9.033    max_tick
    L1                                                                r  max_tick (OUT)
  -------------------------------------------------------------------    -------------------

Slack:                    inf
  Source:                 lfsr_inst/lfsr_reg_reg[10]_lopt_replica/C
                            (rising edge-triggered cell FDCE)
  Destination:            lfsr_reg[10]
                            (output port)
  Path Group:             (none)
  Path Type:              Max at Slow Process Corner
  Data Path Delay:        7.923ns  (logic 3.981ns (50.252%)  route 3.941ns (49.748%))
  Logic Levels:           2  (FDCE=1 OBUF=1)

    Location             Delay type                Incr(ns)  Path(ns)    Netlist Resource(s)
  -------------------------------------------------------------------    -------------------
    SLICE_X3Y19          FDCE                         0.000     0.000 r  lfsr_inst/lfsr_reg_reg[10]_lopt_replica/C
    SLICE_X3Y19          FDCE (Prop_fdce_C_Q)         0.456     0.456 r  lfsr_inst/lfsr_reg_reg[10]_lopt_replica/Q
                         net (fo=1, routed)           3.941     4.397    lopt
    W3                   OBUF (Prop_obuf_I_O)         3.525     7.923 r  lfsr_reg_OBUF[10]_inst/O
                         net (fo=0)                   0.000     7.923    lfsr_reg[10]
    W3                                                                r  lfsr_reg[10] (OUT)
  -------------------------------------------------------------------    -------------------

Slack:                    inf
  Source:                 lfsr_inst/lfsr_reg_reg[11]_lopt_replica/C
                            (rising edge-triggered cell FDCE)
  Destination:            lfsr_reg[11]
                            (output port)
  Path Group:             (none)
  Path Type:              Max at Slow Process Corner
  Data Path Delay:        7.744ns  (logic 3.960ns (51.135%)  route 3.784ns (48.865%))
  Logic Levels:           2  (FDCE=1 OBUF=1)

    Location             Delay type                Incr(ns)  Path(ns)    Netlist Resource(s)
  -------------------------------------------------------------------    -------------------
    SLICE_X3Y19          FDCE                         0.000     0.000 r  lfsr_inst/lfsr_reg_reg[11]_lopt_replica/C
    SLICE_X3Y19          FDCE (Prop_fdce_C_Q)         0.456     0.456 r  lfsr_inst/lfsr_reg_reg[11]_lopt_replica/Q
                         net (fo=1, routed)           3.784     4.240    lopt_1
    U3                   OBUF (Prop_obuf_I_O)         3.504     7.744 r  lfsr_reg_OBUF[11]_inst/O
                         net (fo=0)                   0.000     7.744    lfsr_reg[11]
    U3                                                                r  lfsr_reg[11] (OUT)
  -------------------------------------------------------------------    -------------------

Slack:                    inf
  Source:                 lfsr_inst/lfsr_reg_reg[9]_lopt_replica/C
                            (rising edge-triggered cell FDPE)
  Destination:            lfsr_reg[9]
                            (output port)
  Path Group:             (none)
  Path Type:              Max at Slow Process Corner
  Data Path Delay:        7.532ns  (logic 3.964ns (52.631%)  route 3.568ns (47.369%))
  Logic Levels:           2  (FDPE=1 OBUF=1)

    Location             Delay type                Incr(ns)  Path(ns)    Netlist Resource(s)
  -------------------------------------------------------------------    -------------------
    SLICE_X3Y19          FDPE                         0.000     0.000 r  lfsr_inst/lfsr_reg_reg[9]_lopt_replica/C
    SLICE_X3Y19          FDPE (Prop_fdpe_C_Q)         0.456     0.456 r  lfsr_inst/lfsr_reg_reg[9]_lopt_replica/Q
                         net (fo=1, routed)           3.568     4.024    lopt_10
    V3                   OBUF (Prop_obuf_I_O)         3.508     7.532 r  lfsr_reg_OBUF[9]_inst/O
                         net (fo=0)                   0.000     7.532    lfsr_reg[9]
    V3                                                                r  lfsr_reg[9] (OUT)
  -------------------------------------------------------------------    -------------------

Slack:                    inf
  Source:                 lfsr_inst/lfsr_reg_reg[1]_lopt_replica/C
                            (rising edge-triggered cell FDCE)
  Destination:            lfsr_reg[1]
                            (output port)
  Path Group:             (none)
  Path Type:              Max at Slow Process Corner
  Data Path Delay:        6.483ns  (logic 3.986ns (61.481%)  route 2.497ns (38.519%))
  Logic Levels:           2  (FDCE=1 OBUF=1)

    Location             Delay type                Incr(ns)  Path(ns)    Netlist Resource(s)
  -------------------------------------------------------------------    -------------------
    SLICE_X1Y19          FDCE                         0.000     0.000 r  lfsr_inst/lfsr_reg_reg[1]_lopt_replica/C
    SLICE_X1Y19          FDCE (Prop_fdce_C_Q)         0.456     0.456 r  lfsr_inst/lfsr_reg_reg[1]_lopt_replica/Q
                         net (fo=1, routed)           2.497     2.953    lopt_2
    E19                  OBUF (Prop_obuf_I_O)         3.530     6.483 r  lfsr_reg_OBUF[1]_inst/O
                         net (fo=0)                   0.000     6.483    lfsr_reg[1]
    E19                                                               r  lfsr_reg[1] (OUT)
  -------------------------------------------------------------------    -------------------

Slack:                    inf
  Source:                 lfsr_inst/lfsr_reg_reg[0]/C
                            (rising edge-triggered cell FDPE)
  Destination:            lfsr_reg[0]
                            (output port)
  Path Group:             (none)
  Path Type:              Max at Slow Process Corner
  Data Path Delay:        6.308ns  (logic 4.023ns (63.774%)  route 2.285ns (36.226%))
  Logic Levels:           2  (FDPE=1 OBUF=1)

    Location             Delay type                Incr(ns)  Path(ns)    Netlist Resource(s)
  -------------------------------------------------------------------    -------------------
    SLICE_X2Y19          FDPE                         0.000     0.000 r  lfsr_inst/lfsr_reg_reg[0]/C
    SLICE_X2Y19          FDPE (Prop_fdpe_C_Q)         0.518     0.518 r  lfsr_inst/lfsr_reg_reg[0]/Q
                         net (fo=5, routed)           2.285     2.803    lfsr_reg_OBUF[0]
    U16                  OBUF (Prop_obuf_I_O)         3.505     6.308 r  lfsr_reg_OBUF[0]_inst/O
                         net (fo=0)                   0.000     6.308    lfsr_reg[0]
    U16                                                               r  lfsr_reg[0] (OUT)
  -------------------------------------------------------------------    -------------------

Slack:                    inf
  Source:                 lfsr_inst/lfsr_reg_reg[7]_lopt_replica/C
                            (rising edge-triggered cell FDPE)
  Destination:            lfsr_reg[7]
                            (output port)
  Path Group:             (none)
  Path Type:              Max at Slow Process Corner
  Data Path Delay:        6.223ns  (logic 3.957ns (63.583%)  route 2.266ns (36.417%))
  Logic Levels:           2  (FDPE=1 OBUF=1)

    Location             Delay type                Incr(ns)  Path(ns)    Netlist Resource(s)
  -------------------------------------------------------------------    -------------------
    SLICE_X1Y16          FDPE                         0.000     0.000 r  lfsr_inst/lfsr_reg_reg[7]_lopt_replica/C
    SLICE_X1Y16          FDPE (Prop_fdpe_C_Q)         0.456     0.456 r  lfsr_inst/lfsr_reg_reg[7]_lopt_replica/Q
                         net (fo=1, routed)           2.266     2.722    lopt_8
    V14                  OBUF (Prop_obuf_I_O)         3.501     6.223 r  lfsr_reg_OBUF[7]_inst/O
                         net (fo=0)                   0.000     6.223    lfsr_reg[7]
    V14                                                               r  lfsr_reg[7] (OUT)
  -------------------------------------------------------------------    -------------------

Slack:                    inf
  Source:                 lfsr_inst/lfsr_reg_reg[6]_lopt_replica/C
                            (rising edge-triggered cell FDCE)
  Destination:            lfsr_reg[6]
                            (output port)
  Path Group:             (none)
  Path Type:              Max at Slow Process Corner
  Data Path Delay:        6.086ns  (logic 3.962ns (65.101%)  route 2.124ns (34.899%))
  Logic Levels:           2  (FDCE=1 OBUF=1)

    Location             Delay type                Incr(ns)  Path(ns)    Netlist Resource(s)
  -------------------------------------------------------------------    -------------------
    SLICE_X1Y16          FDCE                         0.000     0.000 r  lfsr_inst/lfsr_reg_reg[6]_lopt_replica/C
    SLICE_X1Y16          FDCE (Prop_fdce_C_Q)         0.456     0.456 r  lfsr_inst/lfsr_reg_reg[6]_lopt_replica/Q
                         net (fo=1, routed)           2.124     2.580    lopt_7
    U14                  OBUF (Prop_obuf_I_O)         3.506     6.086 r  lfsr_reg_OBUF[6]_inst/O
                         net (fo=0)                   0.000     6.086    lfsr_reg[6]
    U14                                                               r  lfsr_reg[6] (OUT)
  -------------------------------------------------------------------    -------------------

Slack:                    inf
  Source:                 lfsr_inst/lfsr_reg_reg[8]_lopt_replica/C
                            (rising edge-triggered cell FDCE)
  Destination:            lfsr_reg[8]
                            (output port)
  Path Group:             (none)
  Path Type:              Max at Slow Process Corner
  Data Path Delay:        6.084ns  (logic 3.960ns (65.089%)  route 2.124ns (34.911%))
  Logic Levels:           2  (FDCE=1 OBUF=1)

    Location             Delay type                Incr(ns)  Path(ns)    Netlist Resource(s)
  -------------------------------------------------------------------    -------------------
    SLICE_X1Y18          FDCE                         0.000     0.000 r  lfsr_inst/lfsr_reg_reg[8]_lopt_replica/C
    SLICE_X1Y18          FDCE (Prop_fdce_C_Q)         0.456     0.456 r  lfsr_inst/lfsr_reg_reg[8]_lopt_replica/Q
                         net (fo=1, routed)           2.124     2.580    lopt_9
    V13                  OBUF (Prop_obuf_I_O)         3.504     6.084 r  lfsr_reg_OBUF[8]_inst/O
                         net (fo=0)                   0.000     6.084    lfsr_reg[8]
    V13                                                               r  lfsr_reg[8] (OUT)
  -------------------------------------------------------------------    -------------------

Slack:                    inf
  Source:                 lfsr_inst/lfsr_reg_reg[5]_lopt_replica/C
                            (rising edge-triggered cell FDPE)
  Destination:            lfsr_reg[5]
                            (output port)
  Path Group:             (none)
  Path Type:              Max at Slow Process Corner
  Data Path Delay:        5.910ns  (logic 3.970ns (67.186%)  route 1.939ns (32.814%))
  Logic Levels:           2  (FDPE=1 OBUF=1)

    Location             Delay type                Incr(ns)  Path(ns)    Netlist Resource(s)
  -------------------------------------------------------------------    -------------------
    SLICE_X1Y16          FDPE                         0.000     0.000 r  lfsr_inst/lfsr_reg_reg[5]_lopt_replica/C
    SLICE_X1Y16          FDPE (Prop_fdpe_C_Q)         0.456     0.456 r  lfsr_inst/lfsr_reg_reg[5]_lopt_replica/Q
                         net (fo=1, routed)           1.939     2.395    lopt_6
    U15                  OBUF (Prop_obuf_I_O)         3.514     5.910 r  lfsr_reg_OBUF[5]_inst/O
                         net (fo=0)                   0.000     5.910    lfsr_reg[5]
    U15                                                               r  lfsr_reg[5] (OUT)
  -------------------------------------------------------------------    -------------------





Min Delay Paths
--------------------------------------------------------------------------------------
Slack:                    inf
  Source:                 lfsr_inst/lfsr_reg_reg[10]/C
                            (rising edge-triggered cell FDCE)
  Destination:            lfsr_inst/lfsr_reg_reg[11]/D
  Path Group:             (none)
  Path Type:              Min at Fast Process Corner
  Data Path Delay:        0.247ns  (logic 0.128ns (51.736%)  route 0.119ns (48.264%))
  Logic Levels:           1  (FDCE=1)

    Location             Delay type                Incr(ns)  Path(ns)    Netlist Resource(s)
  -------------------------------------------------------------------    -------------------
    SLICE_X3Y19          FDCE                         0.000     0.000 r  lfsr_inst/lfsr_reg_reg[10]/C
    SLICE_X3Y19          FDCE (Prop_fdce_C_Q)         0.128     0.128 r  lfsr_inst/lfsr_reg_reg[10]/Q
                         net (fo=3, routed)           0.119     0.247    lfsr_inst/Q[10]
    SLICE_X2Y19          FDCE                                         r  lfsr_inst/lfsr_reg_reg[11]/D
  -------------------------------------------------------------------    -------------------

Slack:                    inf
  Source:                 lfsr_inst/lfsr_reg_reg[7]/C
                            (rising edge-triggered cell FDPE)
  Destination:            lfsr_inst/lfsr_reg_reg[8]/D
  Path Group:             (none)
  Path Type:              Min at Fast Process Corner
  Data Path Delay:        0.254ns  (logic 0.141ns (55.481%)  route 0.113ns (44.519%))
  Logic Levels:           1  (FDPE=1)

    Location             Delay type                Incr(ns)  Path(ns)    Netlist Resource(s)
  -------------------------------------------------------------------    -------------------
    SLICE_X1Y19          FDPE                         0.000     0.000 r  lfsr_inst/lfsr_reg_reg[7]/C
    SLICE_X1Y19          FDPE (Prop_fdpe_C_Q)         0.141     0.141 r  lfsr_inst/lfsr_reg_reg[7]/Q
                         net (fo=3, routed)           0.113     0.254    lfsr_inst/Q[7]
    SLICE_X2Y19          FDCE                                         r  lfsr_inst/lfsr_reg_reg[8]/D
  -------------------------------------------------------------------    -------------------

Slack:                    inf
  Source:                 lfsr_inst/lfsr_reg_reg[9]/C
                            (rising edge-triggered cell FDPE)
  Destination:            lfsr_inst/lfsr_reg_reg[10]/D
  Path Group:             (none)
  Path Type:              Min at Fast Process Corner
  Data Path Delay:        0.288ns  (logic 0.164ns (56.923%)  route 0.124ns (43.077%))
  Logic Levels:           1  (FDPE=1)

    Location             Delay type                Incr(ns)  Path(ns)    Netlist Resource(s)
  -------------------------------------------------------------------    -------------------
    SLICE_X2Y19          FDPE                         0.000     0.000 r  lfsr_inst/lfsr_reg_reg[9]/C
    SLICE_X2Y19          FDPE (Prop_fdpe_C_Q)         0.164     0.164 r  lfsr_inst/lfsr_reg_reg[9]/Q
                         net (fo=3, routed)           0.124     0.288    lfsr_inst/Q[9]
    SLICE_X3Y19          FDCE                                         r  lfsr_inst/lfsr_reg_reg[10]/D
  -------------------------------------------------------------------    -------------------

Slack:                    inf
  Source:                 lfsr_inst/lfsr_reg_reg[8]/C
                            (rising edge-triggered cell FDCE)
  Destination:            lfsr_inst/lfsr_reg_reg[9]_lopt_replica/D
  Path Group:             (none)
  Path Type:              Min at Fast Process Corner
  Data Path Delay:        0.305ns  (logic 0.164ns (53.792%)  route 0.141ns (46.208%))
  Logic Levels:           1  (FDCE=1)

    Location             Delay type                Incr(ns)  Path(ns)    Netlist Resource(s)
  -------------------------------------------------------------------    -------------------
    SLICE_X2Y19          FDCE                         0.000     0.000 r  lfsr_inst/lfsr_reg_reg[8]/C
    SLICE_X2Y19          FDCE (Prop_fdce_C_Q)         0.164     0.164 r  lfsr_inst/lfsr_reg_reg[8]/Q
                         net (fo=4, routed)           0.141     0.305    lfsr_inst/Q[8]
    SLICE_X3Y19          FDPE                                         r  lfsr_inst/lfsr_reg_reg[9]_lopt_replica/D
  -------------------------------------------------------------------    -------------------

Slack:                    inf
  Source:                 lfsr_inst/lfsr_reg_reg[1]/C
                            (rising edge-triggered cell FDCE)
  Destination:            lfsr_inst/lfsr_reg_reg[2]/D
  Path Group:             (none)
  Path Type:              Min at Fast Process Corner
  Data Path Delay:        0.317ns  (logic 0.141ns (44.427%)  route 0.176ns (55.573%))
  Logic Levels:           1  (FDCE=1)

    Location             Delay type                Incr(ns)  Path(ns)    Netlist Resource(s)
  -------------------------------------------------------------------    -------------------
    SLICE_X1Y18          FDCE                         0.000     0.000 r  lfsr_inst/lfsr_reg_reg[1]/C
    SLICE_X1Y18          FDCE (Prop_fdce_C_Q)         0.141     0.141 r  lfsr_inst/lfsr_reg_reg[1]/Q
                         net (fo=3, routed)           0.176     0.317    lfsr_inst/Q[1]
    SLICE_X2Y18          FDPE                                         r  lfsr_inst/lfsr_reg_reg[2]/D
  -------------------------------------------------------------------    -------------------

Slack:                    inf
  Source:                 lfsr_inst/lfsr_reg_reg[10]/C
                            (rising edge-triggered cell FDCE)
  Destination:            lfsr_inst/lfsr_reg_reg[11]_lopt_replica/D
  Path Group:             (none)
  Path Type:              Min at Fast Process Corner
  Data Path Delay:        0.319ns  (logic 0.128ns (40.105%)  route 0.191ns (59.895%))
  Logic Levels:           1  (FDCE=1)

    Location             Delay type                Incr(ns)  Path(ns)    Netlist Resource(s)
  -------------------------------------------------------------------    -------------------
    SLICE_X3Y19          FDCE                         0.000     0.000 r  lfsr_inst/lfsr_reg_reg[10]/C
    SLICE_X3Y19          FDCE (Prop_fdce_C_Q)         0.128     0.128 r  lfsr_inst/lfsr_reg_reg[10]/Q
                         net (fo=3, routed)           0.191     0.319    lfsr_inst/Q[10]
    SLICE_X3Y19          FDCE                                         r  lfsr_inst/lfsr_reg_reg[11]_lopt_replica/D
  -------------------------------------------------------------------    -------------------

Slack:                    inf
  Source:                 lfsr_inst/lfsr_reg_reg[11]/C
                            (rising edge-triggered cell FDCE)
  Destination:            lfsr_inst/lfsr_reg_reg[0]/D
  Path Group:             (none)
  Path Type:              Min at Fast Process Corner
  Data Path Delay:        0.320ns  (logic 0.246ns (76.992%)  route 0.074ns (23.008%))
  Logic Levels:           2  (FDCE=1 LUT4=1)

    Location             Delay type                Incr(ns)  Path(ns)    Netlist Resource(s)
  -------------------------------------------------------------------    -------------------
    SLICE_X2Y19          FDCE                         0.000     0.000 r  lfsr_inst/lfsr_reg_reg[11]/C
    SLICE_X2Y19          FDCE (Prop_fdce_C_Q)         0.148     0.148 r  lfsr_inst/lfsr_reg_reg[11]/Q
                         net (fo=2, routed)           0.074     0.222    lfsr_inst/Q[11]
    SLICE_X2Y19          LUT4 (Prop_lut4_I2_O)        0.098     0.320 r  lfsr_inst/lfsr_reg[0]_i_1/O
                         net (fo=1, routed)           0.000     0.320    lfsr_inst/next_lfsr[0]
    SLICE_X2Y19          FDPE                                         r  lfsr_inst/lfsr_reg_reg[0]/D
  -------------------------------------------------------------------    -------------------

Slack:                    inf
  Source:                 lfsr_inst/lfsr_reg_reg[3]/C
                            (rising edge-triggered cell FDPE)
  Destination:            lfsr_inst/lfsr_reg_reg[4]/D
  Path Group:             (none)
  Path Type:              Min at Fast Process Corner
  Data Path Delay:        0.323ns  (logic 0.141ns (43.603%)  route 0.182ns (56.397%))
  Logic Levels:           1  (FDPE=1)

    Location             Delay type                Incr(ns)  Path(ns)    Netlist Resource(s)
  -------------------------------------------------------------------    -------------------
    SLICE_X1Y17          FDPE                         0.000     0.000 r  lfsr_inst/lfsr_reg_reg[3]/C
    SLICE_X1Y17          FDPE (Prop_fdpe_C_Q)         0.141     0.141 r  lfsr_inst/lfsr_reg_reg[3]/Q
                         net (fo=3, routed)           0.182     0.323    lfsr_inst/Q[3]
    SLICE_X1Y17          FDPE                                         r  lfsr_inst/lfsr_reg_reg[4]/D
  -------------------------------------------------------------------    -------------------

Slack:                    inf
  Source:                 lfsr_inst/lfsr_reg_reg[1]/C
                            (rising edge-triggered cell FDCE)
  Destination:            lfsr_inst/lfsr_reg_reg[2]_lopt_replica/D
  Path Group:             (none)
  Path Type:              Min at Fast Process Corner
  Data Path Delay:        0.323ns  (logic 0.141ns (43.594%)  route 0.182ns (56.406%))
  Logic Levels:           1  (FDCE=1)

    Location             Delay type                Incr(ns)  Path(ns)    Netlist Resource(s)
  -------------------------------------------------------------------    -------------------
    SLICE_X1Y18          FDCE                         0.000     0.000 r  lfsr_inst/lfsr_reg_reg[1]/C
    SLICE_X1Y18          FDCE (Prop_fdce_C_Q)         0.141     0.141 r  lfsr_inst/lfsr_reg_reg[1]/Q
                         net (fo=3, routed)           0.182     0.323    lfsr_inst/Q[1]
    SLICE_X1Y18          FDPE                                         r  lfsr_inst/lfsr_reg_reg[2]_lopt_replica/D
  -------------------------------------------------------------------    -------------------

Slack:                    inf
  Source:                 lfsr_inst/lfsr_reg_reg[9]/C
                            (rising edge-triggered cell FDPE)
  Destination:            lfsr_inst/lfsr_reg_reg[10]_lopt_replica/D
  Path Group:             (none)
  Path Type:              Min at Fast Process Corner
  Data Path Delay:        0.348ns  (logic 0.164ns (47.075%)  route 0.184ns (52.925%))
  Logic Levels:           1  (FDPE=1)

    Location             Delay type                Incr(ns)  Path(ns)    Netlist Resource(s)
  -------------------------------------------------------------------    -------------------
    SLICE_X2Y19          FDPE                         0.000     0.000 r  lfsr_inst/lfsr_reg_reg[9]/C
    SLICE_X2Y19          FDPE (Prop_fdpe_C_Q)         0.164     0.164 r  lfsr_inst/lfsr_reg_reg[9]/Q
                         net (fo=3, routed)           0.184     0.348    lfsr_inst/Q[9]
    SLICE_X3Y19          FDCE                                         r  lfsr_inst/lfsr_reg_reg[10]_lopt_replica/D
  -------------------------------------------------------------------    -------------------





