Copyright 1986-2022 Xilinx, Inc. All Rights Reserved. Copyright 2022-2025 Advanced Micro Devices, Inc. All Rights Reserved.
---------------------------------------------------------------------------------------------------------------------------------------------------------------------------------------------------------------------
| Tool Version : Vivado v.2025.2 (win64) Build 6299465 Fri Nov 14 19:35:11 GMT 2025
| Date         : Wed Apr  8 20:14:03 2026
| Host         : Shipra running 64-bit major release  (build 9200)
| Command      : report_timing_summary -max_paths 10 -routable_nets -report_unconstrained -file top_timing_summary_routed.rpt -pb top_timing_summary_routed.pb -rpx top_timing_summary_routed.rpx -warn_on_violation
| Design       : top
| Device       : 7a35t-cpg236
| Speed File   : -1  PRODUCTION 1.23 2018-06-13
| Design State : Routed
---------------------------------------------------------------------------------------------------------------------------------------------------------------------------------------------------------------------

Timing Summary Report

------------------------------------------------------------------------------------------------
| Timer Settings
| --------------
------------------------------------------------------------------------------------------------

  Enable Multi Corner Analysis               :  Yes
  Enable Pessimism Removal                   :  Yes
  Pessimism Removal Resolution               :  Nearest Common Node
  Enable Input Delay Default Clock           :  No
  Enable Preset / Clear Arcs                 :  No
  Disable Flight Delays                      :  No
  Ignore I/O Paths                           :  No
  Timing Early Launch at Borrowing Latches   :  No
  Borrow Time for Max Delay Exceptions       :  Yes
  Merge Timing Exceptions                    :  Yes
  Inter-SLR Compensation                     :  Conservative

  Corner  Analyze    Analyze    
  Name    Max Paths  Min Paths  
  ------  ---------  ---------  
  Slow    Yes        Yes        
  Fast    Yes        Yes        


------------------------------------------------------------------------------------------------
| Report Methodology
| ------------------
------------------------------------------------------------------------------------------------

Rule       Severity          Description                    Violations  
---------  ----------------  -----------------------------  ----------  
TIMING-17  Critical Warning  Non-clocked sequential cell    49          
TIMING-18  Warning           Missing input or output delay  27          

Note: This report is based on the most recent report_methodology run and may not be up-to-date. Run report_methodology on the current design for the latest report.



check_timing report

Table of Contents
-----------------
1. checking no_clock (49)
2. checking constant_clock (0)
3. checking pulse_width_clock (0)
4. checking unconstrained_internal_endpoints (114)
5. checking no_input_delay (2)
6. checking no_output_delay (27)
7. checking multiple_clock (0)
8. checking generated_clocks (0)
9. checking loops (0)
10. checking partial_input_delay (0)
11. checking partial_output_delay (0)
12. checking latch_loops (0)

1. checking no_clock (49)
-------------------------
 There are 49 register/latch pins with no clock driven by root clock pin: u_clk_div/clk_out_reg/Q (HIGH)


2. checking constant_clock (0)
------------------------------
 There are 0 register/latch pins with constant_clock.


3. checking pulse_width_clock (0)
---------------------------------
 There are 0 register/latch pins which need pulse_width check


4. checking unconstrained_internal_endpoints (114)
--------------------------------------------------
 There are 114 pins that are not constrained for maximum delay. (HIGH)

 There are 0 pins that are not constrained for maximum delay due to constant clock.


5. checking no_input_delay (2)
------------------------------
 There are 2 input ports with no input delay specified. (HIGH)

 There are 0 input ports with no input delay but user has a false path constraint.


6. checking no_output_delay (27)
--------------------------------
 There are 27 ports with no output delay specified. (HIGH)

 There are 0 ports with no output delay but user has a false path constraint

 There are 0 ports with no output delay but with a timing clock defined on it or propagating through it


7. checking multiple_clock (0)
------------------------------
 There are 0 register/latch pins with multiple clocks.


8. checking generated_clocks (0)
--------------------------------
 There are 0 generated clocks that are not connected to a clock source.


9. checking loops (0)
---------------------
 There are 0 combinational loops in the design.


10. checking partial_input_delay (0)
------------------------------------
 There are 0 input ports with partial input delay specified.


11. checking partial_output_delay (0)
-------------------------------------
 There are 0 ports with partial output delay specified.


12. checking latch_loops (0)
----------------------------
 There are 0 combinational latch loops in the design through latch input



------------------------------------------------------------------------------------------------
| Design Timing Summary
| ---------------------
------------------------------------------------------------------------------------------------

    WNS(ns)      TNS(ns)  TNS Failing Endpoints  TNS Total Endpoints      WHS(ns)      THS(ns)  THS Failing Endpoints  THS Total Endpoints     WPWS(ns)     TPWS(ns)  TPWS Failing Endpoints  TPWS Total Endpoints  
    -------      -------  ---------------------  -------------------      -------      -------  ---------------------  -------------------     --------     --------  ----------------------  --------------------  
      4.160        0.000                      0                   73        0.208        0.000                      0                   73        4.500        0.000                       0                    47  


All user specified timing constraints are met.


------------------------------------------------------------------------------------------------
| Clock Summary
| -------------
------------------------------------------------------------------------------------------------

Clock        Waveform(ns)       Period(ns)      Frequency(MHz)
-----        ------------       ----------      --------------
sys_clk_pin  {0.000 5.000}      10.000          100.000         


------------------------------------------------------------------------------------------------
| Intra Clock Table
| -----------------
------------------------------------------------------------------------------------------------

Clock             WNS(ns)      TNS(ns)  TNS Failing Endpoints  TNS Total Endpoints      WHS(ns)      THS(ns)  THS Failing Endpoints  THS Total Endpoints     WPWS(ns)     TPWS(ns)  TPWS Failing Endpoints  TPWS Total Endpoints  
-----             -------      -------  ---------------------  -------------------      -------      -------  ---------------------  -------------------     --------     --------  ----------------------  --------------------  
sys_clk_pin         4.160        0.000                      0                   73        0.208        0.000                      0                   73        4.500        0.000                       0                    47  


------------------------------------------------------------------------------------------------
| Inter Clock Table
| -----------------
------------------------------------------------------------------------------------------------

From Clock    To Clock          WNS(ns)      TNS(ns)  TNS Failing Endpoints  TNS Total Endpoints      WHS(ns)      THS(ns)  THS Failing Endpoints  THS Total Endpoints  
----------    --------          -------      -------  ---------------------  -------------------      -------      -------  ---------------------  -------------------  


------------------------------------------------------------------------------------------------
| Other Path Groups Table
| -----------------------
------------------------------------------------------------------------------------------------

Path Group    From Clock    To Clock          WNS(ns)      TNS(ns)  TNS Failing Endpoints  TNS Total Endpoints      WHS(ns)      THS(ns)  THS Failing Endpoints  THS Total Endpoints  
----------    ----------    --------          -------      -------  ---------------------  -------------------      -------      -------  ---------------------  -------------------  


------------------------------------------------------------------------------------------------
| User Ignored Path Table
| -----------------------
------------------------------------------------------------------------------------------------

Path Group    From Clock    To Clock    
----------    ----------    --------    


------------------------------------------------------------------------------------------------
| Unconstrained Path Table
| ------------------------
------------------------------------------------------------------------------------------------

Path Group    From Clock    To Clock    
----------    ----------    --------    
(none)                                    
(none)        sys_clk_pin                 
(none)                      sys_clk_pin   


------------------------------------------------------------------------------------------------
| Timing Details
| --------------
------------------------------------------------------------------------------------------------


---------------------------------------------------------------------------------------------------
From Clock:  sys_clk_pin
  To Clock:  sys_clk_pin

Setup :            0  Failing Endpoints,  Worst Slack        4.160ns,  Total Violation        0.000ns
Hold  :            0  Failing Endpoints,  Worst Slack        0.208ns,  Total Violation        0.000ns
PW    :            0  Failing Endpoints,  Worst Slack        4.500ns,  Total Violation        0.000ns
---------------------------------------------------------------------------------------------------


Max Delay Paths
--------------------------------------------------------------------------------------
Slack (MET) :             4.160ns  (required time - arrival time)
  Source:                 u_clk_div/count_reg[22]/C
                            (rising edge-triggered cell FDRE clocked by sys_clk_pin  {rise@0.000ns fall@5.000ns period=10.000ns})
  Destination:            u_clk_div/count_reg[24]/R
                            (rising edge-triggered cell FDRE clocked by sys_clk_pin  {rise@0.000ns fall@5.000ns period=10.000ns})
  Path Group:             sys_clk_pin
  Path Type:              Setup (Max at Slow Process Corner)
  Requirement:            10.000ns  (sys_clk_pin rise@10.000ns - sys_clk_pin rise@0.000ns)
  Data Path Delay:        5.351ns  (logic 1.467ns (27.417%)  route 3.884ns (72.583%))
  Logic Levels:           4  (CARRY4=2 LUT2=1 LUT3=1)
  Clock Path Skew:        -0.025ns (DCD - SCD + CPR)
    Destination Clock Delay (DCD):    4.776ns = ( 14.776 - 10.000 ) 
    Source Clock Delay      (SCD):    5.074ns
    Clock Pessimism Removal (CPR):    0.273ns
  Clock Uncertainty:      0.035ns  ((TSJ^2 + TIJ^2)^1/2 + DJ) / 2 + PE
    Total System Jitter     (TSJ):    0.071ns
    Total Input Jitter      (TIJ):    0.000ns
    Discrete Jitter          (DJ):    0.000ns
    Phase Error              (PE):    0.000ns

    Location             Delay type                Incr(ns)  Path(ns)    Netlist Resource(s)
  -------------------------------------------------------------------    -------------------
                         (clock sys_clk_pin rise edge)
                                                      0.000     0.000 r  
    W5                                                0.000     0.000 r  clk (IN)
                         net (fo=0)                   0.000     0.000    clk
    W5                   IBUF (Prop_ibuf_I_O)         1.458     1.458 r  clk_IBUF_inst/O
                         net (fo=1, routed)           1.967     3.425    clk_IBUF
    BUFGCTRL_X0Y1        BUFG (Prop_bufg_I_O)         0.096     3.521 r  clk_IBUF_BUFG_inst/O
                         net (fo=46, routed)          1.553     5.074    u_clk_div/clk_IBUF_BUFG
    SLICE_X36Y53         FDRE                                         r  u_clk_div/count_reg[22]/C
  -------------------------------------------------------------------    -------------------
    SLICE_X36Y53         FDRE (Prop_fdre_C_Q)         0.456     5.530 r  u_clk_div/count_reg[22]/Q
                         net (fo=3, routed)           1.534     7.064    u_clk_div/count_reg[22]
    SLICE_X37Y51         LUT3 (Prop_lut3_I2_O)        0.124     7.188 r  u_clk_div/count0_carry__1_i_5/O
                         net (fo=1, routed)           0.000     7.188    u_clk_div/count0_carry__1_i_5_n_0
    SLICE_X37Y51         CARRY4 (Prop_carry4_S[3]_CO[3])
                                                      0.401     7.589 r  u_clk_div/count0_carry__1/CO[3]
                         net (fo=1, routed)           0.000     7.589    u_clk_div/count0_carry__1_n_0
    SLICE_X37Y52         CARRY4 (Prop_carry4_CI_CO[1])
                                                      0.157     7.746 r  u_clk_div/count0_carry__2/CO[1]
                         net (fo=2, routed)           1.040     8.786    u_clk_div/count0_carry__2_n_2
    SLICE_X36Y47         LUT2 (Prop_lut2_I1_O)        0.329     9.115 r  u_clk_div/count[0]_i_1/O
                         net (fo=27, routed)          1.310    10.425    u_clk_div/count[0]_i_1_n_0
    SLICE_X36Y54         FDRE                                         r  u_clk_div/count_reg[24]/R
  -------------------------------------------------------------------    -------------------

                         (clock sys_clk_pin rise edge)
                                                     10.000    10.000 r  
    W5                                                0.000    10.000 r  clk (IN)
                         net (fo=0)                   0.000    10.000    clk
    W5                   IBUF (Prop_ibuf_I_O)         1.388    11.388 r  clk_IBUF_inst/O
                         net (fo=1, routed)           1.862    13.250    clk_IBUF
    BUFGCTRL_X0Y1        BUFG (Prop_bufg_I_O)         0.091    13.341 r  clk_IBUF_BUFG_inst/O
                         net (fo=46, routed)          1.435    14.776    u_clk_div/clk_IBUF_BUFG
    SLICE_X36Y54         FDRE                                         r  u_clk_div/count_reg[24]/C
                         clock pessimism              0.273    15.049    
                         clock uncertainty           -0.035    15.014    
    SLICE_X36Y54         FDRE (Setup_fdre_C_R)       -0.429    14.585    u_clk_div/count_reg[24]
  -------------------------------------------------------------------
                         required time                         14.585    
                         arrival time                         -10.425    
  -------------------------------------------------------------------
                         slack                                  4.160    

Slack (MET) :             4.160ns  (required time - arrival time)
  Source:                 u_clk_div/count_reg[22]/C
                            (rising edge-triggered cell FDRE clocked by sys_clk_pin  {rise@0.000ns fall@5.000ns period=10.000ns})
  Destination:            u_clk_div/count_reg[25]/R
                            (rising edge-triggered cell FDRE clocked by sys_clk_pin  {rise@0.000ns fall@5.000ns period=10.000ns})
  Path Group:             sys_clk_pin
  Path Type:              Setup (Max at Slow Process Corner)
  Requirement:            10.000ns  (sys_clk_pin rise@10.000ns - sys_clk_pin rise@0.000ns)
  Data Path Delay:        5.351ns  (logic 1.467ns (27.417%)  route 3.884ns (72.583%))
  Logic Levels:           4  (CARRY4=2 LUT2=1 LUT3=1)
  Clock Path Skew:        -0.025ns (DCD - SCD + CPR)
    Destination Clock Delay (DCD):    4.776ns = ( 14.776 - 10.000 ) 
    Source Clock Delay      (SCD):    5.074ns
    Clock Pessimism Removal (CPR):    0.273ns
  Clock Uncertainty:      0.035ns  ((TSJ^2 + TIJ^2)^1/2 + DJ) / 2 + PE
    Total System Jitter     (TSJ):    0.071ns
    Total Input Jitter      (TIJ):    0.000ns
    Discrete Jitter          (DJ):    0.000ns
    Phase Error              (PE):    0.000ns

    Location             Delay type                Incr(ns)  Path(ns)    Netlist Resource(s)
  -------------------------------------------------------------------    -------------------
                         (clock sys_clk_pin rise edge)
                                                      0.000     0.000 r  
    W5                                                0.000     0.000 r  clk (IN)
                         net (fo=0)                   0.000     0.000    clk
    W5                   IBUF (Prop_ibuf_I_O)         1.458     1.458 r  clk_IBUF_inst/O
                         net (fo=1, routed)           1.967     3.425    clk_IBUF
    BUFGCTRL_X0Y1        BUFG (Prop_bufg_I_O)         0.096     3.521 r  clk_IBUF_BUFG_inst/O
                         net (fo=46, routed)          1.553     5.074    u_clk_div/clk_IBUF_BUFG
    SLICE_X36Y53         FDRE                                         r  u_clk_div/count_reg[22]/C
  -------------------------------------------------------------------    -------------------
    SLICE_X36Y53         FDRE (Prop_fdre_C_Q)         0.456     5.530 r  u_clk_div/count_reg[22]/Q
                         net (fo=3, routed)           1.534     7.064    u_clk_div/count_reg[22]
    SLICE_X37Y51         LUT3 (Prop_lut3_I2_O)        0.124     7.188 r  u_clk_div/count0_carry__1_i_5/O
                         net (fo=1, routed)           0.000     7.188    u_clk_div/count0_carry__1_i_5_n_0
    SLICE_X37Y51         CARRY4 (Prop_carry4_S[3]_CO[3])
                                                      0.401     7.589 r  u_clk_div/count0_carry__1/CO[3]
                         net (fo=1, routed)           0.000     7.589    u_clk_div/count0_carry__1_n_0
    SLICE_X37Y52         CARRY4 (Prop_carry4_CI_CO[1])
                                                      0.157     7.746 r  u_clk_div/count0_carry__2/CO[1]
                         net (fo=2, routed)           1.040     8.786    u_clk_div/count0_carry__2_n_2
    SLICE_X36Y47         LUT2 (Prop_lut2_I1_O)        0.329     9.115 r  u_clk_div/count[0]_i_1/O
                         net (fo=27, routed)          1.310    10.425    u_clk_div/count[0]_i_1_n_0
    SLICE_X36Y54         FDRE                                         r  u_clk_div/count_reg[25]/R
  -------------------------------------------------------------------    -------------------

                         (clock sys_clk_pin rise edge)
                                                     10.000    10.000 r  
    W5                                                0.000    10.000 r  clk (IN)
                         net (fo=0)                   0.000    10.000    clk
    W5                   IBUF (Prop_ibuf_I_O)         1.388    11.388 r  clk_IBUF_inst/O
                         net (fo=1, routed)           1.862    13.250    clk_IBUF
    BUFGCTRL_X0Y1        BUFG (Prop_bufg_I_O)         0.091    13.341 r  clk_IBUF_BUFG_inst/O
                         net (fo=46, routed)          1.435    14.776    u_clk_div/clk_IBUF_BUFG
    SLICE_X36Y54         FDRE                                         r  u_clk_div/count_reg[25]/C
                         clock pessimism              0.273    15.049    
                         clock uncertainty           -0.035    15.014    
    SLICE_X36Y54         FDRE (Setup_fdre_C_R)       -0.429    14.585    u_clk_div/count_reg[25]
  -------------------------------------------------------------------
                         required time                         14.585    
                         arrival time                         -10.425    
  -------------------------------------------------------------------
                         slack                                  4.160    

Slack (MET) :             4.160ns  (required time - arrival time)
  Source:                 u_clk_div/count_reg[22]/C
                            (rising edge-triggered cell FDRE clocked by sys_clk_pin  {rise@0.000ns fall@5.000ns period=10.000ns})
  Destination:            u_clk_div/count_reg[26]/R
                            (rising edge-triggered cell FDRE clocked by sys_clk_pin  {rise@0.000ns fall@5.000ns period=10.000ns})
  Path Group:             sys_clk_pin
  Path Type:              Setup (Max at Slow Process Corner)
  Requirement:            10.000ns  (sys_clk_pin rise@10.000ns - sys_clk_pin rise@0.000ns)
  Data Path Delay:        5.351ns  (logic 1.467ns (27.417%)  route 3.884ns (72.583%))
  Logic Levels:           4  (CARRY4=2 LUT2=1 LUT3=1)
  Clock Path Skew:        -0.025ns (DCD - SCD + CPR)
    Destination Clock Delay (DCD):    4.776ns = ( 14.776 - 10.000 ) 
    Source Clock Delay      (SCD):    5.074ns
    Clock Pessimism Removal (CPR):    0.273ns
  Clock Uncertainty:      0.035ns  ((TSJ^2 + TIJ^2)^1/2 + DJ) / 2 + PE
    Total System Jitter     (TSJ):    0.071ns
    Total Input Jitter      (TIJ):    0.000ns
    Discrete Jitter          (DJ):    0.000ns
    Phase Error              (PE):    0.000ns

    Location             Delay type                Incr(ns)  Path(ns)    Netlist Resource(s)
  -------------------------------------------------------------------    -------------------
                         (clock sys_clk_pin rise edge)
                                                      0.000     0.000 r  
    W5                                                0.000     0.000 r  clk (IN)
                         net (fo=0)                   0.000     0.000    clk
    W5                   IBUF (Prop_ibuf_I_O)         1.458     1.458 r  clk_IBUF_inst/O
                         net (fo=1, routed)           1.967     3.425    clk_IBUF
    BUFGCTRL_X0Y1        BUFG (Prop_bufg_I_O)         0.096     3.521 r  clk_IBUF_BUFG_inst/O
                         net (fo=46, routed)          1.553     5.074    u_clk_div/clk_IBUF_BUFG
    SLICE_X36Y53         FDRE                                         r  u_clk_div/count_reg[22]/C
  -------------------------------------------------------------------    -------------------
    SLICE_X36Y53         FDRE (Prop_fdre_C_Q)         0.456     5.530 r  u_clk_div/count_reg[22]/Q
                         net (fo=3, routed)           1.534     7.064    u_clk_div/count_reg[22]
    SLICE_X37Y51         LUT3 (Prop_lut3_I2_O)        0.124     7.188 r  u_clk_div/count0_carry__1_i_5/O
                         net (fo=1, routed)           0.000     7.188    u_clk_div/count0_carry__1_i_5_n_0
    SLICE_X37Y51         CARRY4 (Prop_carry4_S[3]_CO[3])
                                                      0.401     7.589 r  u_clk_div/count0_carry__1/CO[3]
                         net (fo=1, routed)           0.000     7.589    u_clk_div/count0_carry__1_n_0
    SLICE_X37Y52         CARRY4 (Prop_carry4_CI_CO[1])
                                                      0.157     7.746 r  u_clk_div/count0_carry__2/CO[1]
                         net (fo=2, routed)           1.040     8.786    u_clk_div/count0_carry__2_n_2
    SLICE_X36Y47         LUT2 (Prop_lut2_I1_O)        0.329     9.115 r  u_clk_div/count[0]_i_1/O
                         net (fo=27, routed)          1.310    10.425    u_clk_div/count[0]_i_1_n_0
    SLICE_X36Y54         FDRE                                         r  u_clk_div/count_reg[26]/R
  -------------------------------------------------------------------    -------------------

                         (clock sys_clk_pin rise edge)
                                                     10.000    10.000 r  
    W5                                                0.000    10.000 r  clk (IN)
                         net (fo=0)                   0.000    10.000    clk
    W5                   IBUF (Prop_ibuf_I_O)         1.388    11.388 r  clk_IBUF_inst/O
                         net (fo=1, routed)           1.862    13.250    clk_IBUF
    BUFGCTRL_X0Y1        BUFG (Prop_bufg_I_O)         0.091    13.341 r  clk_IBUF_BUFG_inst/O
                         net (fo=46, routed)          1.435    14.776    u_clk_div/clk_IBUF_BUFG
    SLICE_X36Y54         FDRE                                         r  u_clk_div/count_reg[26]/C
                         clock pessimism              0.273    15.049    
                         clock uncertainty           -0.035    15.014    
    SLICE_X36Y54         FDRE (Setup_fdre_C_R)       -0.429    14.585    u_clk_div/count_reg[26]
  -------------------------------------------------------------------
                         required time                         14.585    
                         arrival time                         -10.425    
  -------------------------------------------------------------------
                         slack                                  4.160    

Slack (MET) :             4.323ns  (required time - arrival time)
  Source:                 u_clk_div/count_reg[22]/C
                            (rising edge-triggered cell FDRE clocked by sys_clk_pin  {rise@0.000ns fall@5.000ns period=10.000ns})
  Destination:            u_clk_div/count_reg[20]/R
                            (rising edge-triggered cell FDRE clocked by sys_clk_pin  {rise@0.000ns fall@5.000ns period=10.000ns})
  Path Group:             sys_clk_pin
  Path Type:              Setup (Max at Slow Process Corner)
  Requirement:            10.000ns  (sys_clk_pin rise@10.000ns - sys_clk_pin rise@0.000ns)
  Data Path Delay:        5.212ns  (logic 1.467ns (28.145%)  route 3.745ns (71.855%))
  Logic Levels:           4  (CARRY4=2 LUT2=1 LUT3=1)
  Clock Path Skew:        0.000ns (DCD - SCD + CPR)
    Destination Clock Delay (DCD):    4.776ns = ( 14.776 - 10.000 ) 
    Source Clock Delay      (SCD):    5.074ns
    Clock Pessimism Removal (CPR):    0.298ns
  Clock Uncertainty:      0.035ns  ((TSJ^2 + TIJ^2)^1/2 + DJ) / 2 + PE
    Total System Jitter     (TSJ):    0.071ns
    Total Input Jitter      (TIJ):    0.000ns
    Discrete Jitter          (DJ):    0.000ns
    Phase Error              (PE):    0.000ns

    Location             Delay type                Incr(ns)  Path(ns)    Netlist Resource(s)
  -------------------------------------------------------------------    -------------------
                         (clock sys_clk_pin rise edge)
                                                      0.000     0.000 r  
    W5                                                0.000     0.000 r  clk (IN)
                         net (fo=0)                   0.000     0.000    clk
    W5                   IBUF (Prop_ibuf_I_O)         1.458     1.458 r  clk_IBUF_inst/O
                         net (fo=1, routed)           1.967     3.425    clk_IBUF
    BUFGCTRL_X0Y1        BUFG (Prop_bufg_I_O)         0.096     3.521 r  clk_IBUF_BUFG_inst/O
                         net (fo=46, routed)          1.553     5.074    u_clk_div/clk_IBUF_BUFG
    SLICE_X36Y53         FDRE                                         r  u_clk_div/count_reg[22]/C
  -------------------------------------------------------------------    -------------------
    SLICE_X36Y53         FDRE (Prop_fdre_C_Q)         0.456     5.530 r  u_clk_div/count_reg[22]/Q
                         net (fo=3, routed)           1.534     7.064    u_clk_div/count_reg[22]
    SLICE_X37Y51         LUT3 (Prop_lut3_I2_O)        0.124     7.188 r  u_clk_div/count0_carry__1_i_5/O
                         net (fo=1, routed)           0.000     7.188    u_clk_div/count0_carry__1_i_5_n_0
    SLICE_X37Y51         CARRY4 (Prop_carry4_S[3]_CO[3])
                                                      0.401     7.589 r  u_clk_div/count0_carry__1/CO[3]
                         net (fo=1, routed)           0.000     7.589    u_clk_div/count0_carry__1_n_0
    SLICE_X37Y52         CARRY4 (Prop_carry4_CI_CO[1])
                                                      0.157     7.746 r  u_clk_div/count0_carry__2/CO[1]
                         net (fo=2, routed)           1.040     8.786    u_clk_div/count0_carry__2_n_2
    SLICE_X36Y47         LUT2 (Prop_lut2_I1_O)        0.329     9.115 r  u_clk_div/count[0]_i_1/O
                         net (fo=27, routed)          1.171    10.286    u_clk_div/count[0]_i_1_n_0
    SLICE_X36Y53         FDRE                                         r  u_clk_div/count_reg[20]/R
  -------------------------------------------------------------------    -------------------

                         (clock sys_clk_pin rise edge)
                                                     10.000    10.000 r  
    W5                                                0.000    10.000 r  clk (IN)
                         net (fo=0)                   0.000    10.000    clk
    W5                   IBUF (Prop_ibuf_I_O)         1.388    11.388 r  clk_IBUF_inst/O
                         net (fo=1, routed)           1.862    13.250    clk_IBUF
    BUFGCTRL_X0Y1        BUFG (Prop_bufg_I_O)         0.091    13.341 r  clk_IBUF_BUFG_inst/O
                         net (fo=46, routed)          1.435    14.776    u_clk_div/clk_IBUF_BUFG
    SLICE_X36Y53         FDRE                                         r  u_clk_div/count_reg[20]/C
                         clock pessimism              0.298    15.074    
                         clock uncertainty           -0.035    15.039    
    SLICE_X36Y53         FDRE (Setup_fdre_C_R)       -0.429    14.610    u_clk_div/count_reg[20]
  -------------------------------------------------------------------
                         required time                         14.610    
                         arrival time                         -10.286    
  -------------------------------------------------------------------
                         slack                                  4.323    

Slack (MET) :             4.323ns  (required time - arrival time)
  Source:                 u_clk_div/count_reg[22]/C
                            (rising edge-triggered cell FDRE clocked by sys_clk_pin  {rise@0.000ns fall@5.000ns period=10.000ns})
  Destination:            u_clk_div/count_reg[21]/R
                            (rising edge-triggered cell FDRE clocked by sys_clk_pin  {rise@0.000ns fall@5.000ns period=10.000ns})
  Path Group:             sys_clk_pin
  Path Type:              Setup (Max at Slow Process Corner)
  Requirement:            10.000ns  (sys_clk_pin rise@10.000ns - sys_clk_pin rise@0.000ns)
  Data Path Delay:        5.212ns  (logic 1.467ns (28.145%)  route 3.745ns (71.855%))
  Logic Levels:           4  (CARRY4=2 LUT2=1 LUT3=1)
  Clock Path Skew:        0.000ns (DCD - SCD + CPR)
    Destination Clock Delay (DCD):    4.776ns = ( 14.776 - 10.000 ) 
    Source Clock Delay      (SCD):    5.074ns
    Clock Pessimism Removal (CPR):    0.298ns
  Clock Uncertainty:      0.035ns  ((TSJ^2 + TIJ^2)^1/2 + DJ) / 2 + PE
    Total System Jitter     (TSJ):    0.071ns
    Total Input Jitter      (TIJ):    0.000ns
    Discrete Jitter          (DJ):    0.000ns
    Phase Error              (PE):    0.000ns

    Location             Delay type                Incr(ns)  Path(ns)    Netlist Resource(s)
  -------------------------------------------------------------------    -------------------
                         (clock sys_clk_pin rise edge)
                                                      0.000     0.000 r  
    W5                                                0.000     0.000 r  clk (IN)
                         net (fo=0)                   0.000     0.000    clk
    W5                   IBUF (Prop_ibuf_I_O)         1.458     1.458 r  clk_IBUF_inst/O
                         net (fo=1, routed)           1.967     3.425    clk_IBUF
    BUFGCTRL_X0Y1        BUFG (Prop_bufg_I_O)         0.096     3.521 r  clk_IBUF_BUFG_inst/O
                         net (fo=46, routed)          1.553     5.074    u_clk_div/clk_IBUF_BUFG
    SLICE_X36Y53         FDRE                                         r  u_clk_div/count_reg[22]/C
  -------------------------------------------------------------------    -------------------
    SLICE_X36Y53         FDRE (Prop_fdre_C_Q)         0.456     5.530 r  u_clk_div/count_reg[22]/Q
                         net (fo=3, routed)           1.534     7.064    u_clk_div/count_reg[22]
    SLICE_X37Y51         LUT3 (Prop_lut3_I2_O)        0.124     7.188 r  u_clk_div/count0_carry__1_i_5/O
                         net (fo=1, routed)           0.000     7.188    u_clk_div/count0_carry__1_i_5_n_0
    SLICE_X37Y51         CARRY4 (Prop_carry4_S[3]_CO[3])
                                                      0.401     7.589 r  u_clk_div/count0_carry__1/CO[3]
                         net (fo=1, routed)           0.000     7.589    u_clk_div/count0_carry__1_n_0
    SLICE_X37Y52         CARRY4 (Prop_carry4_CI_CO[1])
                                                      0.157     7.746 r  u_clk_div/count0_carry__2/CO[1]
                         net (fo=2, routed)           1.040     8.786    u_clk_div/count0_carry__2_n_2
    SLICE_X36Y47         LUT2 (Prop_lut2_I1_O)        0.329     9.115 r  u_clk_div/count[0]_i_1/O
                         net (fo=27, routed)          1.171    10.286    u_clk_div/count[0]_i_1_n_0
    SLICE_X36Y53         FDRE                                         r  u_clk_div/count_reg[21]/R
  -------------------------------------------------------------------    -------------------

                         (clock sys_clk_pin rise edge)
                                                     10.000    10.000 r  
    W5                                                0.000    10.000 r  clk (IN)
                         net (fo=0)                   0.000    10.000    clk
    W5                   IBUF (Prop_ibuf_I_O)         1.388    11.388 r  clk_IBUF_inst/O
                         net (fo=1, routed)           1.862    13.250    clk_IBUF
    BUFGCTRL_X0Y1        BUFG (Prop_bufg_I_O)         0.091    13.341 r  clk_IBUF_BUFG_inst/O
                         net (fo=46, routed)          1.435    14.776    u_clk_div/clk_IBUF_BUFG
    SLICE_X36Y53         FDRE                                         r  u_clk_div/count_reg[21]/C
                         clock pessimism              0.298    15.074    
                         clock uncertainty           -0.035    15.039    
    SLICE_X36Y53         FDRE (Setup_fdre_C_R)       -0.429    14.610    u_clk_div/count_reg[21]
  -------------------------------------------------------------------
                         required time                         14.610    
                         arrival time                         -10.286    
  -------------------------------------------------------------------
                         slack                                  4.323    

Slack (MET) :             4.323ns  (required time - arrival time)
  Source:                 u_clk_div/count_reg[22]/C
                            (rising edge-triggered cell FDRE clocked by sys_clk_pin  {rise@0.000ns fall@5.000ns period=10.000ns})
  Destination:            u_clk_div/count_reg[22]/R
                            (rising edge-triggered cell FDRE clocked by sys_clk_pin  {rise@0.000ns fall@5.000ns period=10.000ns})
  Path Group:             sys_clk_pin
  Path Type:              Setup (Max at Slow Process Corner)
  Requirement:            10.000ns  (sys_clk_pin rise@10.000ns - sys_clk_pin rise@0.000ns)
  Data Path Delay:        5.212ns  (logic 1.467ns (28.145%)  route 3.745ns (71.855%))
  Logic Levels:           4  (CARRY4=2 LUT2=1 LUT3=1)
  Clock Path Skew:        0.000ns (DCD - SCD + CPR)
    Destination Clock Delay (DCD):    4.776ns = ( 14.776 - 10.000 ) 
    Source Clock Delay      (SCD):    5.074ns
    Clock Pessimism Removal (CPR):    0.298ns
  Clock Uncertainty:      0.035ns  ((TSJ^2 + TIJ^2)^1/2 + DJ) / 2 + PE
    Total System Jitter     (TSJ):    0.071ns
    Total Input Jitter      (TIJ):    0.000ns
    Discrete Jitter          (DJ):    0.000ns
    Phase Error              (PE):    0.000ns

    Location             Delay type                Incr(ns)  Path(ns)    Netlist Resource(s)
  -------------------------------------------------------------------    -------------------
                         (clock sys_clk_pin rise edge)
                                                      0.000     0.000 r  
    W5                                                0.000     0.000 r  clk (IN)
                         net (fo=0)                   0.000     0.000    clk
    W5                   IBUF (Prop_ibuf_I_O)         1.458     1.458 r  clk_IBUF_inst/O
                         net (fo=1, routed)           1.967     3.425    clk_IBUF
    BUFGCTRL_X0Y1        BUFG (Prop_bufg_I_O)         0.096     3.521 r  clk_IBUF_BUFG_inst/O
                         net (fo=46, routed)          1.553     5.074    u_clk_div/clk_IBUF_BUFG
    SLICE_X36Y53         FDRE                                         r  u_clk_div/count_reg[22]/C
  -------------------------------------------------------------------    -------------------
    SLICE_X36Y53         FDRE (Prop_fdre_C_Q)         0.456     5.530 r  u_clk_div/count_reg[22]/Q
                         net (fo=3, routed)           1.534     7.064    u_clk_div/count_reg[22]
    SLICE_X37Y51         LUT3 (Prop_lut3_I2_O)        0.124     7.188 r  u_clk_div/count0_carry__1_i_5/O
                         net (fo=1, routed)           0.000     7.188    u_clk_div/count0_carry__1_i_5_n_0
    SLICE_X37Y51         CARRY4 (Prop_carry4_S[3]_CO[3])
                                                      0.401     7.589 r  u_clk_div/count0_carry__1/CO[3]
                         net (fo=1, routed)           0.000     7.589    u_clk_div/count0_carry__1_n_0
    SLICE_X37Y52         CARRY4 (Prop_carry4_CI_CO[1])
                                                      0.157     7.746 r  u_clk_div/count0_carry__2/CO[1]
                         net (fo=2, routed)           1.040     8.786    u_clk_div/count0_carry__2_n_2
    SLICE_X36Y47         LUT2 (Prop_lut2_I1_O)        0.329     9.115 r  u_clk_div/count[0]_i_1/O
                         net (fo=27, routed)          1.171    10.286    u_clk_div/count[0]_i_1_n_0
    SLICE_X36Y53         FDRE                                         r  u_clk_div/count_reg[22]/R
  -------------------------------------------------------------------    -------------------

                         (clock sys_clk_pin rise edge)
                                                     10.000    10.000 r  
    W5                                                0.000    10.000 r  clk (IN)
                         net (fo=0)                   0.000    10.000    clk
    W5                   IBUF (Prop_ibuf_I_O)         1.388    11.388 r  clk_IBUF_inst/O
                         net (fo=1, routed)           1.862    13.250    clk_IBUF
    BUFGCTRL_X0Y1        BUFG (Prop_bufg_I_O)         0.091    13.341 r  clk_IBUF_BUFG_inst/O
                         net (fo=46, routed)          1.435    14.776    u_clk_div/clk_IBUF_BUFG
    SLICE_X36Y53         FDRE                                         r  u_clk_div/count_reg[22]/C
                         clock pessimism              0.298    15.074    
                         clock uncertainty           -0.035    15.039    
    SLICE_X36Y53         FDRE (Setup_fdre_C_R)       -0.429    14.610    u_clk_div/count_reg[22]
  -------------------------------------------------------------------
                         required time                         14.610    
                         arrival time                         -10.286    
  -------------------------------------------------------------------
                         slack                                  4.323    

Slack (MET) :             4.323ns  (required time - arrival time)
  Source:                 u_clk_div/count_reg[22]/C
                            (rising edge-triggered cell FDRE clocked by sys_clk_pin  {rise@0.000ns fall@5.000ns period=10.000ns})
  Destination:            u_clk_div/count_reg[23]/R
                            (rising edge-triggered cell FDRE clocked by sys_clk_pin  {rise@0.000ns fall@5.000ns period=10.000ns})
  Path Group:             sys_clk_pin
  Path Type:              Setup (Max at Slow Process Corner)
  Requirement:            10.000ns  (sys_clk_pin rise@10.000ns - sys_clk_pin rise@0.000ns)
  Data Path Delay:        5.212ns  (logic 1.467ns (28.145%)  route 3.745ns (71.855%))
  Logic Levels:           4  (CARRY4=2 LUT2=1 LUT3=1)
  Clock Path Skew:        0.000ns (DCD - SCD + CPR)
    Destination Clock Delay (DCD):    4.776ns = ( 14.776 - 10.000 ) 
    Source Clock Delay      (SCD):    5.074ns
    Clock Pessimism Removal (CPR):    0.298ns
  Clock Uncertainty:      0.035ns  ((TSJ^2 + TIJ^2)^1/2 + DJ) / 2 + PE
    Total System Jitter     (TSJ):    0.071ns
    Total Input Jitter      (TIJ):    0.000ns
    Discrete Jitter          (DJ):    0.000ns
    Phase Error              (PE):    0.000ns

    Location             Delay type                Incr(ns)  Path(ns)    Netlist Resource(s)
  -------------------------------------------------------------------    -------------------
                         (clock sys_clk_pin rise edge)
                                                      0.000     0.000 r  
    W5                                                0.000     0.000 r  clk (IN)
                         net (fo=0)                   0.000     0.000    clk
    W5                   IBUF (Prop_ibuf_I_O)         1.458     1.458 r  clk_IBUF_inst/O
                         net (fo=1, routed)           1.967     3.425    clk_IBUF
    BUFGCTRL_X0Y1        BUFG (Prop_bufg_I_O)         0.096     3.521 r  clk_IBUF_BUFG_inst/O
                         net (fo=46, routed)          1.553     5.074    u_clk_div/clk_IBUF_BUFG
    SLICE_X36Y53         FDRE                                         r  u_clk_div/count_reg[22]/C
  -------------------------------------------------------------------    -------------------
    SLICE_X36Y53         FDRE (Prop_fdre_C_Q)         0.456     5.530 r  u_clk_div/count_reg[22]/Q
                         net (fo=3, routed)           1.534     7.064    u_clk_div/count_reg[22]
    SLICE_X37Y51         LUT3 (Prop_lut3_I2_O)        0.124     7.188 r  u_clk_div/count0_carry__1_i_5/O
                         net (fo=1, routed)           0.000     7.188    u_clk_div/count0_carry__1_i_5_n_0
    SLICE_X37Y51         CARRY4 (Prop_carry4_S[3]_CO[3])
                                                      0.401     7.589 r  u_clk_div/count0_carry__1/CO[3]
                         net (fo=1, routed)           0.000     7.589    u_clk_div/count0_carry__1_n_0
    SLICE_X37Y52         CARRY4 (Prop_carry4_CI_CO[1])
                                                      0.157     7.746 r  u_clk_div/count0_carry__2/CO[1]
                         net (fo=2, routed)           1.040     8.786    u_clk_div/count0_carry__2_n_2
    SLICE_X36Y47         LUT2 (Prop_lut2_I1_O)        0.329     9.115 r  u_clk_div/count[0]_i_1/O
                         net (fo=27, routed)          1.171    10.286    u_clk_div/count[0]_i_1_n_0
    SLICE_X36Y53         FDRE                                         r  u_clk_div/count_reg[23]/R
  -------------------------------------------------------------------    -------------------

                         (clock sys_clk_pin rise edge)
                                                     10.000    10.000 r  
    W5                                                0.000    10.000 r  clk (IN)
                         net (fo=0)                   0.000    10.000    clk
    W5                   IBUF (Prop_ibuf_I_O)         1.388    11.388 r  clk_IBUF_inst/O
                         net (fo=1, routed)           1.862    13.250    clk_IBUF
    BUFGCTRL_X0Y1        BUFG (Prop_bufg_I_O)         0.091    13.341 r  clk_IBUF_BUFG_inst/O
                         net (fo=46, routed)          1.435    14.776    u_clk_div/clk_IBUF_BUFG
    SLICE_X36Y53         FDRE                                         r  u_clk_div/count_reg[23]/C
                         clock pessimism              0.298    15.074    
                         clock uncertainty           -0.035    15.039    
    SLICE_X36Y53         FDRE (Setup_fdre_C_R)       -0.429    14.610    u_clk_div/count_reg[23]
  -------------------------------------------------------------------
                         required time                         14.610    
                         arrival time                         -10.286    
  -------------------------------------------------------------------
                         slack                                  4.323    

Slack (MET) :             4.440ns  (required time - arrival time)
  Source:                 u_clk_div/count_reg[22]/C
                            (rising edge-triggered cell FDRE clocked by sys_clk_pin  {rise@0.000ns fall@5.000ns period=10.000ns})
  Destination:            u_clk_div/count_reg[10]/R
                            (rising edge-triggered cell FDRE clocked by sys_clk_pin  {rise@0.000ns fall@5.000ns period=10.000ns})
  Path Group:             sys_clk_pin
  Path Type:              Setup (Max at Slow Process Corner)
  Requirement:            10.000ns  (sys_clk_pin rise@10.000ns - sys_clk_pin rise@0.000ns)
  Data Path Delay:        5.072ns  (logic 1.467ns (28.924%)  route 3.605ns (71.076%))
  Logic Levels:           4  (CARRY4=2 LUT2=1 LUT3=1)
  Clock Path Skew:        -0.024ns (DCD - SCD + CPR)
    Destination Clock Delay (DCD):    4.777ns = ( 14.777 - 10.000 ) 
    Source Clock Delay      (SCD):    5.074ns
    Clock Pessimism Removal (CPR):    0.273ns
  Clock Uncertainty:      0.035ns  ((TSJ^2 + TIJ^2)^1/2 + DJ) / 2 + PE
    Total System Jitter     (TSJ):    0.071ns
    Total Input Jitter      (TIJ):    0.000ns
    Discrete Jitter          (DJ):    0.000ns
    Phase Error              (PE):    0.000ns

    Location             Delay type                Incr(ns)  Path(ns)    Netlist Resource(s)
  -------------------------------------------------------------------    -------------------
                         (clock sys_clk_pin rise edge)
                                                      0.000     0.000 r  
    W5                                                0.000     0.000 r  clk (IN)
                         net (fo=0)                   0.000     0.000    clk
    W5                   IBUF (Prop_ibuf_I_O)         1.458     1.458 r  clk_IBUF_inst/O
                         net (fo=1, routed)           1.967     3.425    clk_IBUF
    BUFGCTRL_X0Y1        BUFG (Prop_bufg_I_O)         0.096     3.521 r  clk_IBUF_BUFG_inst/O
                         net (fo=46, routed)          1.553     5.074    u_clk_div/clk_IBUF_BUFG
    SLICE_X36Y53         FDRE                                         r  u_clk_div/count_reg[22]/C
  -------------------------------------------------------------------    -------------------
    SLICE_X36Y53         FDRE (Prop_fdre_C_Q)         0.456     5.530 r  u_clk_div/count_reg[22]/Q
                         net (fo=3, routed)           1.534     7.064    u_clk_div/count_reg[22]
    SLICE_X37Y51         LUT3 (Prop_lut3_I2_O)        0.124     7.188 r  u_clk_div/count0_carry__1_i_5/O
                         net (fo=1, routed)           0.000     7.188    u_clk_div/count0_carry__1_i_5_n_0
    SLICE_X37Y51         CARRY4 (Prop_carry4_S[3]_CO[3])
                                                      0.401     7.589 r  u_clk_div/count0_carry__1/CO[3]
                         net (fo=1, routed)           0.000     7.589    u_clk_div/count0_carry__1_n_0
    SLICE_X37Y52         CARRY4 (Prop_carry4_CI_CO[1])
                                                      0.157     7.746 r  u_clk_div/count0_carry__2/CO[1]
                         net (fo=2, routed)           1.040     8.786    u_clk_div/count0_carry__2_n_2
    SLICE_X36Y47         LUT2 (Prop_lut2_I1_O)        0.329     9.115 r  u_clk_div/count[0]_i_1/O
                         net (fo=27, routed)          1.031    10.146    u_clk_div/count[0]_i_1_n_0
    SLICE_X36Y50         FDRE                                         r  u_clk_div/count_reg[10]/R
  -------------------------------------------------------------------    -------------------

                         (clock sys_clk_pin rise edge)
                                                     10.000    10.000 r  
    W5                                                0.000    10.000 r  clk (IN)
                         net (fo=0)                   0.000    10.000    clk
    W5                   IBUF (Prop_ibuf_I_O)         1.388    11.388 r  clk_IBUF_inst/O
                         net (fo=1, routed)           1.862    13.250    clk_IBUF
    BUFGCTRL_X0Y1        BUFG (Prop_bufg_I_O)         0.091    13.341 r  clk_IBUF_BUFG_inst/O
                         net (fo=46, routed)          1.436    14.777    u_clk_div/clk_IBUF_BUFG
    SLICE_X36Y50         FDRE                                         r  u_clk_div/count_reg[10]/C
                         clock pessimism              0.273    15.050    
                         clock uncertainty           -0.035    15.015    
    SLICE_X36Y50         FDRE (Setup_fdre_C_R)       -0.429    14.586    u_clk_div/count_reg[10]
  -------------------------------------------------------------------
                         required time                         14.586    
                         arrival time                         -10.146    
  -------------------------------------------------------------------
                         slack                                  4.440    

Slack (MET) :             4.440ns  (required time - arrival time)
  Source:                 u_clk_div/count_reg[22]/C
                            (rising edge-triggered cell FDRE clocked by sys_clk_pin  {rise@0.000ns fall@5.000ns period=10.000ns})
  Destination:            u_clk_div/count_reg[11]/R
                            (rising edge-triggered cell FDRE clocked by sys_clk_pin  {rise@0.000ns fall@5.000ns period=10.000ns})
  Path Group:             sys_clk_pin
  Path Type:              Setup (Max at Slow Process Corner)
  Requirement:            10.000ns  (sys_clk_pin rise@10.000ns - sys_clk_pin rise@0.000ns)
  Data Path Delay:        5.072ns  (logic 1.467ns (28.924%)  route 3.605ns (71.076%))
  Logic Levels:           4  (CARRY4=2 LUT2=1 LUT3=1)
  Clock Path Skew:        -0.024ns (DCD - SCD + CPR)
    Destination Clock Delay (DCD):    4.777ns = ( 14.777 - 10.000 ) 
    Source Clock Delay      (SCD):    5.074ns
    Clock Pessimism Removal (CPR):    0.273ns
  Clock Uncertainty:      0.035ns  ((TSJ^2 + TIJ^2)^1/2 + DJ) / 2 + PE
    Total System Jitter     (TSJ):    0.071ns
    Total Input Jitter      (TIJ):    0.000ns
    Discrete Jitter          (DJ):    0.000ns
    Phase Error              (PE):    0.000ns

    Location             Delay type                Incr(ns)  Path(ns)    Netlist Resource(s)
  -------------------------------------------------------------------    -------------------
                         (clock sys_clk_pin rise edge)
                                                      0.000     0.000 r  
    W5                                                0.000     0.000 r  clk (IN)
                         net (fo=0)                   0.000     0.000    clk
    W5                   IBUF (Prop_ibuf_I_O)         1.458     1.458 r  clk_IBUF_inst/O
                         net (fo=1, routed)           1.967     3.425    clk_IBUF
    BUFGCTRL_X0Y1        BUFG (Prop_bufg_I_O)         0.096     3.521 r  clk_IBUF_BUFG_inst/O
                         net (fo=46, routed)          1.553     5.074    u_clk_div/clk_IBUF_BUFG
    SLICE_X36Y53         FDRE                                         r  u_clk_div/count_reg[22]/C
  -------------------------------------------------------------------    -------------------
    SLICE_X36Y53         FDRE (Prop_fdre_C_Q)         0.456     5.530 r  u_clk_div/count_reg[22]/Q
                         net (fo=3, routed)           1.534     7.064    u_clk_div/count_reg[22]
    SLICE_X37Y51         LUT3 (Prop_lut3_I2_O)        0.124     7.188 r  u_clk_div/count0_carry__1_i_5/O
                         net (fo=1, routed)           0.000     7.188    u_clk_div/count0_carry__1_i_5_n_0
    SLICE_X37Y51         CARRY4 (Prop_carry4_S[3]_CO[3])
                                                      0.401     7.589 r  u_clk_div/count0_carry__1/CO[3]
                         net (fo=1, routed)           0.000     7.589    u_clk_div/count0_carry__1_n_0
    SLICE_X37Y52         CARRY4 (Prop_carry4_CI_CO[1])
                                                      0.157     7.746 r  u_clk_div/count0_carry__2/CO[1]
                         net (fo=2, routed)           1.040     8.786    u_clk_div/count0_carry__2_n_2
    SLICE_X36Y47         LUT2 (Prop_lut2_I1_O)        0.329     9.115 r  u_clk_div/count[0]_i_1/O
                         net (fo=27, routed)          1.031    10.146    u_clk_div/count[0]_i_1_n_0
    SLICE_X36Y50         FDRE                                         r  u_clk_div/count_reg[11]/R
  -------------------------------------------------------------------    -------------------

                         (clock sys_clk_pin rise edge)
                                                     10.000    10.000 r  
    W5                                                0.000    10.000 r  clk (IN)
                         net (fo=0)                   0.000    10.000    clk
    W5                   IBUF (Prop_ibuf_I_O)         1.388    11.388 r  clk_IBUF_inst/O
                         net (fo=1, routed)           1.862    13.250    clk_IBUF
    BUFGCTRL_X0Y1        BUFG (Prop_bufg_I_O)         0.091    13.341 r  clk_IBUF_BUFG_inst/O
                         net (fo=46, routed)          1.436    14.777    u_clk_div/clk_IBUF_BUFG
    SLICE_X36Y50         FDRE                                         r  u_clk_div/count_reg[11]/C
                         clock pessimism              0.273    15.050    
                         clock uncertainty           -0.035    15.015    
    SLICE_X36Y50         FDRE (Setup_fdre_C_R)       -0.429    14.586    u_clk_div/count_reg[11]
  -------------------------------------------------------------------
                         required time                         14.586    
                         arrival time                         -10.146    
  -------------------------------------------------------------------
                         slack                                  4.440    

Slack (MET) :             4.440ns  (required time - arrival time)
  Source:                 u_clk_div/count_reg[22]/C
                            (rising edge-triggered cell FDRE clocked by sys_clk_pin  {rise@0.000ns fall@5.000ns period=10.000ns})
  Destination:            u_clk_div/count_reg[8]/R
                            (rising edge-triggered cell FDRE clocked by sys_clk_pin  {rise@0.000ns fall@5.000ns period=10.000ns})
  Path Group:             sys_clk_pin
  Path Type:              Setup (Max at Slow Process Corner)
  Requirement:            10.000ns  (sys_clk_pin rise@10.000ns - sys_clk_pin rise@0.000ns)
  Data Path Delay:        5.072ns  (logic 1.467ns (28.924%)  route 3.605ns (71.076%))
  Logic Levels:           4  (CARRY4=2 LUT2=1 LUT3=1)
  Clock Path Skew:        -0.024ns (DCD - SCD + CPR)
    Destination Clock Delay (DCD):    4.777ns = ( 14.777 - 10.000 ) 
    Source Clock Delay      (SCD):    5.074ns
    Clock Pessimism Removal (CPR):    0.273ns
  Clock Uncertainty:      0.035ns  ((TSJ^2 + TIJ^2)^1/2 + DJ) / 2 + PE
    Total System Jitter     (TSJ):    0.071ns
    Total Input Jitter      (TIJ):    0.000ns
    Discrete Jitter          (DJ):    0.000ns
    Phase Error              (PE):    0.000ns

    Location             Delay type                Incr(ns)  Path(ns)    Netlist Resource(s)
  -------------------------------------------------------------------    -------------------
                         (clock sys_clk_pin rise edge)
                                                      0.000     0.000 r  
    W5                                                0.000     0.000 r  clk (IN)
                         net (fo=0)                   0.000     0.000    clk
    W5                   IBUF (Prop_ibuf_I_O)         1.458     1.458 r  clk_IBUF_inst/O
                         net (fo=1, routed)           1.967     3.425    clk_IBUF
    BUFGCTRL_X0Y1        BUFG (Prop_bufg_I_O)         0.096     3.521 r  clk_IBUF_BUFG_inst/O
                         net (fo=46, routed)          1.553     5.074    u_clk_div/clk_IBUF_BUFG
    SLICE_X36Y53         FDRE                                         r  u_clk_div/count_reg[22]/C
  -------------------------------------------------------------------    -------------------
    SLICE_X36Y53         FDRE (Prop_fdre_C_Q)         0.456     5.530 r  u_clk_div/count_reg[22]/Q
                         net (fo=3, routed)           1.534     7.064    u_clk_div/count_reg[22]
    SLICE_X37Y51         LUT3 (Prop_lut3_I2_O)        0.124     7.188 r  u_clk_div/count0_carry__1_i_5/O
                         net (fo=1, routed)           0.000     7.188    u_clk_div/count0_carry__1_i_5_n_0
    SLICE_X37Y51         CARRY4 (Prop_carry4_S[3]_CO[3])
                                                      0.401     7.589 r  u_clk_div/count0_carry__1/CO[3]
                         net (fo=1, routed)           0.000     7.589    u_clk_div/count0_carry__1_n_0
    SLICE_X37Y52         CARRY4 (Prop_carry4_CI_CO[1])
                                                      0.157     7.746 r  u_clk_div/count0_carry__2/CO[1]
                         net (fo=2, routed)           1.040     8.786    u_clk_div/count0_carry__2_n_2
    SLICE_X36Y47         LUT2 (Prop_lut2_I1_O)        0.329     9.115 r  u_clk_div/count[0]_i_1/O
                         net (fo=27, routed)          1.031    10.146    u_clk_div/count[0]_i_1_n_0
    SLICE_X36Y50         FDRE                                         r  u_clk_div/count_reg[8]/R
  -------------------------------------------------------------------    -------------------

                         (clock sys_clk_pin rise edge)
                                                     10.000    10.000 r  
    W5                                                0.000    10.000 r  clk (IN)
                         net (fo=0)                   0.000    10.000    clk
    W5                   IBUF (Prop_ibuf_I_O)         1.388    11.388 r  clk_IBUF_inst/O
                         net (fo=1, routed)           1.862    13.250    clk_IBUF
    BUFGCTRL_X0Y1        BUFG (Prop_bufg_I_O)         0.091    13.341 r  clk_IBUF_BUFG_inst/O
                         net (fo=46, routed)          1.436    14.777    u_clk_div/clk_IBUF_BUFG
    SLICE_X36Y50         FDRE                                         r  u_clk_div/count_reg[8]/C
                         clock pessimism              0.273    15.050    
                         clock uncertainty           -0.035    15.015    
    SLICE_X36Y50         FDRE (Setup_fdre_C_R)       -0.429    14.586    u_clk_div/count_reg[8]
  -------------------------------------------------------------------
                         required time                         14.586    
                         arrival time                         -10.146    
  -------------------------------------------------------------------
                         slack                                  4.440    





Min Delay Paths
--------------------------------------------------------------------------------------
Slack (MET) :             0.208ns  (arrival time - required time)
  Source:                 u_clk_div/count_reg[4]/C
                            (rising edge-triggered cell FDRE clocked by sys_clk_pin  {rise@0.000ns fall@5.000ns period=10.000ns})
  Destination:            u_clk_div/count_reg[8]/D
                            (rising edge-triggered cell FDRE clocked by sys_clk_pin  {rise@0.000ns fall@5.000ns period=10.000ns})
  Path Group:             sys_clk_pin
  Path Type:              Hold (Min at Fast Process Corner)
  Requirement:            0.000ns  (sys_clk_pin rise@0.000ns - sys_clk_pin rise@0.000ns)
  Data Path Delay:        0.580ns  (logic 0.392ns (67.558%)  route 0.188ns (32.442%))
  Logic Levels:           2  (CARRY4=2)
  Clock Path Skew:        0.267ns (DCD - SCD - CPR)
    Destination Clock Delay (DCD):    1.958ns
    Source Clock Delay      (SCD):    1.447ns
    Clock Pessimism Removal (CPR):    0.244ns

    Location             Delay type                Incr(ns)  Path(ns)    Netlist Resource(s)
  -------------------------------------------------------------------    -------------------
                         (clock sys_clk_pin rise edge)
                                                      0.000     0.000 r  
    W5                                                0.000     0.000 r  clk (IN)
                         net (fo=0)                   0.000     0.000    clk
    W5                   IBUF (Prop_ibuf_I_O)         0.226     0.226 r  clk_IBUF_inst/O
                         net (fo=1, routed)           0.631     0.858    clk_IBUF
    BUFGCTRL_X0Y1        BUFG (Prop_bufg_I_O)         0.026     0.884 r  clk_IBUF_BUFG_inst/O
                         net (fo=46, routed)          0.564     1.447    u_clk_div/clk_IBUF_BUFG
    SLICE_X36Y49         FDRE                                         r  u_clk_div/count_reg[4]/C
  -------------------------------------------------------------------    -------------------
    SLICE_X36Y49         FDRE (Prop_fdre_C_Q)         0.141     1.588 r  u_clk_div/count_reg[4]/Q
                         net (fo=2, routed)           0.188     1.776    u_clk_div/count_reg[4]
    SLICE_X36Y49         CARRY4 (Prop_carry4_S[0]_CO[3])
                                                      0.197     1.973 r  u_clk_div/count_reg[4]_i_1/CO[3]
                         net (fo=1, routed)           0.001     1.973    u_clk_div/count_reg[4]_i_1_n_0
    SLICE_X36Y50         CARRY4 (Prop_carry4_CI_O[0])
                                                      0.054     2.027 r  u_clk_div/count_reg[8]_i_1/O[0]
                         net (fo=1, routed)           0.000     2.027    u_clk_div/count_reg[8]_i_1_n_7
    SLICE_X36Y50         FDRE                                         r  u_clk_div/count_reg[8]/D
  -------------------------------------------------------------------    -------------------

                         (clock sys_clk_pin rise edge)
                                                      0.000     0.000 r  
    W5                                                0.000     0.000 r  clk (IN)
                         net (fo=0)                   0.000     0.000    clk
    W5                   IBUF (Prop_ibuf_I_O)         0.414     0.414 r  clk_IBUF_inst/O
                         net (fo=1, routed)           0.685     1.099    clk_IBUF
    BUFGCTRL_X0Y1        BUFG (Prop_bufg_I_O)         0.029     1.128 r  clk_IBUF_BUFG_inst/O
                         net (fo=46, routed)          0.830     1.958    u_clk_div/clk_IBUF_BUFG
    SLICE_X36Y50         FDRE                                         r  u_clk_div/count_reg[8]/C
                         clock pessimism             -0.244     1.714    
    SLICE_X36Y50         FDRE (Hold_fdre_C_D)         0.105     1.819    u_clk_div/count_reg[8]
  -------------------------------------------------------------------
                         required time                         -1.819    
                         arrival time                           2.027    
  -------------------------------------------------------------------
                         slack                                  0.208    

Slack (MET) :             0.219ns  (arrival time - required time)
  Source:                 u_clk_div/count_reg[4]/C
                            (rising edge-triggered cell FDRE clocked by sys_clk_pin  {rise@0.000ns fall@5.000ns period=10.000ns})
  Destination:            u_clk_div/count_reg[10]/D
                            (rising edge-triggered cell FDRE clocked by sys_clk_pin  {rise@0.000ns fall@5.000ns period=10.000ns})
  Path Group:             sys_clk_pin
  Path Type:              Hold (Min at Fast Process Corner)
  Requirement:            0.000ns  (sys_clk_pin rise@0.000ns - sys_clk_pin rise@0.000ns)
  Data Path Delay:        0.591ns  (logic 0.403ns (68.162%)  route 0.188ns (31.838%))
  Logic Levels:           2  (CARRY4=2)
  Clock Path Skew:        0.267ns (DCD - SCD - CPR)
    Destination Clock Delay (DCD):    1.958ns
    Source Clock Delay      (SCD):    1.447ns
    Clock Pessimism Removal (CPR):    0.244ns

    Location             Delay type                Incr(ns)  Path(ns)    Netlist Resource(s)
  -------------------------------------------------------------------    -------------------
                         (clock sys_clk_pin rise edge)
                                                      0.000     0.000 r  
    W5                                                0.000     0.000 r  clk (IN)
                         net (fo=0)                   0.000     0.000    clk
    W5                   IBUF (Prop_ibuf_I_O)         0.226     0.226 r  clk_IBUF_inst/O
                         net (fo=1, routed)           0.631     0.858    clk_IBUF
    BUFGCTRL_X0Y1        BUFG (Prop_bufg_I_O)         0.026     0.884 r  clk_IBUF_BUFG_inst/O
                         net (fo=46, routed)          0.564     1.447    u_clk_div/clk_IBUF_BUFG
    SLICE_X36Y49         FDRE                                         r  u_clk_div/count_reg[4]/C
  -------------------------------------------------------------------    -------------------
    SLICE_X36Y49         FDRE (Prop_fdre_C_Q)         0.141     1.588 r  u_clk_div/count_reg[4]/Q
                         net (fo=2, routed)           0.188     1.776    u_clk_div/count_reg[4]
    SLICE_X36Y49         CARRY4 (Prop_carry4_S[0]_CO[3])
                                                      0.197     1.973 r  u_clk_div/count_reg[4]_i_1/CO[3]
                         net (fo=1, routed)           0.001     1.973    u_clk_div/count_reg[4]_i_1_n_0
    SLICE_X36Y50         CARRY4 (Prop_carry4_CI_O[2])
                                                      0.065     2.038 r  u_clk_div/count_reg[8]_i_1/O[2]
                         net (fo=1, routed)           0.000     2.038    u_clk_div/count_reg[8]_i_1_n_5
    SLICE_X36Y50         FDRE                                         r  u_clk_div/count_reg[10]/D
  -------------------------------------------------------------------    -------------------

                         (clock sys_clk_pin rise edge)
                                                      0.000     0.000 r  
    W5                                                0.000     0.000 r  clk (IN)
                         net (fo=0)                   0.000     0.000    clk
    W5                   IBUF (Prop_ibuf_I_O)         0.414     0.414 r  clk_IBUF_inst/O
                         net (fo=1, routed)           0.685     1.099    clk_IBUF
    BUFGCTRL_X0Y1        BUFG (Prop_bufg_I_O)         0.029     1.128 r  clk_IBUF_BUFG_inst/O
                         net (fo=46, routed)          0.830     1.958    u_clk_div/clk_IBUF_BUFG
    SLICE_X36Y50         FDRE                                         r  u_clk_div/count_reg[10]/C
                         clock pessimism             -0.244     1.714    
    SLICE_X36Y50         FDRE (Hold_fdre_C_D)         0.105     1.819    u_clk_div/count_reg[10]
  -------------------------------------------------------------------
                         required time                         -1.819    
                         arrival time                           2.038    
  -------------------------------------------------------------------
                         slack                                  0.219    

Slack (MET) :             0.244ns  (arrival time - required time)
  Source:                 u_clk_div/count_reg[4]/C
                            (rising edge-triggered cell FDRE clocked by sys_clk_pin  {rise@0.000ns fall@5.000ns period=10.000ns})
  Destination:            u_clk_div/count_reg[11]/D
                            (rising edge-triggered cell FDRE clocked by sys_clk_pin  {rise@0.000ns fall@5.000ns period=10.000ns})
  Path Group:             sys_clk_pin
  Path Type:              Hold (Min at Fast Process Corner)
  Requirement:            0.000ns  (sys_clk_pin rise@0.000ns - sys_clk_pin rise@0.000ns)
  Data Path Delay:        0.616ns  (logic 0.428ns (69.453%)  route 0.188ns (30.547%))
  Logic Levels:           2  (CARRY4=2)
  Clock Path Skew:        0.267ns (DCD - SCD - CPR)
    Destination Clock Delay (DCD):    1.958ns
    Source Clock Delay      (SCD):    1.447ns
    Clock Pessimism Removal (CPR):    0.244ns

    Location             Delay type                Incr(ns)  Path(ns)    Netlist Resource(s)
  -------------------------------------------------------------------    -------------------
                         (clock sys_clk_pin rise edge)
                                                      0.000     0.000 r  
    W5                                                0.000     0.000 r  clk (IN)
                         net (fo=0)                   0.000     0.000    clk
    W5                   IBUF (Prop_ibuf_I_O)         0.226     0.226 r  clk_IBUF_inst/O
                         net (fo=1, routed)           0.631     0.858    clk_IBUF
    BUFGCTRL_X0Y1        BUFG (Prop_bufg_I_O)         0.026     0.884 r  clk_IBUF_BUFG_inst/O
                         net (fo=46, routed)          0.564     1.447    u_clk_div/clk_IBUF_BUFG
    SLICE_X36Y49         FDRE                                         r  u_clk_div/count_reg[4]/C
  -------------------------------------------------------------------    -------------------
    SLICE_X36Y49         FDRE (Prop_fdre_C_Q)         0.141     1.588 r  u_clk_div/count_reg[4]/Q
                         net (fo=2, routed)           0.188     1.776    u_clk_div/count_reg[4]
    SLICE_X36Y49         CARRY4 (Prop_carry4_S[0]_CO[3])
                                                      0.197     1.973 r  u_clk_div/count_reg[4]_i_1/CO[3]
                         net (fo=1, routed)           0.001     1.973    u_clk_div/count_reg[4]_i_1_n_0
    SLICE_X36Y50         CARRY4 (Prop_carry4_CI_O[3])
                                                      0.090     2.063 r  u_clk_div/count_reg[8]_i_1/O[3]
                         net (fo=1, routed)           0.000     2.063    u_clk_div/count_reg[8]_i_1_n_4
    SLICE_X36Y50         FDRE                                         r  u_clk_div/count_reg[11]/D
  -------------------------------------------------------------------    -------------------

                         (clock sys_clk_pin rise edge)
                                                      0.000     0.000 r  
    W5                                                0.000     0.000 r  clk (IN)
                         net (fo=0)                   0.000     0.000    clk
    W5                   IBUF (Prop_ibuf_I_O)         0.414     0.414 r  clk_IBUF_inst/O
                         net (fo=1, routed)           0.685     1.099    clk_IBUF
    BUFGCTRL_X0Y1        BUFG (Prop_bufg_I_O)         0.029     1.128 r  clk_IBUF_BUFG_inst/O
                         net (fo=46, routed)          0.830     1.958    u_clk_div/clk_IBUF_BUFG
    SLICE_X36Y50         FDRE                                         r  u_clk_div/count_reg[11]/C
                         clock pessimism             -0.244     1.714    
    SLICE_X36Y50         FDRE (Hold_fdre_C_D)         0.105     1.819    u_clk_div/count_reg[11]
  -------------------------------------------------------------------
                         required time                         -1.819    
                         arrival time                           2.063    
  -------------------------------------------------------------------
                         slack                                  0.244    

Slack (MET) :             0.244ns  (arrival time - required time)
  Source:                 u_clk_div/count_reg[4]/C
                            (rising edge-triggered cell FDRE clocked by sys_clk_pin  {rise@0.000ns fall@5.000ns period=10.000ns})
  Destination:            u_clk_div/count_reg[9]/D
                            (rising edge-triggered cell FDRE clocked by sys_clk_pin  {rise@0.000ns fall@5.000ns period=10.000ns})
  Path Group:             sys_clk_pin
  Path Type:              Hold (Min at Fast Process Corner)
  Requirement:            0.000ns  (sys_clk_pin rise@0.000ns - sys_clk_pin rise@0.000ns)
  Data Path Delay:        0.616ns  (logic 0.428ns (69.453%)  route 0.188ns (30.547%))
  Logic Levels:           2  (CARRY4=2)
  Clock Path Skew:        0.267ns (DCD - SCD - CPR)
    Destination Clock Delay (DCD):    1.958ns
    Source Clock Delay      (SCD):    1.447ns
    Clock Pessimism Removal (CPR):    0.244ns

    Location             Delay type                Incr(ns)  Path(ns)    Netlist Resource(s)
  -------------------------------------------------------------------    -------------------
                         (clock sys_clk_pin rise edge)
                                                      0.000     0.000 r  
    W5                                                0.000     0.000 r  clk (IN)
                         net (fo=0)                   0.000     0.000    clk
    W5                   IBUF (Prop_ibuf_I_O)         0.226     0.226 r  clk_IBUF_inst/O
                         net (fo=1, routed)           0.631     0.858    clk_IBUF
    BUFGCTRL_X0Y1        BUFG (Prop_bufg_I_O)         0.026     0.884 r  clk_IBUF_BUFG_inst/O
                         net (fo=46, routed)          0.564     1.447    u_clk_div/clk_IBUF_BUFG
    SLICE_X36Y49         FDRE                                         r  u_clk_div/count_reg[4]/C
  -------------------------------------------------------------------    -------------------
    SLICE_X36Y49         FDRE (Prop_fdre_C_Q)         0.141     1.588 r  u_clk_div/count_reg[4]/Q
                         net (fo=2, routed)           0.188     1.776    u_clk_div/count_reg[4]
    SLICE_X36Y49         CARRY4 (Prop_carry4_S[0]_CO[3])
                                                      0.197     1.973 r  u_clk_div/count_reg[4]_i_1/CO[3]
                         net (fo=1, routed)           0.001     1.973    u_clk_div/count_reg[4]_i_1_n_0
    SLICE_X36Y50         CARRY4 (Prop_carry4_CI_O[1])
                                                      0.090     2.063 r  u_clk_div/count_reg[8]_i_1/O[1]
                         net (fo=1, routed)           0.000     2.063    u_clk_div/count_reg[8]_i_1_n_6
    SLICE_X36Y50         FDRE                                         r  u_clk_div/count_reg[9]/D
  -------------------------------------------------------------------    -------------------

                         (clock sys_clk_pin rise edge)
                                                      0.000     0.000 r  
    W5                                                0.000     0.000 r  clk (IN)
                         net (fo=0)                   0.000     0.000    clk
    W5                   IBUF (Prop_ibuf_I_O)         0.414     0.414 r  clk_IBUF_inst/O
                         net (fo=1, routed)           0.685     1.099    clk_IBUF
    BUFGCTRL_X0Y1        BUFG (Prop_bufg_I_O)         0.029     1.128 r  clk_IBUF_BUFG_inst/O
                         net (fo=46, routed)          0.830     1.958    u_clk_div/clk_IBUF_BUFG
    SLICE_X36Y50         FDRE                                         r  u_clk_div/count_reg[9]/C
                         clock pessimism             -0.244     1.714    
    SLICE_X36Y50         FDRE (Hold_fdre_C_D)         0.105     1.819    u_clk_div/count_reg[9]
  -------------------------------------------------------------------
                         required time                         -1.819    
                         arrival time                           2.063    
  -------------------------------------------------------------------
                         slack                                  0.244    

Slack (MET) :             0.247ns  (arrival time - required time)
  Source:                 u_clk_div/count_reg[4]/C
                            (rising edge-triggered cell FDRE clocked by sys_clk_pin  {rise@0.000ns fall@5.000ns period=10.000ns})
  Destination:            u_clk_div/count_reg[12]/D
                            (rising edge-triggered cell FDRE clocked by sys_clk_pin  {rise@0.000ns fall@5.000ns period=10.000ns})
  Path Group:             sys_clk_pin
  Path Type:              Hold (Min at Fast Process Corner)
  Requirement:            0.000ns  (sys_clk_pin rise@0.000ns - sys_clk_pin rise@0.000ns)
  Data Path Delay:        0.619ns  (logic 0.431ns (69.601%)  route 0.188ns (30.399%))
  Logic Levels:           3  (CARRY4=3)
  Clock Path Skew:        0.267ns (DCD - SCD - CPR)
    Destination Clock Delay (DCD):    1.958ns
    Source Clock Delay      (SCD):    1.447ns
    Clock Pessimism Removal (CPR):    0.244ns

    Location             Delay type                Incr(ns)  Path(ns)    Netlist Resource(s)
  -------------------------------------------------------------------    -------------------
                         (clock sys_clk_pin rise edge)
                                                      0.000     0.000 r  
    W5                                                0.000     0.000 r  clk (IN)
                         net (fo=0)                   0.000     0.000    clk
    W5                   IBUF (Prop_ibuf_I_O)         0.226     0.226 r  clk_IBUF_inst/O
                         net (fo=1, routed)           0.631     0.858    clk_IBUF
    BUFGCTRL_X0Y1        BUFG (Prop_bufg_I_O)         0.026     0.884 r  clk_IBUF_BUFG_inst/O
                         net (fo=46, routed)          0.564     1.447    u_clk_div/clk_IBUF_BUFG
    SLICE_X36Y49         FDRE                                         r  u_clk_div/count_reg[4]/C
  -------------------------------------------------------------------    -------------------
    SLICE_X36Y49         FDRE (Prop_fdre_C_Q)         0.141     1.588 r  u_clk_div/count_reg[4]/Q
                         net (fo=2, routed)           0.188     1.776    u_clk_div/count_reg[4]
    SLICE_X36Y49         CARRY4 (Prop_carry4_S[0]_CO[3])
                                                      0.197     1.973 r  u_clk_div/count_reg[4]_i_1/CO[3]
                         net (fo=1, routed)           0.001     1.973    u_clk_div/count_reg[4]_i_1_n_0
    SLICE_X36Y50         CARRY4 (Prop_carry4_CI_CO[3])
                                                      0.039     2.012 r  u_clk_div/count_reg[8]_i_1/CO[3]
                         net (fo=1, routed)           0.000     2.012    u_clk_div/count_reg[8]_i_1_n_0
    SLICE_X36Y51         CARRY4 (Prop_carry4_CI_O[0])
                                                      0.054     2.066 r  u_clk_div/count_reg[12]_i_1/O[0]
                         net (fo=1, routed)           0.000     2.066    u_clk_div/count_reg[12]_i_1_n_7
    SLICE_X36Y51         FDRE                                         r  u_clk_div/count_reg[12]/D
  -------------------------------------------------------------------    -------------------

                         (clock sys_clk_pin rise edge)
                                                      0.000     0.000 r  
    W5                                                0.000     0.000 r  clk (IN)
                         net (fo=0)                   0.000     0.000    clk
    W5                   IBUF (Prop_ibuf_I_O)         0.414     0.414 r  clk_IBUF_inst/O
                         net (fo=1, routed)           0.685     1.099    clk_IBUF
    BUFGCTRL_X0Y1        BUFG (Prop_bufg_I_O)         0.029     1.128 r  clk_IBUF_BUFG_inst/O
                         net (fo=46, routed)          0.830     1.958    u_clk_div/clk_IBUF_BUFG
    SLICE_X36Y51         FDRE                                         r  u_clk_div/count_reg[12]/C
                         clock pessimism             -0.244     1.714    
    SLICE_X36Y51         FDRE (Hold_fdre_C_D)         0.105     1.819    u_clk_div/count_reg[12]
  -------------------------------------------------------------------
                         required time                         -1.819    
                         arrival time                           2.066    
  -------------------------------------------------------------------
                         slack                                  0.247    

Slack (MET) :             0.258ns  (arrival time - required time)
  Source:                 u_clk_div/count_reg[4]/C
                            (rising edge-triggered cell FDRE clocked by sys_clk_pin  {rise@0.000ns fall@5.000ns period=10.000ns})
  Destination:            u_clk_div/count_reg[14]/D
                            (rising edge-triggered cell FDRE clocked by sys_clk_pin  {rise@0.000ns fall@5.000ns period=10.000ns})
  Path Group:             sys_clk_pin
  Path Type:              Hold (Min at Fast Process Corner)
  Requirement:            0.000ns  (sys_clk_pin rise@0.000ns - sys_clk_pin rise@0.000ns)
  Data Path Delay:        0.630ns  (logic 0.442ns (70.132%)  route 0.188ns (29.868%))
  Logic Levels:           3  (CARRY4=3)
  Clock Path Skew:        0.267ns (DCD - SCD - CPR)
    Destination Clock Delay (DCD):    1.958ns
    Source Clock Delay      (SCD):    1.447ns
    Clock Pessimism Removal (CPR):    0.244ns

    Location             Delay type                Incr(ns)  Path(ns)    Netlist Resource(s)
  -------------------------------------------------------------------    -------------------
                         (clock sys_clk_pin rise edge)
                                                      0.000     0.000 r  
    W5                                                0.000     0.000 r  clk (IN)
                         net (fo=0)                   0.000     0.000    clk
    W5                   IBUF (Prop_ibuf_I_O)         0.226     0.226 r  clk_IBUF_inst/O
                         net (fo=1, routed)           0.631     0.858    clk_IBUF
    BUFGCTRL_X0Y1        BUFG (Prop_bufg_I_O)         0.026     0.884 r  clk_IBUF_BUFG_inst/O
                         net (fo=46, routed)          0.564     1.447    u_clk_div/clk_IBUF_BUFG
    SLICE_X36Y49         FDRE                                         r  u_clk_div/count_reg[4]/C
  -------------------------------------------------------------------    -------------------
    SLICE_X36Y49         FDRE (Prop_fdre_C_Q)         0.141     1.588 r  u_clk_div/count_reg[4]/Q
                         net (fo=2, routed)           0.188     1.776    u_clk_div/count_reg[4]
    SLICE_X36Y49         CARRY4 (Prop_carry4_S[0]_CO[3])
                                                      0.197     1.973 r  u_clk_div/count_reg[4]_i_1/CO[3]
                         net (fo=1, routed)           0.001     1.973    u_clk_div/count_reg[4]_i_1_n_0
    SLICE_X36Y50         CARRY4 (Prop_carry4_CI_CO[3])
                                                      0.039     2.012 r  u_clk_div/count_reg[8]_i_1/CO[3]
                         net (fo=1, routed)           0.000     2.012    u_clk_div/count_reg[8]_i_1_n_0
    SLICE_X36Y51         CARRY4 (Prop_carry4_CI_O[2])
                                                      0.065     2.077 r  u_clk_div/count_reg[12]_i_1/O[2]
                         net (fo=1, routed)           0.000     2.077    u_clk_div/count_reg[12]_i_1_n_5
    SLICE_X36Y51         FDRE                                         r  u_clk_div/count_reg[14]/D
  -------------------------------------------------------------------    -------------------

                         (clock sys_clk_pin rise edge)
                                                      0.000     0.000 r  
    W5                                                0.000     0.000 r  clk (IN)
                         net (fo=0)                   0.000     0.000    clk
    W5                   IBUF (Prop_ibuf_I_O)         0.414     0.414 r  clk_IBUF_inst/O
                         net (fo=1, routed)           0.685     1.099    clk_IBUF
    BUFGCTRL_X0Y1        BUFG (Prop_bufg_I_O)         0.029     1.128 r  clk_IBUF_BUFG_inst/O
                         net (fo=46, routed)          0.830     1.958    u_clk_div/clk_IBUF_BUFG
    SLICE_X36Y51         FDRE                                         r  u_clk_div/count_reg[14]/C
                         clock pessimism             -0.244     1.714    
    SLICE_X36Y51         FDRE (Hold_fdre_C_D)         0.105     1.819    u_clk_div/count_reg[14]
  -------------------------------------------------------------------
                         required time                         -1.819    
                         arrival time                           2.077    
  -------------------------------------------------------------------
                         slack                                  0.258    

Slack (MET) :             0.283ns  (arrival time - required time)
  Source:                 u_clk_div/count_reg[4]/C
                            (rising edge-triggered cell FDRE clocked by sys_clk_pin  {rise@0.000ns fall@5.000ns period=10.000ns})
  Destination:            u_clk_div/count_reg[13]/D
                            (rising edge-triggered cell FDRE clocked by sys_clk_pin  {rise@0.000ns fall@5.000ns period=10.000ns})
  Path Group:             sys_clk_pin
  Path Type:              Hold (Min at Fast Process Corner)
  Requirement:            0.000ns  (sys_clk_pin rise@0.000ns - sys_clk_pin rise@0.000ns)
  Data Path Delay:        0.655ns  (logic 0.467ns (71.272%)  route 0.188ns (28.728%))
  Logic Levels:           3  (CARRY4=3)
  Clock Path Skew:        0.267ns (DCD - SCD - CPR)
    Destination Clock Delay (DCD):    1.958ns
    Source Clock Delay      (SCD):    1.447ns
    Clock Pessimism Removal (CPR):    0.244ns

    Location             Delay type                Incr(ns)  Path(ns)    Netlist Resource(s)
  -------------------------------------------------------------------    -------------------
                         (clock sys_clk_pin rise edge)
                                                      0.000     0.000 r  
    W5                                                0.000     0.000 r  clk (IN)
                         net (fo=0)                   0.000     0.000    clk
    W5                   IBUF (Prop_ibuf_I_O)         0.226     0.226 r  clk_IBUF_inst/O
                         net (fo=1, routed)           0.631     0.858    clk_IBUF
    BUFGCTRL_X0Y1        BUFG (Prop_bufg_I_O)         0.026     0.884 r  clk_IBUF_BUFG_inst/O
                         net (fo=46, routed)          0.564     1.447    u_clk_div/clk_IBUF_BUFG
    SLICE_X36Y49         FDRE                                         r  u_clk_div/count_reg[4]/C
  -------------------------------------------------------------------    -------------------
    SLICE_X36Y49         FDRE (Prop_fdre_C_Q)         0.141     1.588 r  u_clk_div/count_reg[4]/Q
                         net (fo=2, routed)           0.188     1.776    u_clk_div/count_reg[4]
    SLICE_X36Y49         CARRY4 (Prop_carry4_S[0]_CO[3])
                                                      0.197     1.973 r  u_clk_div/count_reg[4]_i_1/CO[3]
                         net (fo=1, routed)           0.001     1.973    u_clk_div/count_reg[4]_i_1_n_0
    SLICE_X36Y50         CARRY4 (Prop_carry4_CI_CO[3])
                                                      0.039     2.012 r  u_clk_div/count_reg[8]_i_1/CO[3]
                         net (fo=1, routed)           0.000     2.012    u_clk_div/count_reg[8]_i_1_n_0
    SLICE_X36Y51         CARRY4 (Prop_carry4_CI_O[1])
                                                      0.090     2.102 r  u_clk_div/count_reg[12]_i_1/O[1]
                         net (fo=1, routed)           0.000     2.102    u_clk_div/count_reg[12]_i_1_n_6
    SLICE_X36Y51         FDRE                                         r  u_clk_div/count_reg[13]/D
  -------------------------------------------------------------------    -------------------

                         (clock sys_clk_pin rise edge)
                                                      0.000     0.000 r  
    W5                                                0.000     0.000 r  clk (IN)
                         net (fo=0)                   0.000     0.000    clk
    W5                   IBUF (Prop_ibuf_I_O)         0.414     0.414 r  clk_IBUF_inst/O
                         net (fo=1, routed)           0.685     1.099    clk_IBUF
    BUFGCTRL_X0Y1        BUFG (Prop_bufg_I_O)         0.029     1.128 r  clk_IBUF_BUFG_inst/O
                         net (fo=46, routed)          0.830     1.958    u_clk_div/clk_IBUF_BUFG
    SLICE_X36Y51         FDRE                                         r  u_clk_div/count_reg[13]/C
                         clock pessimism             -0.244     1.714    
    SLICE_X36Y51         FDRE (Hold_fdre_C_D)         0.105     1.819    u_clk_div/count_reg[13]
  -------------------------------------------------------------------
                         required time                         -1.819    
                         arrival time                           2.102    
  -------------------------------------------------------------------
                         slack                                  0.283    

Slack (MET) :             0.283ns  (arrival time - required time)
  Source:                 u_clk_div/count_reg[4]/C
                            (rising edge-triggered cell FDRE clocked by sys_clk_pin  {rise@0.000ns fall@5.000ns period=10.000ns})
  Destination:            u_clk_div/count_reg[15]/D
                            (rising edge-triggered cell FDRE clocked by sys_clk_pin  {rise@0.000ns fall@5.000ns period=10.000ns})
  Path Group:             sys_clk_pin
  Path Type:              Hold (Min at Fast Process Corner)
  Requirement:            0.000ns  (sys_clk_pin rise@0.000ns - sys_clk_pin rise@0.000ns)
  Data Path Delay:        0.655ns  (logic 0.467ns (71.272%)  route 0.188ns (28.728%))
  Logic Levels:           3  (CARRY4=3)
  Clock Path Skew:        0.267ns (DCD - SCD - CPR)
    Destination Clock Delay (DCD):    1.958ns
    Source Clock Delay      (SCD):    1.447ns
    Clock Pessimism Removal (CPR):    0.244ns

    Location             Delay type                Incr(ns)  Path(ns)    Netlist Resource(s)
  -------------------------------------------------------------------    -------------------
                         (clock sys_clk_pin rise edge)
                                                      0.000     0.000 r  
    W5                                                0.000     0.000 r  clk (IN)
                         net (fo=0)                   0.000     0.000    clk
    W5                   IBUF (Prop_ibuf_I_O)         0.226     0.226 r  clk_IBUF_inst/O
                         net (fo=1, routed)           0.631     0.858    clk_IBUF
    BUFGCTRL_X0Y1        BUFG (Prop_bufg_I_O)         0.026     0.884 r  clk_IBUF_BUFG_inst/O
                         net (fo=46, routed)          0.564     1.447    u_clk_div/clk_IBUF_BUFG
    SLICE_X36Y49         FDRE                                         r  u_clk_div/count_reg[4]/C
  -------------------------------------------------------------------    -------------------
    SLICE_X36Y49         FDRE (Prop_fdre_C_Q)         0.141     1.588 r  u_clk_div/count_reg[4]/Q
                         net (fo=2, routed)           0.188     1.776    u_clk_div/count_reg[4]
    SLICE_X36Y49         CARRY4 (Prop_carry4_S[0]_CO[3])
                                                      0.197     1.973 r  u_clk_div/count_reg[4]_i_1/CO[3]
                         net (fo=1, routed)           0.001     1.973    u_clk_div/count_reg[4]_i_1_n_0
    SLICE_X36Y50         CARRY4 (Prop_carry4_CI_CO[3])
                                                      0.039     2.012 r  u_clk_div/count_reg[8]_i_1/CO[3]
                         net (fo=1, routed)           0.000     2.012    u_clk_div/count_reg[8]_i_1_n_0
    SLICE_X36Y51         CARRY4 (Prop_carry4_CI_O[3])
                                                      0.090     2.102 r  u_clk_div/count_reg[12]_i_1/O[3]
                         net (fo=1, routed)           0.000     2.102    u_clk_div/count_reg[12]_i_1_n_4
    SLICE_X36Y51         FDRE                                         r  u_clk_div/count_reg[15]/D
  -------------------------------------------------------------------    -------------------

                         (clock sys_clk_pin rise edge)
                                                      0.000     0.000 r  
    W5                                                0.000     0.000 r  clk (IN)
                         net (fo=0)                   0.000     0.000    clk
    W5                   IBUF (Prop_ibuf_I_O)         0.414     0.414 r  clk_IBUF_inst/O
                         net (fo=1, routed)           0.685     1.099    clk_IBUF
    BUFGCTRL_X0Y1        BUFG (Prop_bufg_I_O)         0.029     1.128 r  clk_IBUF_BUFG_inst/O
                         net (fo=46, routed)          0.830     1.958    u_clk_div/clk_IBUF_BUFG
    SLICE_X36Y51         FDRE                                         r  u_clk_div/count_reg[15]/C
                         clock pessimism             -0.244     1.714    
    SLICE_X36Y51         FDRE (Hold_fdre_C_D)         0.105     1.819    u_clk_div/count_reg[15]
  -------------------------------------------------------------------
                         required time                         -1.819    
                         arrival time                           2.102    
  -------------------------------------------------------------------
                         slack                                  0.283    

Slack (MET) :             0.286ns  (arrival time - required time)
  Source:                 u_clk_div/count_reg[4]/C
                            (rising edge-triggered cell FDRE clocked by sys_clk_pin  {rise@0.000ns fall@5.000ns period=10.000ns})
  Destination:            u_clk_div/count_reg[16]/D
                            (rising edge-triggered cell FDRE clocked by sys_clk_pin  {rise@0.000ns fall@5.000ns period=10.000ns})
  Path Group:             sys_clk_pin
  Path Type:              Hold (Min at Fast Process Corner)
  Requirement:            0.000ns  (sys_clk_pin rise@0.000ns - sys_clk_pin rise@0.000ns)
  Data Path Delay:        0.658ns  (logic 0.470ns (71.403%)  route 0.188ns (28.597%))
  Logic Levels:           4  (CARRY4=4)
  Clock Path Skew:        0.267ns (DCD - SCD - CPR)
    Destination Clock Delay (DCD):    1.958ns
    Source Clock Delay      (SCD):    1.447ns
    Clock Pessimism Removal (CPR):    0.244ns

    Location             Delay type                Incr(ns)  Path(ns)    Netlist Resource(s)
  -------------------------------------------------------------------    -------------------
                         (clock sys_clk_pin rise edge)
                                                      0.000     0.000 r  
    W5                                                0.000     0.000 r  clk (IN)
                         net (fo=0)                   0.000     0.000    clk
    W5                   IBUF (Prop_ibuf_I_O)         0.226     0.226 r  clk_IBUF_inst/O
                         net (fo=1, routed)           0.631     0.858    clk_IBUF
    BUFGCTRL_X0Y1        BUFG (Prop_bufg_I_O)         0.026     0.884 r  clk_IBUF_BUFG_inst/O
                         net (fo=46, routed)          0.564     1.447    u_clk_div/clk_IBUF_BUFG
    SLICE_X36Y49         FDRE                                         r  u_clk_div/count_reg[4]/C
  -------------------------------------------------------------------    -------------------
    SLICE_X36Y49         FDRE (Prop_fdre_C_Q)         0.141     1.588 r  u_clk_div/count_reg[4]/Q
                         net (fo=2, routed)           0.188     1.776    u_clk_div/count_reg[4]
    SLICE_X36Y49         CARRY4 (Prop_carry4_S[0]_CO[3])
                                                      0.197     1.973 r  u_clk_div/count_reg[4]_i_1/CO[3]
                         net (fo=1, routed)           0.001     1.973    u_clk_div/count_reg[4]_i_1_n_0
    SLICE_X36Y50         CARRY4 (Prop_carry4_CI_CO[3])
                                                      0.039     2.012 r  u_clk_div/count_reg[8]_i_1/CO[3]
                         net (fo=1, routed)           0.000     2.012    u_clk_div/count_reg[8]_i_1_n_0
    SLICE_X36Y51         CARRY4 (Prop_carry4_CI_CO[3])
                                                      0.039     2.051 r  u_clk_div/count_reg[12]_i_1/CO[3]
                         net (fo=1, routed)           0.000     2.051    u_clk_div/count_reg[12]_i_1_n_0
    SLICE_X36Y52         CARRY4 (Prop_carry4_CI_O[0])
                                                      0.054     2.105 r  u_clk_div/count_reg[16]_i_1/O[0]
                         net (fo=1, routed)           0.000     2.105    u_clk_div/count_reg[16]_i_1_n_7
    SLICE_X36Y52         FDRE                                         r  u_clk_div/count_reg[16]/D
  -------------------------------------------------------------------    -------------------

                         (clock sys_clk_pin rise edge)
                                                      0.000     0.000 r  
    W5                                                0.000     0.000 r  clk (IN)
                         net (fo=0)                   0.000     0.000    clk
    W5                   IBUF (Prop_ibuf_I_O)         0.414     0.414 r  clk_IBUF_inst/O
                         net (fo=1, routed)           0.685     1.099    clk_IBUF
    BUFGCTRL_X0Y1        BUFG (Prop_bufg_I_O)         0.029     1.128 r  clk_IBUF_BUFG_inst/O
                         net (fo=46, routed)          0.830     1.958    u_clk_div/clk_IBUF_BUFG
    SLICE_X36Y52         FDRE                                         r  u_clk_div/count_reg[16]/C
                         clock pessimism             -0.244     1.714    
    SLICE_X36Y52         FDRE (Hold_fdre_C_D)         0.105     1.819    u_clk_div/count_reg[16]
  -------------------------------------------------------------------
                         required time                         -1.819    
                         arrival time                           2.105    
  -------------------------------------------------------------------
                         slack                                  0.286    

Slack (MET) :             0.297ns  (arrival time - required time)
  Source:                 u_clk_div/count_reg[4]/C
                            (rising edge-triggered cell FDRE clocked by sys_clk_pin  {rise@0.000ns fall@5.000ns period=10.000ns})
  Destination:            u_clk_div/count_reg[18]/D
                            (rising edge-triggered cell FDRE clocked by sys_clk_pin  {rise@0.000ns fall@5.000ns period=10.000ns})
  Path Group:             sys_clk_pin
  Path Type:              Hold (Min at Fast Process Corner)
  Requirement:            0.000ns  (sys_clk_pin rise@0.000ns - sys_clk_pin rise@0.000ns)
  Data Path Delay:        0.669ns  (logic 0.481ns (71.873%)  route 0.188ns (28.127%))
  Logic Levels:           4  (CARRY4=4)
  Clock Path Skew:        0.267ns (DCD - SCD - CPR)
    Destination Clock Delay (DCD):    1.958ns
    Source Clock Delay      (SCD):    1.447ns
    Clock Pessimism Removal (CPR):    0.244ns

    Location             Delay type                Incr(ns)  Path(ns)    Netlist Resource(s)
  -------------------------------------------------------------------    -------------------
                         (clock sys_clk_pin rise edge)
                                                      0.000     0.000 r  
    W5                                                0.000     0.000 r  clk (IN)
                         net (fo=0)                   0.000     0.000    clk
    W5                   IBUF (Prop_ibuf_I_O)         0.226     0.226 r  clk_IBUF_inst/O
                         net (fo=1, routed)           0.631     0.858    clk_IBUF
    BUFGCTRL_X0Y1        BUFG (Prop_bufg_I_O)         0.026     0.884 r  clk_IBUF_BUFG_inst/O
                         net (fo=46, routed)          0.564     1.447    u_clk_div/clk_IBUF_BUFG
    SLICE_X36Y49         FDRE                                         r  u_clk_div/count_reg[4]/C
  -------------------------------------------------------------------    -------------------
    SLICE_X36Y49         FDRE (Prop_fdre_C_Q)         0.141     1.588 r  u_clk_div/count_reg[4]/Q
                         net (fo=2, routed)           0.188     1.776    u_clk_div/count_reg[4]
    SLICE_X36Y49         CARRY4 (Prop_carry4_S[0]_CO[3])
                                                      0.197     1.973 r  u_clk_div/count_reg[4]_i_1/CO[3]
                         net (fo=1, routed)           0.001     1.973    u_clk_div/count_reg[4]_i_1_n_0
    SLICE_X36Y50         CARRY4 (Prop_carry4_CI_CO[3])
                                                      0.039     2.012 r  u_clk_div/count_reg[8]_i_1/CO[3]
                         net (fo=1, routed)           0.000     2.012    u_clk_div/count_reg[8]_i_1_n_0
    SLICE_X36Y51         CARRY4 (Prop_carry4_CI_CO[3])
                                                      0.039     2.051 r  u_clk_div/count_reg[12]_i_1/CO[3]
                         net (fo=1, routed)           0.000     2.051    u_clk_div/count_reg[12]_i_1_n_0
    SLICE_X36Y52         CARRY4 (Prop_carry4_CI_O[2])
                                                      0.065     2.116 r  u_clk_div/count_reg[16]_i_1/O[2]
                         net (fo=1, routed)           0.000     2.116    u_clk_div/count_reg[16]_i_1_n_5
    SLICE_X36Y52         FDRE                                         r  u_clk_div/count_reg[18]/D
  -------------------------------------------------------------------    -------------------

                         (clock sys_clk_pin rise edge)
                                                      0.000     0.000 r  
    W5                                                0.000     0.000 r  clk (IN)
                         net (fo=0)                   0.000     0.000    clk
    W5                   IBUF (Prop_ibuf_I_O)         0.414     0.414 r  clk_IBUF_inst/O
                         net (fo=1, routed)           0.685     1.099    clk_IBUF
    BUFGCTRL_X0Y1        BUFG (Prop_bufg_I_O)         0.029     1.128 r  clk_IBUF_BUFG_inst/O
                         net (fo=46, routed)          0.830     1.958    u_clk_div/clk_IBUF_BUFG
    SLICE_X36Y52         FDRE                                         r  u_clk_div/count_reg[18]/C
                         clock pessimism             -0.244     1.714    
    SLICE_X36Y52         FDRE (Hold_fdre_C_D)         0.105     1.819    u_clk_div/count_reg[18]
  -------------------------------------------------------------------
                         required time                         -1.819    
                         arrival time                           2.116    
  -------------------------------------------------------------------
                         slack                                  0.297    





Pulse Width Checks
--------------------------------------------------------------------------------------
Clock Name:         sys_clk_pin
Waveform(ns):       { 0.000 5.000 }
Period(ns):         10.000
Sources:            { clk }

Check Type        Corner  Lib Pin  Reference Pin  Required(ns)  Actual(ns)  Slack(ns)  Location       Pin
Min Period        n/a     BUFG/I   n/a            2.155         10.000      7.845      BUFGCTRL_X0Y1  clk_IBUF_BUFG_inst/I
Min Period        n/a     FDRE/C   n/a            1.000         10.000      9.000      SLICE_X36Y46   u_clk_div/clk_out_reg/C
Min Period        n/a     FDRE/C   n/a            1.000         10.000      9.000      SLICE_X36Y48   u_clk_div/count_reg[0]/C
Min Period        n/a     FDRE/C   n/a            1.000         10.000      9.000      SLICE_X36Y50   u_clk_div/count_reg[10]/C
Min Period        n/a     FDRE/C   n/a            1.000         10.000      9.000      SLICE_X36Y50   u_clk_div/count_reg[11]/C
Min Period        n/a     FDRE/C   n/a            1.000         10.000      9.000      SLICE_X36Y51   u_clk_div/count_reg[12]/C
Min Period        n/a     FDRE/C   n/a            1.000         10.000      9.000      SLICE_X36Y51   u_clk_div/count_reg[13]/C
Min Period        n/a     FDRE/C   n/a            1.000         10.000      9.000      SLICE_X36Y51   u_clk_div/count_reg[14]/C
Min Period        n/a     FDRE/C   n/a            1.000         10.000      9.000      SLICE_X36Y51   u_clk_div/count_reg[15]/C
Min Period        n/a     FDRE/C   n/a            1.000         10.000      9.000      SLICE_X36Y52   u_clk_div/count_reg[16]/C
Low Pulse Width   Slow    FDRE/C   n/a            0.500         5.000       4.500      SLICE_X36Y46   u_clk_div/clk_out_reg/C
Low Pulse Width   Fast    FDRE/C   n/a            0.500         5.000       4.500      SLICE_X36Y46   u_clk_div/clk_out_reg/C
Low Pulse Width   Slow    FDRE/C   n/a            0.500         5.000       4.500      SLICE_X36Y48   u_clk_div/count_reg[0]/C
Low Pulse Width   Fast    FDRE/C   n/a            0.500         5.000       4.500      SLICE_X36Y48   u_clk_div/count_reg[0]/C
Low Pulse Width   Slow    FDRE/C   n/a            0.500         5.000       4.500      SLICE_X36Y50   u_clk_div/count_reg[10]/C
Low Pulse Width   Fast    FDRE/C   n/a            0.500         5.000       4.500      SLICE_X36Y50   u_clk_div/count_reg[10]/C
Low Pulse Width   Slow    FDRE/C   n/a            0.500         5.000       4.500      SLICE_X36Y50   u_clk_div/count_reg[11]/C
Low Pulse Width   Fast    FDRE/C   n/a            0.500         5.000       4.500      SLICE_X36Y50   u_clk_div/count_reg[11]/C
Low Pulse Width   Slow    FDRE/C   n/a            0.500         5.000       4.500      SLICE_X36Y51   u_clk_div/count_reg[12]/C
Low Pulse Width   Fast    FDRE/C   n/a            0.500         5.000       4.500      SLICE_X36Y51   u_clk_div/count_reg[12]/C
High Pulse Width  Slow    FDRE/C   n/a            0.500         5.000       4.500      SLICE_X36Y46   u_clk_div/clk_out_reg/C
High Pulse Width  Fast    FDRE/C   n/a            0.500         5.000       4.500      SLICE_X36Y46   u_clk_div/clk_out_reg/C
High Pulse Width  Slow    FDRE/C   n/a            0.500         5.000       4.500      SLICE_X36Y48   u_clk_div/count_reg[0]/C
High Pulse Width  Fast    FDRE/C   n/a            0.500         5.000       4.500      SLICE_X36Y48   u_clk_div/count_reg[0]/C
High Pulse Width  Slow    FDRE/C   n/a            0.500         5.000       4.500      SLICE_X36Y50   u_clk_div/count_reg[10]/C
High Pulse Width  Fast    FDRE/C   n/a            0.500         5.000       4.500      SLICE_X36Y50   u_clk_div/count_reg[10]/C
High Pulse Width  Slow    FDRE/C   n/a            0.500         5.000       4.500      SLICE_X36Y50   u_clk_div/count_reg[11]/C
High Pulse Width  Fast    FDRE/C   n/a            0.500         5.000       4.500      SLICE_X36Y50   u_clk_div/count_reg[11]/C
High Pulse Width  Slow    FDRE/C   n/a            0.500         5.000       4.500      SLICE_X36Y51   u_clk_div/count_reg[12]/C
High Pulse Width  Fast    FDRE/C   n/a            0.500         5.000       4.500      SLICE_X36Y51   u_clk_div/count_reg[12]/C



--------------------------------------------------------------------------------------
Path Group:  (none)
From Clock:  
  To Clock:  

Max Delay           137 Endpoints
Min Delay           137 Endpoints
--------------------------------------------------------------------------------------


Max Delay Paths
--------------------------------------------------------------------------------------
Slack:                    inf
  Source:                 u_lfsr/sr_reg[21]/C
                            (rising edge-triggered cell FDCE)
  Destination:            led[15]
                            (output port)
  Path Group:             (none)
  Path Type:              Max at Slow Process Corner
  Data Path Delay:        10.060ns  (logic 4.349ns (43.236%)  route 5.710ns (56.764%))
  Logic Levels:           5  (FDCE=1 LUT3=1 LUT5=1 LUT6=1 OBUF=1)

    Location             Delay type                Incr(ns)  Path(ns)    Netlist Resource(s)
  -------------------------------------------------------------------    -------------------
    SLICE_X63Y28         FDCE                         0.000     0.000 r  u_lfsr/sr_reg[21]/C
    SLICE_X63Y28         FDCE (Prop_fdce_C_Q)         0.456     0.456 f  u_lfsr/sr_reg[21]/Q
                         net (fo=3, routed)           0.915     1.371    u_lfsr/sr[21]
    SLICE_X62Y29         LUT6 (Prop_lut6_I1_O)        0.124     1.495 f  u_lfsr/led_OBUF[15]_inst_i_3/O
                         net (fo=1, routed)           0.799     2.294    u_lfsr/led_OBUF[15]_inst_i_3_n_0
    SLICE_X63Y28         LUT5 (Prop_lut5_I0_O)        0.124     2.418 r  u_lfsr/led_OBUF[15]_inst_i_2/O
                         net (fo=2, routed)           0.797     3.215    u_lfsr/lfsr_done
    SLICE_X63Y29         LUT3 (Prop_lut3_I0_O)        0.124     3.339 r  u_lfsr/led_OBUF[15]_inst_i_1/O
                         net (fo=1, routed)           3.199     6.538    led_OBUF[15]
    L1                   OBUF (Prop_obuf_I_O)         3.521    10.060 r  led_OBUF[15]_inst/O
                         net (fo=0)                   0.000    10.060    led[15]
    L1                                                                r  led[15] (OUT)
  -------------------------------------------------------------------    -------------------

Slack:                    inf
  Source:                 u_counter/count_reg[13]/C
                            (rising edge-triggered cell FDCE)
  Destination:            seg[3]
                            (output port)
  Path Group:             (none)
  Path Type:              Max at Slow Process Corner
  Data Path Delay:        8.301ns  (logic 4.476ns (53.914%)  route 3.826ns (46.086%))
  Logic Levels:           4  (FDCE=1 LUT4=1 LUT5=1 OBUF=1)

    Location             Delay type                Incr(ns)  Path(ns)    Netlist Resource(s)
  -------------------------------------------------------------------    -------------------
    SLICE_X62Y25         FDCE                         0.000     0.000 r  u_counter/count_reg[13]/C
    SLICE_X62Y25         FDCE (Prop_fdce_C_Q)         0.456     0.456 r  u_counter/count_reg[13]/Q
                         net (fo=3, routed)           1.108     1.564    u_counter/led_OBUF[13]
    SLICE_X63Y25         LUT5 (Prop_lut5_I1_O)        0.124     1.688 r  u_counter/seg_OBUF[6]_inst_i_5/O
                         net (fo=7, routed)           0.865     2.553    u_counter/u_disp/hex_in__26[1]
    SLICE_X63Y24         LUT4 (Prop_lut4_I2_O)        0.152     2.705 r  u_counter/seg_OBUF[3]_inst_i_1/O
                         net (fo=1, routed)           1.852     4.558    seg_OBUF[3]
    V8                   OBUF (Prop_obuf_I_O)         3.744     8.301 r  seg_OBUF[3]_inst/O
                         net (fo=0)                   0.000     8.301    seg[3]
    V8                                                                r  seg[3] (OUT)
  -------------------------------------------------------------------    -------------------

Slack:                    inf
  Source:                 u_counter/count_reg[16]/C
                            (rising edge-triggered cell FDCE)
  Destination:            seg[6]
                            (output port)
  Path Group:             (none)
  Path Type:              Max at Slow Process Corner
  Data Path Delay:        8.132ns  (logic 4.235ns (52.081%)  route 3.897ns (47.919%))
  Logic Levels:           4  (FDCE=1 LUT4=1 LUT6=1 OBUF=1)

    Location             Delay type                Incr(ns)  Path(ns)    Netlist Resource(s)
  -------------------------------------------------------------------    -------------------
    SLICE_X62Y26         FDCE                         0.000     0.000 r  u_counter/count_reg[16]/C
    SLICE_X62Y26         FDCE (Prop_fdce_C_Q)         0.456     0.456 r  u_counter/count_reg[16]/Q
                         net (fo=3, routed)           0.826     1.282    u_counter/S[0]
    SLICE_X63Y25         LUT6 (Prop_lut6_I2_O)        0.124     1.406 r  u_counter/seg_OBUF[6]_inst_i_4/O
                         net (fo=7, routed)           0.868     2.274    u_counter/u_disp/hex_in__26[0]
    SLICE_X63Y24         LUT4 (Prop_lut4_I2_O)        0.124     2.398 r  u_counter/seg_OBUF[6]_inst_i_1/O
                         net (fo=1, routed)           2.203     4.601    seg_OBUF[6]
    U7                   OBUF (Prop_obuf_I_O)         3.531     8.132 r  seg_OBUF[6]_inst/O
                         net (fo=0)                   0.000     8.132    seg[6]
    U7                                                                r  seg[6] (OUT)
  -------------------------------------------------------------------    -------------------

Slack:                    inf
  Source:                 u_counter/count_reg[6]/C
                            (rising edge-triggered cell FDCE)
  Destination:            led[6]
                            (output port)
  Path Group:             (none)
  Path Type:              Max at Slow Process Corner
  Data Path Delay:        8.125ns  (logic 3.962ns (48.764%)  route 4.163ns (51.236%))
  Logic Levels:           2  (FDCE=1 OBUF=1)

    Location             Delay type                Incr(ns)  Path(ns)    Netlist Resource(s)
  -------------------------------------------------------------------    -------------------
    SLICE_X62Y23         FDCE                         0.000     0.000 r  u_counter/count_reg[6]/C
    SLICE_X62Y23         FDCE (Prop_fdce_C_Q)         0.456     0.456 r  u_counter/count_reg[6]/Q
                         net (fo=3, routed)           4.163     4.619    led_OBUF[6]
    U14                  OBUF (Prop_obuf_I_O)         3.506     8.125 r  led_OBUF[6]_inst/O
                         net (fo=0)                   0.000     8.125    led[6]
    U14                                                               r  led[6] (OUT)
  -------------------------------------------------------------------    -------------------

Slack:                    inf
  Source:                 u_counter/count_reg[16]/C
                            (rising edge-triggered cell FDCE)
  Destination:            seg[5]
                            (output port)
  Path Group:             (none)
  Path Type:              Max at Slow Process Corner
  Data Path Delay:        8.123ns  (logic 4.441ns (54.674%)  route 3.682ns (45.326%))
  Logic Levels:           4  (FDCE=1 LUT4=1 LUT6=1 OBUF=1)

    Location             Delay type                Incr(ns)  Path(ns)    Netlist Resource(s)
  -------------------------------------------------------------------    -------------------
    SLICE_X62Y26         FDCE                         0.000     0.000 r  u_counter/count_reg[16]/C
    SLICE_X62Y26         FDCE (Prop_fdce_C_Q)         0.456     0.456 r  u_counter/count_reg[16]/Q
                         net (fo=3, routed)           0.826     1.282    u_counter/S[0]
    SLICE_X63Y25         LUT6 (Prop_lut6_I2_O)        0.124     1.406 r  u_counter/seg_OBUF[6]_inst_i_4/O
                         net (fo=7, routed)           0.863     2.269    u_counter/u_disp/hex_in__26[0]
    SLICE_X63Y24         LUT4 (Prop_lut4_I1_O)        0.154     2.423 r  u_counter/seg_OBUF[5]_inst_i_1/O
                         net (fo=1, routed)           1.993     4.416    seg_OBUF[5]
    V5                   OBUF (Prop_obuf_I_O)         3.707     8.123 r  seg_OBUF[5]_inst/O
                         net (fo=0)                   0.000     8.123    seg[5]
    V5                                                                r  seg[5] (OUT)
  -------------------------------------------------------------------    -------------------

Slack:                    inf
  Source:                 u_counter/count_reg[1]/C
                            (rising edge-triggered cell FDCE)
  Destination:            led[1]
                            (output port)
  Path Group:             (none)
  Path Type:              Max at Slow Process Corner
  Data Path Delay:        8.122ns  (logic 3.986ns (49.072%)  route 4.136ns (50.928%))
  Logic Levels:           2  (FDCE=1 OBUF=1)

    Location             Delay type                Incr(ns)  Path(ns)    Netlist Resource(s)
  -------------------------------------------------------------------    -------------------
    SLICE_X62Y22         FDCE                         0.000     0.000 r  u_counter/count_reg[1]/C
    SLICE_X62Y22         FDCE (Prop_fdce_C_Q)         0.456     0.456 r  u_counter/count_reg[1]/Q
                         net (fo=2, routed)           4.136     4.592    led_OBUF[1]
    E19                  OBUF (Prop_obuf_I_O)         3.530     8.122 r  led_OBUF[1]_inst/O
                         net (fo=0)                   0.000     8.122    led[1]
    E19                                                               r  led[1] (OUT)
  -------------------------------------------------------------------    -------------------

Slack:                    inf
  Source:                 u_counter/count_reg[5]/C
                            (rising edge-triggered cell FDCE)
  Destination:            led[5]
                            (output port)
  Path Group:             (none)
  Path Type:              Max at Slow Process Corner
  Data Path Delay:        8.109ns  (logic 3.970ns (48.962%)  route 4.139ns (51.038%))
  Logic Levels:           2  (FDCE=1 OBUF=1)

    Location             Delay type                Incr(ns)  Path(ns)    Netlist Resource(s)
  -------------------------------------------------------------------    -------------------
    SLICE_X62Y23         FDCE                         0.000     0.000 r  u_counter/count_reg[5]/C
    SLICE_X62Y23         FDCE (Prop_fdce_C_Q)         0.456     0.456 r  u_counter/count_reg[5]/Q
                         net (fo=3, routed)           4.139     4.595    led_OBUF[5]
    U15                  OBUF (Prop_obuf_I_O)         3.514     8.109 r  led_OBUF[5]_inst/O
                         net (fo=0)                   0.000     8.109    led[5]
    U15                                                               r  led[5] (OUT)
  -------------------------------------------------------------------    -------------------

Slack:                    inf
  Source:                 u_counter/count_reg[8]/C
                            (rising edge-triggered cell FDCE)
  Destination:            led[8]
                            (output port)
  Path Group:             (none)
  Path Type:              Max at Slow Process Corner
  Data Path Delay:        8.109ns  (logic 3.960ns (48.838%)  route 4.148ns (51.162%))
  Logic Levels:           2  (FDCE=1 OBUF=1)

    Location             Delay type                Incr(ns)  Path(ns)    Netlist Resource(s)
  -------------------------------------------------------------------    -------------------
    SLICE_X62Y24         FDCE                         0.000     0.000 r  u_counter/count_reg[8]/C
    SLICE_X62Y24         FDCE (Prop_fdce_C_Q)         0.456     0.456 r  u_counter/count_reg[8]/Q
                         net (fo=3, routed)           4.148     4.604    led_OBUF[8]
    V13                  OBUF (Prop_obuf_I_O)         3.504     8.109 r  led_OBUF[8]_inst/O
                         net (fo=0)                   0.000     8.109    led[8]
    V13                                                               r  led[8] (OUT)
  -------------------------------------------------------------------    -------------------

Slack:                    inf
  Source:                 u_counter/count_reg[0]/C
                            (rising edge-triggered cell FDCE)
  Destination:            led[0]
                            (output port)
  Path Group:             (none)
  Path Type:              Max at Slow Process Corner
  Data Path Delay:        8.079ns  (logic 3.961ns (49.024%)  route 4.118ns (50.976%))
  Logic Levels:           2  (FDCE=1 OBUF=1)

    Location             Delay type                Incr(ns)  Path(ns)    Netlist Resource(s)
  -------------------------------------------------------------------    -------------------
    SLICE_X62Y22         FDCE                         0.000     0.000 r  u_counter/count_reg[0]/C
    SLICE_X62Y22         FDCE (Prop_fdce_C_Q)         0.456     0.456 r  u_counter/count_reg[0]/Q
                         net (fo=2, routed)           4.118     4.574    led_OBUF[0]
    U16                  OBUF (Prop_obuf_I_O)         3.505     8.079 r  led_OBUF[0]_inst/O
                         net (fo=0)                   0.000     8.079    led[0]
    U16                                                               r  led[0] (OUT)
  -------------------------------------------------------------------    -------------------

Slack:                    inf
  Source:                 u_counter/count_reg[13]/C
                            (rising edge-triggered cell FDCE)
  Destination:            seg[0]
                            (output port)
  Path Group:             (none)
  Path Type:              Max at Slow Process Corner
  Data Path Delay:        8.079ns  (logic 4.445ns (55.016%)  route 3.634ns (44.984%))
  Logic Levels:           4  (FDCE=1 LUT4=1 LUT5=1 OBUF=1)

    Location             Delay type                Incr(ns)  Path(ns)    Netlist Resource(s)
  -------------------------------------------------------------------    -------------------
    SLICE_X62Y25         FDCE                         0.000     0.000 r  u_counter/count_reg[13]/C
    SLICE_X62Y25         FDCE (Prop_fdce_C_Q)         0.456     0.456 r  u_counter/count_reg[13]/Q
                         net (fo=3, routed)           1.108     1.564    u_counter/led_OBUF[13]
    SLICE_X63Y25         LUT5 (Prop_lut5_I1_O)        0.124     1.688 r  u_counter/seg_OBUF[6]_inst_i_5/O
                         net (fo=7, routed)           0.863     2.551    u_counter/u_disp/hex_in__26[1]
    SLICE_X63Y24         LUT4 (Prop_lut4_I0_O)        0.152     2.703 r  u_counter/seg_OBUF[0]_inst_i_1/O
                         net (fo=1, routed)           1.663     4.366    seg_OBUF[0]
    W7                   OBUF (Prop_obuf_I_O)         3.713     8.079 r  seg_OBUF[0]_inst/O
                         net (fo=0)                   0.000     8.079    seg[0]
    W7                                                                r  seg[0] (OUT)
  -------------------------------------------------------------------    -------------------





Min Delay Paths
--------------------------------------------------------------------------------------
Slack:                    inf
  Source:                 u_lfsr/sr_reg[15]/C
                            (rising edge-triggered cell FDCE)
  Destination:            u_lfsr/sr_reg[14]/D
  Path Group:             (none)
  Path Type:              Min at Fast Process Corner
  Data Path Delay:        0.202ns  (logic 0.128ns (63.507%)  route 0.074ns (36.493%))
  Logic Levels:           1  (FDCE=1)

    Location             Delay type                Incr(ns)  Path(ns)    Netlist Resource(s)
  -------------------------------------------------------------------    -------------------
    SLICE_X62Y29         FDCE                         0.000     0.000 r  u_lfsr/sr_reg[15]/C
    SLICE_X62Y29         FDCE (Prop_fdce_C_Q)         0.128     0.128 r  u_lfsr/sr_reg[15]/Q
                         net (fo=2, routed)           0.074     0.202    u_lfsr/sr[15]
    SLICE_X63Y29         FDCE                                         r  u_lfsr/sr_reg[14]/D
  -------------------------------------------------------------------    -------------------

Slack:                    inf
  Source:                 u_lfsr/sr_reg[8]/C
                            (rising edge-triggered cell FDCE)
  Destination:            u_lfsr/sr_reg[7]/D
  Path Group:             (none)
  Path Type:              Min at Fast Process Corner
  Data Path Delay:        0.255ns  (logic 0.141ns (55.249%)  route 0.114ns (44.751%))
  Logic Levels:           1  (FDCE=1)

    Location             Delay type                Incr(ns)  Path(ns)    Netlist Resource(s)
  -------------------------------------------------------------------    -------------------
    SLICE_X63Y28         FDCE                         0.000     0.000 r  u_lfsr/sr_reg[8]/C
    SLICE_X63Y28         FDCE (Prop_fdce_C_Q)         0.141     0.141 r  u_lfsr/sr_reg[8]/Q
                         net (fo=2, routed)           0.114     0.255    u_lfsr/sr[8]
    SLICE_X63Y28         FDCE                                         r  u_lfsr/sr_reg[7]/D
  -------------------------------------------------------------------    -------------------

Slack:                    inf
  Source:                 u_lfsr/sr_reg[12]/C
                            (rising edge-triggered cell FDCE)
  Destination:            u_lfsr/sr_reg[11]/D
  Path Group:             (none)
  Path Type:              Min at Fast Process Corner
  Data Path Delay:        0.257ns  (logic 0.141ns (54.849%)  route 0.116ns (45.151%))
  Logic Levels:           1  (FDCE=1)

    Location             Delay type                Incr(ns)  Path(ns)    Netlist Resource(s)
  -------------------------------------------------------------------    -------------------
    SLICE_X63Y29         FDCE                         0.000     0.000 r  u_lfsr/sr_reg[12]/C
    SLICE_X63Y29         FDCE (Prop_fdce_C_Q)         0.141     0.141 r  u_lfsr/sr_reg[12]/Q
                         net (fo=2, routed)           0.116     0.257    u_lfsr/sr[12]
    SLICE_X63Y29         FDCE                                         r  u_lfsr/sr_reg[11]/D
  -------------------------------------------------------------------    -------------------

Slack:                    inf
  Source:                 u_lfsr/sr_reg[10]/C
                            (rising edge-triggered cell FDCE)
  Destination:            u_lfsr/sr_reg[9]/D
  Path Group:             (none)
  Path Type:              Min at Fast Process Corner
  Data Path Delay:        0.263ns  (logic 0.141ns (53.584%)  route 0.122ns (46.416%))
  Logic Levels:           1  (FDCE=1)

    Location             Delay type                Incr(ns)  Path(ns)    Netlist Resource(s)
  -------------------------------------------------------------------    -------------------
    SLICE_X63Y29         FDCE                         0.000     0.000 r  u_lfsr/sr_reg[10]/C
    SLICE_X63Y29         FDCE (Prop_fdce_C_Q)         0.141     0.141 r  u_lfsr/sr_reg[10]/Q
                         net (fo=2, routed)           0.122     0.263    u_lfsr/sr[10]
    SLICE_X63Y28         FDCE                                         r  u_lfsr/sr_reg[9]/D
  -------------------------------------------------------------------    -------------------

Slack:                    inf
  Source:                 u_lfsr/sr_reg[21]/C
                            (rising edge-triggered cell FDCE)
  Destination:            u_lfsr/sr_reg[20]/D
  Path Group:             (none)
  Path Type:              Min at Fast Process Corner
  Data Path Delay:        0.295ns  (logic 0.141ns (47.794%)  route 0.154ns (52.206%))
  Logic Levels:           1  (FDCE=1)

    Location             Delay type                Incr(ns)  Path(ns)    Netlist Resource(s)
  -------------------------------------------------------------------    -------------------
    SLICE_X63Y28         FDCE                         0.000     0.000 r  u_lfsr/sr_reg[21]/C
    SLICE_X63Y28         FDCE (Prop_fdce_C_Q)         0.141     0.141 r  u_lfsr/sr_reg[21]/Q
                         net (fo=3, routed)           0.154     0.295    u_lfsr/sr[21]
    SLICE_X62Y29         FDCE                                         r  u_lfsr/sr_reg[20]/D
  -------------------------------------------------------------------    -------------------

Slack:                    inf
  Source:                 u_lfsr/sr_reg[18]/C
                            (rising edge-triggered cell FDCE)
  Destination:            u_lfsr/sr_reg[17]/D
  Path Group:             (none)
  Path Type:              Min at Fast Process Corner
  Data Path Delay:        0.301ns  (logic 0.141ns (46.900%)  route 0.160ns (53.100%))
  Logic Levels:           1  (FDCE=1)

    Location             Delay type                Incr(ns)  Path(ns)    Netlist Resource(s)
  -------------------------------------------------------------------    -------------------
    SLICE_X62Y29         FDCE                         0.000     0.000 r  u_lfsr/sr_reg[18]/C
    SLICE_X62Y29         FDCE (Prop_fdce_C_Q)         0.141     0.141 r  u_lfsr/sr_reg[18]/Q
                         net (fo=2, routed)           0.160     0.301    u_lfsr/sr[18]
    SLICE_X62Y28         FDCE                                         r  u_lfsr/sr_reg[17]/D
  -------------------------------------------------------------------    -------------------

Slack:                    inf
  Source:                 u_lfsr/sr_reg[14]/C
                            (rising edge-triggered cell FDCE)
  Destination:            u_lfsr/sr_reg[13]/D
  Path Group:             (none)
  Path Type:              Min at Fast Process Corner
  Data Path Delay:        0.316ns  (logic 0.128ns (40.523%)  route 0.188ns (59.477%))
  Logic Levels:           1  (FDCE=1)

    Location             Delay type                Incr(ns)  Path(ns)    Netlist Resource(s)
  -------------------------------------------------------------------    -------------------
    SLICE_X63Y29         FDCE                         0.000     0.000 r  u_lfsr/sr_reg[14]/C
    SLICE_X63Y29         FDCE (Prop_fdce_C_Q)         0.128     0.128 r  u_lfsr/sr_reg[14]/Q
                         net (fo=2, routed)           0.188     0.316    u_lfsr/sr[14]
    SLICE_X63Y29         FDCE                                         r  u_lfsr/sr_reg[13]/D
  -------------------------------------------------------------------    -------------------

Slack:                    inf
  Source:                 u_lfsr/sr_reg[6]/C
                            (rising edge-triggered cell FDPE)
  Destination:            u_lfsr/sr_reg[5]/D
  Path Group:             (none)
  Path Type:              Min at Fast Process Corner
  Data Path Delay:        0.322ns  (logic 0.141ns (43.738%)  route 0.181ns (56.262%))
  Logic Levels:           1  (FDPE=1)

    Location             Delay type                Incr(ns)  Path(ns)    Netlist Resource(s)
  -------------------------------------------------------------------    -------------------
    SLICE_X63Y28         FDPE                         0.000     0.000 r  u_lfsr/sr_reg[6]/C
    SLICE_X63Y28         FDPE (Prop_fdpe_C_Q)         0.141     0.141 r  u_lfsr/sr_reg[6]/Q
                         net (fo=2, routed)           0.181     0.322    u_lfsr/sr[6]
    SLICE_X62Y28         FDPE                                         r  u_lfsr/sr_reg[5]/D
  -------------------------------------------------------------------    -------------------

Slack:                    inf
  Source:                 u_lfsr/sr_reg[4]/C
                            (rising edge-triggered cell FDPE)
  Destination:            u_lfsr/sr_reg[3]/D
  Path Group:             (none)
  Path Type:              Min at Fast Process Corner
  Data Path Delay:        0.328ns  (logic 0.128ns (39.036%)  route 0.200ns (60.964%))
  Logic Levels:           1  (FDPE=1)

    Location             Delay type                Incr(ns)  Path(ns)    Netlist Resource(s)
  -------------------------------------------------------------------    -------------------
    SLICE_X62Y28         FDPE                         0.000     0.000 r  u_lfsr/sr_reg[4]/C
    SLICE_X62Y28         FDPE (Prop_fdpe_C_Q)         0.128     0.128 r  u_lfsr/sr_reg[4]/Q
                         net (fo=2, routed)           0.200     0.328    u_lfsr/sr[4]
    SLICE_X62Y28         FDPE                                         r  u_lfsr/sr_reg[3]/D
  -------------------------------------------------------------------    -------------------

Slack:                    inf
  Source:                 u_fsm/FSM_onehot_state_reg[3]/C
                            (rising edge-triggered cell FDCE)
  Destination:            u_fsm/FSM_onehot_state_reg[4]/D
  Path Group:             (none)
  Path Type:              Min at Fast Process Corner
  Data Path Delay:        0.334ns  (logic 0.186ns (55.717%)  route 0.148ns (44.283%))
  Logic Levels:           2  (FDCE=1 LUT2=1)

    Location             Delay type                Incr(ns)  Path(ns)    Netlist Resource(s)
  -------------------------------------------------------------------    -------------------
    SLICE_X62Y30         FDCE                         0.000     0.000 r  u_fsm/FSM_onehot_state_reg[3]/C
    SLICE_X62Y30         FDCE (Prop_fdce_C_Q)         0.141     0.141 r  u_fsm/FSM_onehot_state_reg[3]/Q
                         net (fo=4, routed)           0.148     0.289    u_fsm/FSM_onehot_state_reg_n_0_[3]
    SLICE_X63Y30         LUT2 (Prop_lut2_I0_O)        0.045     0.334 r  u_fsm/FSM_onehot_state[4]_i_1/O
                         net (fo=1, routed)           0.000     0.334    u_fsm/FSM_onehot_state[4]_i_1_n_0
    SLICE_X63Y30         FDCE                                         r  u_fsm/FSM_onehot_state_reg[4]/D
  -------------------------------------------------------------------    -------------------





--------------------------------------------------------------------------------------
Path Group:  (none)
From Clock:  sys_clk_pin
  To Clock:  

Max Delay            11 Endpoints
Min Delay            11 Endpoints
--------------------------------------------------------------------------------------


Max Delay Paths
--------------------------------------------------------------------------------------
Slack:                    inf
  Source:                 u_disp/q_reg_reg[17]/C
                            (rising edge-triggered cell FDCE clocked by sys_clk_pin  {rise@0.000ns fall@5.000ns period=10.000ns})
  Destination:            seg[6]
                            (output port)
  Path Group:             (none)
  Path Type:              Max at Slow Process Corner
  Data Path Delay:        8.696ns  (logic 4.297ns (49.418%)  route 4.399ns (50.582%))
  Logic Levels:           3  (LUT4=1 LUT6=1 OBUF=1)
  Clock Uncertainty:      0.025ns  ((TSJ^2 + TIJ^2)^1/2 + DJ) / 2 + PE
    Total System Jitter     (TSJ):    0.050ns
    Total Input Jitter      (TIJ):    0.000ns
    Discrete Jitter          (DJ):    0.000ns
    Phase Error              (PE):    0.000ns

    Location             Delay type                Incr(ns)  Path(ns)    Netlist Resource(s)
  -------------------------------------------------------------------    -------------------
                         (clock sys_clk_pin rise edge)
                                                      0.000     0.000 r  
    W5                                                0.000     0.000 r  clk (IN)
                         net (fo=0)                   0.000     0.000    clk
    W5                   IBUF (Prop_ibuf_I_O)         1.458     1.458 r  clk_IBUF_inst/O
                         net (fo=1, routed)           1.967     3.425    clk_IBUF
    BUFGCTRL_X0Y1        BUFG (Prop_bufg_I_O)         0.096     3.521 r  clk_IBUF_BUFG_inst/O
                         net (fo=46, routed)          1.618     5.139    u_disp/clk_IBUF_BUFG
    SLICE_X64Y25         FDCE                                         r  u_disp/q_reg_reg[17]/C
  -------------------------------------------------------------------    -------------------
    SLICE_X64Y25         FDCE (Prop_fdce_C_Q)         0.518     5.657 r  u_disp/q_reg_reg[17]/Q
                         net (fo=9, routed)           1.328     6.985    u_counter/p_0_in[1]
    SLICE_X63Y25         LUT6 (Prop_lut6_I3_O)        0.124     7.109 r  u_counter/seg_OBUF[6]_inst_i_4/O
                         net (fo=7, routed)           0.868     7.977    u_counter/u_disp/hex_in__26[0]
    SLICE_X63Y24         LUT4 (Prop_lut4_I2_O)        0.124     8.101 r  u_counter/seg_OBUF[6]_inst_i_1/O
                         net (fo=1, routed)           2.203    10.304    seg_OBUF[6]
    U7                   OBUF (Prop_obuf_I_O)         3.531    13.835 r  seg_OBUF[6]_inst/O
                         net (fo=0)                   0.000    13.835    seg[6]
    U7                                                                r  seg[6] (OUT)
  -------------------------------------------------------------------    -------------------

Slack:                    inf
  Source:                 u_disp/q_reg_reg[17]/C
                            (rising edge-triggered cell FDCE clocked by sys_clk_pin  {rise@0.000ns fall@5.000ns period=10.000ns})
  Destination:            seg[5]
                            (output port)
  Path Group:             (none)
  Path Type:              Max at Slow Process Corner
  Data Path Delay:        8.687ns  (logic 4.503ns (51.840%)  route 4.184ns (48.160%))
  Logic Levels:           3  (LUT4=1 LUT6=1 OBUF=1)
  Clock Uncertainty:      0.025ns  ((TSJ^2 + TIJ^2)^1/2 + DJ) / 2 + PE
    Total System Jitter     (TSJ):    0.050ns
    Total Input Jitter      (TIJ):    0.000ns
    Discrete Jitter          (DJ):    0.000ns
    Phase Error              (PE):    0.000ns

    Location             Delay type                Incr(ns)  Path(ns)    Netlist Resource(s)
  -------------------------------------------------------------------    -------------------
                         (clock sys_clk_pin rise edge)
                                                      0.000     0.000 r  
    W5                                                0.000     0.000 r  clk (IN)
                         net (fo=0)                   0.000     0.000    clk
    W5                   IBUF (Prop_ibuf_I_O)         1.458     1.458 r  clk_IBUF_inst/O
                         net (fo=1, routed)           1.967     3.425    clk_IBUF
    BUFGCTRL_X0Y1        BUFG (Prop_bufg_I_O)         0.096     3.521 r  clk_IBUF_BUFG_inst/O
                         net (fo=46, routed)          1.618     5.139    u_disp/clk_IBUF_BUFG
    SLICE_X64Y25         FDCE                                         r  u_disp/q_reg_reg[17]/C
  -------------------------------------------------------------------    -------------------
    SLICE_X64Y25         FDCE (Prop_fdce_C_Q)         0.518     5.657 r  u_disp/q_reg_reg[17]/Q
                         net (fo=9, routed)           1.328     6.985    u_counter/p_0_in[1]
    SLICE_X63Y25         LUT6 (Prop_lut6_I3_O)        0.124     7.109 r  u_counter/seg_OBUF[6]_inst_i_4/O
                         net (fo=7, routed)           0.863     7.972    u_counter/u_disp/hex_in__26[0]
    SLICE_X63Y24         LUT4 (Prop_lut4_I1_O)        0.154     8.126 r  u_counter/seg_OBUF[5]_inst_i_1/O
                         net (fo=1, routed)           1.993    10.119    seg_OBUF[5]
    V5                   OBUF (Prop_obuf_I_O)         3.707    13.826 r  seg_OBUF[5]_inst/O
                         net (fo=0)                   0.000    13.826    seg[5]
    V5                                                                r  seg[5] (OUT)
  -------------------------------------------------------------------    -------------------

Slack:                    inf
  Source:                 u_disp/q_reg_reg[17]/C
                            (rising edge-triggered cell FDCE clocked by sys_clk_pin  {rise@0.000ns fall@5.000ns period=10.000ns})
  Destination:            seg[3]
                            (output port)
  Path Group:             (none)
  Path Type:              Max at Slow Process Corner
  Data Path Delay:        8.633ns  (logic 4.538ns (52.559%)  route 4.096ns (47.441%))
  Logic Levels:           3  (LUT4=1 LUT5=1 OBUF=1)
  Clock Uncertainty:      0.025ns  ((TSJ^2 + TIJ^2)^1/2 + DJ) / 2 + PE
    Total System Jitter     (TSJ):    0.050ns
    Total Input Jitter      (TIJ):    0.000ns
    Discrete Jitter          (DJ):    0.000ns
    Phase Error              (PE):    0.000ns

    Location             Delay type                Incr(ns)  Path(ns)    Netlist Resource(s)
  -------------------------------------------------------------------    -------------------
                         (clock sys_clk_pin rise edge)
                                                      0.000     0.000 r  
    W5                                                0.000     0.000 r  clk (IN)
                         net (fo=0)                   0.000     0.000    clk
    W5                   IBUF (Prop_ibuf_I_O)         1.458     1.458 r  clk_IBUF_inst/O
                         net (fo=1, routed)           1.967     3.425    clk_IBUF
    BUFGCTRL_X0Y1        BUFG (Prop_bufg_I_O)         0.096     3.521 r  clk_IBUF_BUFG_inst/O
                         net (fo=46, routed)          1.618     5.139    u_disp/clk_IBUF_BUFG
    SLICE_X64Y25         FDCE                                         r  u_disp/q_reg_reg[17]/C
  -------------------------------------------------------------------    -------------------
    SLICE_X64Y25         FDCE (Prop_fdce_C_Q)         0.518     5.657 r  u_disp/q_reg_reg[17]/Q
                         net (fo=9, routed)           1.163     6.820    u_counter/p_0_in[1]
    SLICE_X63Y25         LUT5 (Prop_lut5_I2_O)        0.124     6.944 r  u_counter/seg_OBUF[6]_inst_i_3/O
                         net (fo=7, routed)           1.081     8.025    u_counter/u_disp/hex_in__26[2]
    SLICE_X63Y24         LUT4 (Prop_lut4_I1_O)        0.152     8.177 r  u_counter/seg_OBUF[3]_inst_i_1/O
                         net (fo=1, routed)           1.852    10.029    seg_OBUF[3]
    V8                   OBUF (Prop_obuf_I_O)         3.744    13.773 r  seg_OBUF[3]_inst/O
                         net (fo=0)                   0.000    13.773    seg[3]
    V8                                                                r  seg[3] (OUT)
  -------------------------------------------------------------------    -------------------

Slack:                    inf
  Source:                 u_disp/q_reg_reg[17]/C
                            (rising edge-triggered cell FDCE clocked by sys_clk_pin  {rise@0.000ns fall@5.000ns period=10.000ns})
  Destination:            seg[0]
                            (output port)
  Path Group:             (none)
  Path Type:              Max at Slow Process Corner
  Data Path Delay:        8.414ns  (logic 4.507ns (53.562%)  route 3.907ns (46.438%))
  Logic Levels:           3  (LUT4=1 LUT5=1 OBUF=1)
  Clock Uncertainty:      0.025ns  ((TSJ^2 + TIJ^2)^1/2 + DJ) / 2 + PE
    Total System Jitter     (TSJ):    0.050ns
    Total Input Jitter      (TIJ):    0.000ns
    Discrete Jitter          (DJ):    0.000ns
    Phase Error              (PE):    0.000ns

    Location             Delay type                Incr(ns)  Path(ns)    Netlist Resource(s)
  -------------------------------------------------------------------    -------------------
                         (clock sys_clk_pin rise edge)
                                                      0.000     0.000 r  
    W5                                                0.000     0.000 r  clk (IN)
                         net (fo=0)                   0.000     0.000    clk
    W5                   IBUF (Prop_ibuf_I_O)         1.458     1.458 r  clk_IBUF_inst/O
                         net (fo=1, routed)           1.967     3.425    clk_IBUF
    BUFGCTRL_X0Y1        BUFG (Prop_bufg_I_O)         0.096     3.521 r  clk_IBUF_BUFG_inst/O
                         net (fo=46, routed)          1.618     5.139    u_disp/clk_IBUF_BUFG
    SLICE_X64Y25         FDCE                                         r  u_disp/q_reg_reg[17]/C
  -------------------------------------------------------------------    -------------------
    SLICE_X64Y25         FDCE (Prop_fdce_C_Q)         0.518     5.657 r  u_disp/q_reg_reg[17]/Q
                         net (fo=9, routed)           1.163     6.820    u_counter/p_0_in[1]
    SLICE_X63Y25         LUT5 (Prop_lut5_I2_O)        0.124     6.944 r  u_counter/seg_OBUF[6]_inst_i_3/O
                         net (fo=7, routed)           1.082     8.026    u_counter/u_disp/hex_in__26[2]
    SLICE_X63Y24         LUT4 (Prop_lut4_I3_O)        0.152     8.178 r  u_counter/seg_OBUF[0]_inst_i_1/O
                         net (fo=1, routed)           1.663     9.841    seg_OBUF[0]
    W7                   OBUF (Prop_obuf_I_O)         3.713    13.553 r  seg_OBUF[0]_inst/O
                         net (fo=0)                   0.000    13.553    seg[0]
    W7                                                                r  seg[0] (OUT)
  -------------------------------------------------------------------    -------------------

Slack:                    inf
  Source:                 u_disp/q_reg_reg[17]/C
                            (rising edge-triggered cell FDCE clocked by sys_clk_pin  {rise@0.000ns fall@5.000ns period=10.000ns})
  Destination:            seg[2]
                            (output port)
  Path Group:             (none)
  Path Type:              Max at Slow Process Corner
  Data Path Delay:        8.380ns  (logic 4.301ns (51.328%)  route 4.079ns (48.672%))
  Logic Levels:           3  (LUT4=1 LUT5=1 OBUF=1)
  Clock Uncertainty:      0.025ns  ((TSJ^2 + TIJ^2)^1/2 + DJ) / 2 + PE
    Total System Jitter     (TSJ):    0.050ns
    Total Input Jitter      (TIJ):    0.000ns
    Discrete Jitter          (DJ):    0.000ns
    Phase Error              (PE):    0.000ns

    Location             Delay type                Incr(ns)  Path(ns)    Netlist Resource(s)
  -------------------------------------------------------------------    -------------------
                         (clock sys_clk_pin rise edge)
                                                      0.000     0.000 r  
    W5                                                0.000     0.000 r  clk (IN)
                         net (fo=0)                   0.000     0.000    clk
    W5                   IBUF (Prop_ibuf_I_O)         1.458     1.458 r  clk_IBUF_inst/O
                         net (fo=1, routed)           1.967     3.425    clk_IBUF
    BUFGCTRL_X0Y1        BUFG (Prop_bufg_I_O)         0.096     3.521 r  clk_IBUF_BUFG_inst/O
                         net (fo=46, routed)          1.618     5.139    u_disp/clk_IBUF_BUFG
    SLICE_X64Y25         FDCE                                         r  u_disp/q_reg_reg[17]/C
  -------------------------------------------------------------------    -------------------
    SLICE_X64Y25         FDCE (Prop_fdce_C_Q)         0.518     5.657 r  u_disp/q_reg_reg[17]/Q
                         net (fo=9, routed)           1.163     6.820    u_counter/p_0_in[1]
    SLICE_X63Y25         LUT5 (Prop_lut5_I2_O)        0.124     6.944 r  u_counter/seg_OBUF[6]_inst_i_3/O
                         net (fo=7, routed)           1.081     8.025    u_counter/u_disp/hex_in__26[2]
    SLICE_X63Y24         LUT4 (Prop_lut4_I1_O)        0.124     8.149 r  u_counter/seg_OBUF[2]_inst_i_1/O
                         net (fo=1, routed)           1.835     9.984    seg_OBUF[2]
    U8                   OBUF (Prop_obuf_I_O)         3.535    13.519 r  seg_OBUF[2]_inst/O
                         net (fo=0)                   0.000    13.519    seg[2]
    U8                                                                r  seg[2] (OUT)
  -------------------------------------------------------------------    -------------------

Slack:                    inf
  Source:                 u_disp/q_reg_reg[17]/C
                            (rising edge-triggered cell FDCE clocked by sys_clk_pin  {rise@0.000ns fall@5.000ns period=10.000ns})
  Destination:            seg[4]
                            (output port)
  Path Group:             (none)
  Path Type:              Max at Slow Process Corner
  Data Path Delay:        8.337ns  (logic 4.286ns (51.410%)  route 4.051ns (48.590%))
  Logic Levels:           3  (LUT4=1 LUT6=1 OBUF=1)
  Clock Uncertainty:      0.025ns  ((TSJ^2 + TIJ^2)^1/2 + DJ) / 2 + PE
    Total System Jitter     (TSJ):    0.050ns
    Total Input Jitter      (TIJ):    0.000ns
    Discrete Jitter          (DJ):    0.000ns
    Phase Error              (PE):    0.000ns

    Location             Delay type                Incr(ns)  Path(ns)    Netlist Resource(s)
  -------------------------------------------------------------------    -------------------
                         (clock sys_clk_pin rise edge)
                                                      0.000     0.000 r  
    W5                                                0.000     0.000 r  clk (IN)
                         net (fo=0)                   0.000     0.000    clk
    W5                   IBUF (Prop_ibuf_I_O)         1.458     1.458 r  clk_IBUF_inst/O
                         net (fo=1, routed)           1.967     3.425    clk_IBUF
    BUFGCTRL_X0Y1        BUFG (Prop_bufg_I_O)         0.096     3.521 r  clk_IBUF_BUFG_inst/O
                         net (fo=46, routed)          1.618     5.139    u_disp/clk_IBUF_BUFG
    SLICE_X64Y25         FDCE                                         r  u_disp/q_reg_reg[17]/C
  -------------------------------------------------------------------    -------------------
    SLICE_X64Y25         FDCE (Prop_fdce_C_Q)         0.518     5.657 r  u_disp/q_reg_reg[17]/Q
                         net (fo=9, routed)           1.328     6.985    u_counter/p_0_in[1]
    SLICE_X63Y25         LUT6 (Prop_lut6_I3_O)        0.124     7.109 r  u_counter/seg_OBUF[6]_inst_i_4/O
                         net (fo=7, routed)           0.863     7.972    u_counter/u_disp/hex_in__26[0]
    SLICE_X63Y24         LUT4 (Prop_lut4_I3_O)        0.124     8.096 r  u_counter/seg_OBUF[4]_inst_i_1/O
                         net (fo=1, routed)           1.860     9.956    seg_OBUF[4]
    U5                   OBUF (Prop_obuf_I_O)         3.520    13.476 r  seg_OBUF[4]_inst/O
                         net (fo=0)                   0.000    13.476    seg[4]
    U5                                                                r  seg[4] (OUT)
  -------------------------------------------------------------------    -------------------

Slack:                    inf
  Source:                 u_disp/q_reg_reg[17]/C
                            (rising edge-triggered cell FDCE clocked by sys_clk_pin  {rise@0.000ns fall@5.000ns period=10.000ns})
  Destination:            seg[1]
                            (output port)
  Path Group:             (none)
  Path Type:              Max at Slow Process Corner
  Data Path Delay:        8.232ns  (logic 4.295ns (52.174%)  route 3.937ns (47.825%))
  Logic Levels:           3  (LUT4=1 LUT5=1 OBUF=1)
  Clock Uncertainty:      0.025ns  ((TSJ^2 + TIJ^2)^1/2 + DJ) / 2 + PE
    Total System Jitter     (TSJ):    0.050ns
    Total Input Jitter      (TIJ):    0.000ns
    Discrete Jitter          (DJ):    0.000ns
    Phase Error              (PE):    0.000ns

    Location             Delay type                Incr(ns)  Path(ns)    Netlist Resource(s)
  -------------------------------------------------------------------    -------------------
                         (clock sys_clk_pin rise edge)
                                                      0.000     0.000 r  
    W5                                                0.000     0.000 r  clk (IN)
                         net (fo=0)                   0.000     0.000    clk
    W5                   IBUF (Prop_ibuf_I_O)         1.458     1.458 r  clk_IBUF_inst/O
                         net (fo=1, routed)           1.967     3.425    clk_IBUF
    BUFGCTRL_X0Y1        BUFG (Prop_bufg_I_O)         0.096     3.521 r  clk_IBUF_BUFG_inst/O
                         net (fo=46, routed)          1.618     5.139    u_disp/clk_IBUF_BUFG
    SLICE_X64Y25         FDCE                                         r  u_disp/q_reg_reg[17]/C
  -------------------------------------------------------------------    -------------------
    SLICE_X64Y25         FDCE (Prop_fdce_C_Q)         0.518     5.657 r  u_disp/q_reg_reg[17]/Q
                         net (fo=9, routed)           1.163     6.820    u_counter/p_0_in[1]
    SLICE_X63Y25         LUT5 (Prop_lut5_I2_O)        0.124     6.944 r  u_counter/seg_OBUF[6]_inst_i_3/O
                         net (fo=7, routed)           1.082     8.026    u_counter/u_disp/hex_in__26[2]
    SLICE_X63Y24         LUT4 (Prop_lut4_I1_O)        0.124     8.150 r  u_counter/seg_OBUF[1]_inst_i_1/O
                         net (fo=1, routed)           1.693     9.842    seg_OBUF[1]
    W6                   OBUF (Prop_obuf_I_O)         3.529    13.372 r  seg_OBUF[1]_inst/O
                         net (fo=0)                   0.000    13.372    seg[1]
    W6                                                                r  seg[1] (OUT)
  -------------------------------------------------------------------    -------------------

Slack:                    inf
  Source:                 u_disp/q_reg_reg[17]/C
                            (rising edge-triggered cell FDCE clocked by sys_clk_pin  {rise@0.000ns fall@5.000ns period=10.000ns})
  Destination:            an[0]
                            (output port)
  Path Group:             (none)
  Path Type:              Max at Slow Process Corner
  Data Path Delay:        6.696ns  (logic 4.373ns (65.307%)  route 2.323ns (34.693%))
  Logic Levels:           2  (LUT2=1 OBUF=1)
  Clock Uncertainty:      0.025ns  ((TSJ^2 + TIJ^2)^1/2 + DJ) / 2 + PE
    Total System Jitter     (TSJ):    0.050ns
    Total Input Jitter      (TIJ):    0.000ns
    Discrete Jitter          (DJ):    0.000ns
    Phase Error              (PE):    0.000ns

    Location             Delay type                Incr(ns)  Path(ns)    Netlist Resource(s)
  -------------------------------------------------------------------    -------------------
                         (clock sys_clk_pin rise edge)
                                                      0.000     0.000 r  
    W5                                                0.000     0.000 r  clk (IN)
                         net (fo=0)                   0.000     0.000    clk
    W5                   IBUF (Prop_ibuf_I_O)         1.458     1.458 r  clk_IBUF_inst/O
                         net (fo=1, routed)           1.967     3.425    clk_IBUF
    BUFGCTRL_X0Y1        BUFG (Prop_bufg_I_O)         0.096     3.521 r  clk_IBUF_BUFG_inst/O
                         net (fo=46, routed)          1.618     5.139    u_disp/clk_IBUF_BUFG
    SLICE_X64Y25         FDCE                                         r  u_disp/q_reg_reg[17]/C
  -------------------------------------------------------------------    -------------------
    SLICE_X64Y25         FDCE (Prop_fdce_C_Q)         0.518     5.657 r  u_disp/q_reg_reg[17]/Q
                         net (fo=9, routed)           0.458     6.115    u_disp/p_0_in[1]
    SLICE_X65Y25         LUT2 (Prop_lut2_I0_O)        0.150     6.265 r  u_disp/an_OBUF[0]_inst_i_1/O
                         net (fo=1, routed)           1.865     8.130    an_OBUF[0]
    U2                   OBUF (Prop_obuf_I_O)         3.705    11.835 r  an_OBUF[0]_inst/O
                         net (fo=0)                   0.000    11.835    an[0]
    U2                                                                r  an[0] (OUT)
  -------------------------------------------------------------------    -------------------

Slack:                    inf
  Source:                 u_disp/q_reg_reg[17]/C
                            (rising edge-triggered cell FDCE clocked by sys_clk_pin  {rise@0.000ns fall@5.000ns period=10.000ns})
  Destination:            an[3]
                            (output port)
  Path Group:             (none)
  Path Type:              Max at Slow Process Corner
  Data Path Delay:        6.505ns  (logic 4.386ns (67.432%)  route 2.118ns (32.568%))
  Logic Levels:           2  (LUT2=1 OBUF=1)
  Clock Uncertainty:      0.025ns  ((TSJ^2 + TIJ^2)^1/2 + DJ) / 2 + PE
    Total System Jitter     (TSJ):    0.050ns
    Total Input Jitter      (TIJ):    0.000ns
    Discrete Jitter          (DJ):    0.000ns
    Phase Error              (PE):    0.000ns

    Location             Delay type                Incr(ns)  Path(ns)    Netlist Resource(s)
  -------------------------------------------------------------------    -------------------
                         (clock sys_clk_pin rise edge)
                                                      0.000     0.000 r  
    W5                                                0.000     0.000 r  clk (IN)
                         net (fo=0)                   0.000     0.000    clk
    W5                   IBUF (Prop_ibuf_I_O)         1.458     1.458 r  clk_IBUF_inst/O
                         net (fo=1, routed)           1.967     3.425    clk_IBUF
    BUFGCTRL_X0Y1        BUFG (Prop_bufg_I_O)         0.096     3.521 r  clk_IBUF_BUFG_inst/O
                         net (fo=46, routed)          1.618     5.139    u_disp/clk_IBUF_BUFG
    SLICE_X64Y25         FDCE                                         r  u_disp/q_reg_reg[17]/C
  -------------------------------------------------------------------    -------------------
    SLICE_X64Y25         FDCE (Prop_fdce_C_Q)         0.518     5.657 f  u_disp/q_reg_reg[17]/Q
                         net (fo=9, routed)           0.456     6.113    u_disp/p_0_in[1]
    SLICE_X65Y25         LUT2 (Prop_lut2_I1_O)        0.150     6.263 r  u_disp/an_OBUF[3]_inst_i_1/O
                         net (fo=1, routed)           1.663     7.926    an_OBUF[3]
    W4                   OBUF (Prop_obuf_I_O)         3.718    11.644 r  an_OBUF[3]_inst/O
                         net (fo=0)                   0.000    11.644    an[3]
    W4                                                                r  an[3] (OUT)
  -------------------------------------------------------------------    -------------------

Slack:                    inf
  Source:                 u_disp/q_reg_reg[17]/C
                            (rising edge-triggered cell FDCE clocked by sys_clk_pin  {rise@0.000ns fall@5.000ns period=10.000ns})
  Destination:            an[1]
                            (output port)
  Path Group:             (none)
  Path Type:              Max at Slow Process Corner
  Data Path Delay:        6.450ns  (logic 4.141ns (64.204%)  route 2.309ns (35.796%))
  Logic Levels:           2  (LUT2=1 OBUF=1)
  Clock Uncertainty:      0.025ns  ((TSJ^2 + TIJ^2)^1/2 + DJ) / 2 + PE
    Total System Jitter     (TSJ):    0.050ns
    Total Input Jitter      (TIJ):    0.000ns
    Discrete Jitter          (DJ):    0.000ns
    Phase Error              (PE):    0.000ns

    Location             Delay type                Incr(ns)  Path(ns)    Netlist Resource(s)
  -------------------------------------------------------------------    -------------------
                         (clock sys_clk_pin rise edge)
                                                      0.000     0.000 r  
    W5                                                0.000     0.000 r  clk (IN)
                         net (fo=0)                   0.000     0.000    clk
    W5                   IBUF (Prop_ibuf_I_O)         1.458     1.458 r  clk_IBUF_inst/O
                         net (fo=1, routed)           1.967     3.425    clk_IBUF
    BUFGCTRL_X0Y1        BUFG (Prop_bufg_I_O)         0.096     3.521 r  clk_IBUF_BUFG_inst/O
                         net (fo=46, routed)          1.618     5.139    u_disp/clk_IBUF_BUFG
    SLICE_X64Y25         FDCE                                         r  u_disp/q_reg_reg[17]/C
  -------------------------------------------------------------------    -------------------
    SLICE_X64Y25         FDCE (Prop_fdce_C_Q)         0.518     5.657 r  u_disp/q_reg_reg[17]/Q
                         net (fo=9, routed)           0.458     6.115    u_disp/p_0_in[1]
    SLICE_X65Y25         LUT2 (Prop_lut2_I0_O)        0.124     6.239 r  u_disp/an_OBUF[1]_inst_i_1/O
                         net (fo=1, routed)           1.851     8.090    an_OBUF[1]
    U4                   OBUF (Prop_obuf_I_O)         3.499    11.589 r  an_OBUF[1]_inst/O
                         net (fo=0)                   0.000    11.589    an[1]
    U4                                                                r  an[1] (OUT)
  -------------------------------------------------------------------    -------------------





Min Delay Paths
--------------------------------------------------------------------------------------
Slack:                    inf
  Source:                 u_disp/q_reg_reg[16]/C
                            (rising edge-triggered cell FDCE clocked by sys_clk_pin  {rise@0.000ns fall@5.000ns period=10.000ns})
  Destination:            an[2]
                            (output port)
  Path Group:             (none)
  Path Type:              Min at Fast Process Corner
  Data Path Delay:        1.892ns  (logic 1.433ns (75.728%)  route 0.459ns (24.272%))
  Logic Levels:           2  (LUT2=1 OBUF=1)
  Clock Uncertainty:      0.025ns  ((TSJ^2 + TIJ^2)^1/2 + DJ) / 2 + PE
    Total System Jitter     (TSJ):    0.050ns
    Total Input Jitter      (TIJ):    0.000ns
    Discrete Jitter          (DJ):    0.000ns
    Phase Error              (PE):    0.000ns

    Location             Delay type                Incr(ns)  Path(ns)    Netlist Resource(s)
  -------------------------------------------------------------------    -------------------
                         (clock sys_clk_pin rise edge)
                                                      0.000     0.000 r  
    W5                                                0.000     0.000 r  clk (IN)
                         net (fo=0)                   0.000     0.000    clk
    W5                   IBUF (Prop_ibuf_I_O)         0.226     0.226 r  clk_IBUF_inst/O
                         net (fo=1, routed)           0.631     0.858    clk_IBUF
    BUFGCTRL_X0Y1        BUFG (Prop_bufg_I_O)         0.026     0.884 r  clk_IBUF_BUFG_inst/O
                         net (fo=46, routed)          0.582     1.465    u_disp/clk_IBUF_BUFG
    SLICE_X64Y25         FDCE                                         r  u_disp/q_reg_reg[16]/C
  -------------------------------------------------------------------    -------------------
    SLICE_X64Y25         FDCE (Prop_fdce_C_Q)         0.164     1.629 r  u_disp/q_reg_reg[16]/Q
                         net (fo=9, routed)           0.118     1.748    u_disp/p_0_in[0]
    SLICE_X65Y25         LUT2 (Prop_lut2_I0_O)        0.045     1.793 r  u_disp/an_OBUF[2]_inst_i_1/O
                         net (fo=1, routed)           0.341     2.133    an_OBUF[2]
    V4                   OBUF (Prop_obuf_I_O)         1.224     3.357 r  an_OBUF[2]_inst/O
                         net (fo=0)                   0.000     3.357    an[2]
    V4                                                                r  an[2] (OUT)
  -------------------------------------------------------------------    -------------------

Slack:                    inf
  Source:                 u_disp/q_reg_reg[16]/C
                            (rising edge-triggered cell FDCE clocked by sys_clk_pin  {rise@0.000ns fall@5.000ns period=10.000ns})
  Destination:            an[1]
                            (output port)
  Path Group:             (none)
  Path Type:              Min at Fast Process Corner
  Data Path Delay:        1.933ns  (logic 1.409ns (72.915%)  route 0.523ns (27.085%))
  Logic Levels:           2  (LUT2=1 OBUF=1)
  Clock Uncertainty:      0.025ns  ((TSJ^2 + TIJ^2)^1/2 + DJ) / 2 + PE
    Total System Jitter     (TSJ):    0.050ns
    Total Input Jitter      (TIJ):    0.000ns
    Discrete Jitter          (DJ):    0.000ns
    Phase Error              (PE):    0.000ns

    Location             Delay type                Incr(ns)  Path(ns)    Netlist Resource(s)
  -------------------------------------------------------------------    -------------------
                         (clock sys_clk_pin rise edge)
                                                      0.000     0.000 r  
    W5                                                0.000     0.000 r  clk (IN)
                         net (fo=0)                   0.000     0.000    clk
    W5                   IBUF (Prop_ibuf_I_O)         0.226     0.226 r  clk_IBUF_inst/O
                         net (fo=1, routed)           0.631     0.858    clk_IBUF
    BUFGCTRL_X0Y1        BUFG (Prop_bufg_I_O)         0.026     0.884 r  clk_IBUF_BUFG_inst/O
                         net (fo=46, routed)          0.582     1.465    u_disp/clk_IBUF_BUFG
    SLICE_X64Y25         FDCE                                         r  u_disp/q_reg_reg[16]/C
  -------------------------------------------------------------------    -------------------
    SLICE_X64Y25         FDCE (Prop_fdce_C_Q)         0.164     1.629 f  u_disp/q_reg_reg[16]/Q
                         net (fo=9, routed)           0.117     1.747    u_disp/p_0_in[0]
    SLICE_X65Y25         LUT2 (Prop_lut2_I1_O)        0.045     1.792 r  u_disp/an_OBUF[1]_inst_i_1/O
                         net (fo=1, routed)           0.406     2.198    an_OBUF[1]
    U4                   OBUF (Prop_obuf_I_O)         1.200     3.398 r  an_OBUF[1]_inst/O
                         net (fo=0)                   0.000     3.398    an[1]
    U4                                                                r  an[1] (OUT)
  -------------------------------------------------------------------    -------------------

Slack:                    inf
  Source:                 u_disp/q_reg_reg[16]/C
                            (rising edge-triggered cell FDCE clocked by sys_clk_pin  {rise@0.000ns fall@5.000ns period=10.000ns})
  Destination:            an[3]
                            (output port)
  Path Group:             (none)
  Path Type:              Min at Fast Process Corner
  Data Path Delay:        1.940ns  (logic 1.491ns (76.891%)  route 0.448ns (23.109%))
  Logic Levels:           2  (LUT2=1 OBUF=1)
  Clock Uncertainty:      0.025ns  ((TSJ^2 + TIJ^2)^1/2 + DJ) / 2 + PE
    Total System Jitter     (TSJ):    0.050ns
    Total Input Jitter      (TIJ):    0.000ns
    Discrete Jitter          (DJ):    0.000ns
    Phase Error              (PE):    0.000ns

    Location             Delay type                Incr(ns)  Path(ns)    Netlist Resource(s)
  -------------------------------------------------------------------    -------------------
                         (clock sys_clk_pin rise edge)
                                                      0.000     0.000 r  
    W5                                                0.000     0.000 r  clk (IN)
                         net (fo=0)                   0.000     0.000    clk
    W5                   IBUF (Prop_ibuf_I_O)         0.226     0.226 r  clk_IBUF_inst/O
                         net (fo=1, routed)           0.631     0.858    clk_IBUF
    BUFGCTRL_X0Y1        BUFG (Prop_bufg_I_O)         0.026     0.884 r  clk_IBUF_BUFG_inst/O
                         net (fo=46, routed)          0.582     1.465    u_disp/clk_IBUF_BUFG
    SLICE_X64Y25         FDCE                                         r  u_disp/q_reg_reg[16]/C
  -------------------------------------------------------------------    -------------------
    SLICE_X64Y25         FDCE (Prop_fdce_C_Q)         0.164     1.629 f  u_disp/q_reg_reg[16]/Q
                         net (fo=9, routed)           0.118     1.748    u_disp/p_0_in[0]
    SLICE_X65Y25         LUT2 (Prop_lut2_I0_O)        0.049     1.797 r  u_disp/an_OBUF[3]_inst_i_1/O
                         net (fo=1, routed)           0.330     2.126    an_OBUF[3]
    W4                   OBUF (Prop_obuf_I_O)         1.278     3.405 r  an_OBUF[3]_inst/O
                         net (fo=0)                   0.000     3.405    an[3]
    W4                                                                r  an[3] (OUT)
  -------------------------------------------------------------------    -------------------

Slack:                    inf
  Source:                 u_disp/q_reg_reg[16]/C
                            (rising edge-triggered cell FDCE clocked by sys_clk_pin  {rise@0.000ns fall@5.000ns period=10.000ns})
  Destination:            an[0]
                            (output port)
  Path Group:             (none)
  Path Type:              Min at Fast Process Corner
  Data Path Delay:        2.016ns  (logic 1.478ns (73.323%)  route 0.538ns (26.677%))
  Logic Levels:           2  (LUT2=1 OBUF=1)
  Clock Uncertainty:      0.025ns  ((TSJ^2 + TIJ^2)^1/2 + DJ) / 2 + PE
    Total System Jitter     (TSJ):    0.050ns
    Total Input Jitter      (TIJ):    0.000ns
    Discrete Jitter          (DJ):    0.000ns
    Phase Error              (PE):    0.000ns

    Location             Delay type                Incr(ns)  Path(ns)    Netlist Resource(s)
  -------------------------------------------------------------------    -------------------
                         (clock sys_clk_pin rise edge)
                                                      0.000     0.000 r  
    W5                                                0.000     0.000 r  clk (IN)
                         net (fo=0)                   0.000     0.000    clk
    W5                   IBUF (Prop_ibuf_I_O)         0.226     0.226 r  clk_IBUF_inst/O
                         net (fo=1, routed)           0.631     0.858    clk_IBUF
    BUFGCTRL_X0Y1        BUFG (Prop_bufg_I_O)         0.026     0.884 r  clk_IBUF_BUFG_inst/O
                         net (fo=46, routed)          0.582     1.465    u_disp/clk_IBUF_BUFG
    SLICE_X64Y25         FDCE                                         r  u_disp/q_reg_reg[16]/C
  -------------------------------------------------------------------    -------------------
    SLICE_X64Y25         FDCE (Prop_fdce_C_Q)         0.164     1.629 r  u_disp/q_reg_reg[16]/Q
                         net (fo=9, routed)           0.117     1.747    u_disp/p_0_in[0]
    SLICE_X65Y25         LUT2 (Prop_lut2_I1_O)        0.048     1.795 r  u_disp/an_OBUF[0]_inst_i_1/O
                         net (fo=1, routed)           0.420     2.215    an_OBUF[0]
    U2                   OBUF (Prop_obuf_I_O)         1.266     3.481 r  an_OBUF[0]_inst/O
                         net (fo=0)                   0.000     3.481    an[0]
    U2                                                                r  an[0] (OUT)
  -------------------------------------------------------------------    -------------------

Slack:                    inf
  Source:                 u_disp/q_reg_reg[16]/C
                            (rising edge-triggered cell FDCE clocked by sys_clk_pin  {rise@0.000ns fall@5.000ns period=10.000ns})
  Destination:            seg[4]
                            (output port)
  Path Group:             (none)
  Path Type:              Min at Fast Process Corner
  Data Path Delay:        2.317ns  (logic 1.475ns (63.651%)  route 0.842ns (36.349%))
  Logic Levels:           3  (LUT4=1 LUT5=1 OBUF=1)
  Clock Uncertainty:      0.025ns  ((TSJ^2 + TIJ^2)^1/2 + DJ) / 2 + PE
    Total System Jitter     (TSJ):    0.050ns
    Total Input Jitter      (TIJ):    0.000ns
    Discrete Jitter          (DJ):    0.000ns
    Phase Error              (PE):    0.000ns

    Location             Delay type                Incr(ns)  Path(ns)    Netlist Resource(s)
  -------------------------------------------------------------------    -------------------
                         (clock sys_clk_pin rise edge)
                                                      0.000     0.000 r  
    W5                                                0.000     0.000 r  clk (IN)
                         net (fo=0)                   0.000     0.000    clk
    W5                   IBUF (Prop_ibuf_I_O)         0.226     0.226 r  clk_IBUF_inst/O
                         net (fo=1, routed)           0.631     0.858    clk_IBUF
    BUFGCTRL_X0Y1        BUFG (Prop_bufg_I_O)         0.026     0.884 r  clk_IBUF_BUFG_inst/O
                         net (fo=46, routed)          0.582     1.465    u_disp/clk_IBUF_BUFG
    SLICE_X64Y25         FDCE                                         r  u_disp/q_reg_reg[16]/C
  -------------------------------------------------------------------    -------------------
    SLICE_X64Y25         FDCE (Prop_fdce_C_Q)         0.164     1.629 r  u_disp/q_reg_reg[16]/Q
                         net (fo=9, routed)           0.190     1.819    u_counter/p_0_in[0]
    SLICE_X63Y25         LUT5 (Prop_lut5_I3_O)        0.045     1.864 f  u_counter/seg_OBUF[6]_inst_i_2/O
                         net (fo=7, routed)           0.240     2.104    u_counter/u_disp/hex_in__26[3]
    SLICE_X63Y24         LUT4 (Prop_lut4_I0_O)        0.045     2.149 r  u_counter/seg_OBUF[4]_inst_i_1/O
                         net (fo=1, routed)           0.413     2.561    seg_OBUF[4]
    U5                   OBUF (Prop_obuf_I_O)         1.221     3.782 r  seg_OBUF[4]_inst/O
                         net (fo=0)                   0.000     3.782    seg[4]
    U5                                                                r  seg[4] (OUT)
  -------------------------------------------------------------------    -------------------

Slack:                    inf
  Source:                 u_disp/q_reg_reg[16]/C
                            (rising edge-triggered cell FDCE clocked by sys_clk_pin  {rise@0.000ns fall@5.000ns period=10.000ns})
  Destination:            seg[1]
                            (output port)
  Path Group:             (none)
  Path Type:              Min at Fast Process Corner
  Data Path Delay:        2.327ns  (logic 1.484ns (63.765%)  route 0.843ns (36.235%))
  Logic Levels:           3  (LUT4=1 LUT5=1 OBUF=1)
  Clock Uncertainty:      0.025ns  ((TSJ^2 + TIJ^2)^1/2 + DJ) / 2 + PE
    Total System Jitter     (TSJ):    0.050ns
    Total Input Jitter      (TIJ):    0.000ns
    Discrete Jitter          (DJ):    0.000ns
    Phase Error              (PE):    0.000ns

    Location             Delay type                Incr(ns)  Path(ns)    Netlist Resource(s)
  -------------------------------------------------------------------    -------------------
                         (clock sys_clk_pin rise edge)
                                                      0.000     0.000 r  
    W5                                                0.000     0.000 r  clk (IN)
                         net (fo=0)                   0.000     0.000    clk
    W5                   IBUF (Prop_ibuf_I_O)         0.226     0.226 r  clk_IBUF_inst/O
                         net (fo=1, routed)           0.631     0.858    clk_IBUF
    BUFGCTRL_X0Y1        BUFG (Prop_bufg_I_O)         0.026     0.884 r  clk_IBUF_BUFG_inst/O
                         net (fo=46, routed)          0.582     1.465    u_disp/clk_IBUF_BUFG
    SLICE_X64Y25         FDCE                                         r  u_disp/q_reg_reg[16]/C
  -------------------------------------------------------------------    -------------------
    SLICE_X64Y25         FDCE (Prop_fdce_C_Q)         0.164     1.629 r  u_disp/q_reg_reg[16]/Q
                         net (fo=9, routed)           0.190     1.819    u_counter/p_0_in[0]
    SLICE_X63Y25         LUT5 (Prop_lut5_I3_O)        0.045     1.864 r  u_counter/seg_OBUF[6]_inst_i_2/O
                         net (fo=7, routed)           0.311     2.175    u_counter/u_disp/hex_in__26[3]
    SLICE_X63Y24         LUT4 (Prop_lut4_I3_O)        0.045     2.220 r  u_counter/seg_OBUF[1]_inst_i_1/O
                         net (fo=1, routed)           0.343     2.562    seg_OBUF[1]
    W6                   OBUF (Prop_obuf_I_O)         1.230     3.792 r  seg_OBUF[1]_inst/O
                         net (fo=0)                   0.000     3.792    seg[1]
    W6                                                                r  seg[1] (OUT)
  -------------------------------------------------------------------    -------------------

Slack:                    inf
  Source:                 u_disp/q_reg_reg[16]/C
                            (rising edge-triggered cell FDCE clocked by sys_clk_pin  {rise@0.000ns fall@5.000ns period=10.000ns})
  Destination:            seg[0]
                            (output port)
  Path Group:             (none)
  Path Type:              Min at Fast Process Corner
  Data Path Delay:        2.358ns  (logic 1.529ns (64.826%)  route 0.830ns (35.174%))
  Logic Levels:           3  (LUT4=1 LUT5=1 OBUF=1)
  Clock Uncertainty:      0.025ns  ((TSJ^2 + TIJ^2)^1/2 + DJ) / 2 + PE
    Total System Jitter     (TSJ):    0.050ns
    Total Input Jitter      (TIJ):    0.000ns
    Discrete Jitter          (DJ):    0.000ns
    Phase Error              (PE):    0.000ns

    Location             Delay type                Incr(ns)  Path(ns)    Netlist Resource(s)
  -------------------------------------------------------------------    -------------------
                         (clock sys_clk_pin rise edge)
                                                      0.000     0.000 r  
    W5                                                0.000     0.000 r  clk (IN)
                         net (fo=0)                   0.000     0.000    clk
    W5                   IBUF (Prop_ibuf_I_O)         0.226     0.226 r  clk_IBUF_inst/O
                         net (fo=1, routed)           0.631     0.858    clk_IBUF
    BUFGCTRL_X0Y1        BUFG (Prop_bufg_I_O)         0.026     0.884 r  clk_IBUF_BUFG_inst/O
                         net (fo=46, routed)          0.582     1.465    u_disp/clk_IBUF_BUFG
    SLICE_X64Y25         FDCE                                         r  u_disp/q_reg_reg[16]/C
  -------------------------------------------------------------------    -------------------
    SLICE_X64Y25         FDCE (Prop_fdce_C_Q)         0.164     1.629 r  u_disp/q_reg_reg[16]/Q
                         net (fo=9, routed)           0.190     1.819    u_counter/p_0_in[0]
    SLICE_X63Y25         LUT5 (Prop_lut5_I3_O)        0.045     1.864 r  u_counter/seg_OBUF[6]_inst_i_2/O
                         net (fo=7, routed)           0.311     2.175    u_counter/u_disp/hex_in__26[3]
    SLICE_X63Y24         LUT4 (Prop_lut4_I2_O)        0.046     2.221 r  u_counter/seg_OBUF[0]_inst_i_1/O
                         net (fo=1, routed)           0.329     2.550    seg_OBUF[0]
    W7                   OBUF (Prop_obuf_I_O)         1.274     3.823 r  seg_OBUF[0]_inst/O
                         net (fo=0)                   0.000     3.823    seg[0]
    W7                                                                r  seg[0] (OUT)
  -------------------------------------------------------------------    -------------------

Slack:                    inf
  Source:                 u_disp/q_reg_reg[16]/C
                            (rising edge-triggered cell FDCE clocked by sys_clk_pin  {rise@0.000ns fall@5.000ns period=10.000ns})
  Destination:            seg[2]
                            (output port)
  Path Group:             (none)
  Path Type:              Min at Fast Process Corner
  Data Path Delay:        2.390ns  (logic 1.490ns (62.349%)  route 0.900ns (37.651%))
  Logic Levels:           3  (LUT4=1 LUT5=1 OBUF=1)
  Clock Uncertainty:      0.025ns  ((TSJ^2 + TIJ^2)^1/2 + DJ) / 2 + PE
    Total System Jitter     (TSJ):    0.050ns
    Total Input Jitter      (TIJ):    0.000ns
    Discrete Jitter          (DJ):    0.000ns
    Phase Error              (PE):    0.000ns

    Location             Delay type                Incr(ns)  Path(ns)    Netlist Resource(s)
  -------------------------------------------------------------------    -------------------
                         (clock sys_clk_pin rise edge)
                                                      0.000     0.000 r  
    W5                                                0.000     0.000 r  clk (IN)
                         net (fo=0)                   0.000     0.000    clk
    W5                   IBUF (Prop_ibuf_I_O)         0.226     0.226 r  clk_IBUF_inst/O
                         net (fo=1, routed)           0.631     0.858    clk_IBUF
    BUFGCTRL_X0Y1        BUFG (Prop_bufg_I_O)         0.026     0.884 r  clk_IBUF_BUFG_inst/O
                         net (fo=46, routed)          0.582     1.465    u_disp/clk_IBUF_BUFG
    SLICE_X64Y25         FDCE                                         r  u_disp/q_reg_reg[16]/C
  -------------------------------------------------------------------    -------------------
    SLICE_X64Y25         FDCE (Prop_fdce_C_Q)         0.164     1.629 r  u_disp/q_reg_reg[16]/Q
                         net (fo=9, routed)           0.190     1.819    u_counter/p_0_in[0]
    SLICE_X63Y25         LUT5 (Prop_lut5_I3_O)        0.045     1.864 r  u_counter/seg_OBUF[6]_inst_i_2/O
                         net (fo=7, routed)           0.311     2.175    u_counter/u_disp/hex_in__26[3]
    SLICE_X63Y24         LUT4 (Prop_lut4_I3_O)        0.045     2.220 r  u_counter/seg_OBUF[2]_inst_i_1/O
                         net (fo=1, routed)           0.399     2.619    seg_OBUF[2]
    U8                   OBUF (Prop_obuf_I_O)         1.236     3.855 r  seg_OBUF[2]_inst/O
                         net (fo=0)                   0.000     3.855    seg[2]
    U8                                                                r  seg[2] (OUT)
  -------------------------------------------------------------------    -------------------

Slack:                    inf
  Source:                 u_disp/q_reg_reg[16]/C
                            (rising edge-triggered cell FDCE clocked by sys_clk_pin  {rise@0.000ns fall@5.000ns period=10.000ns})
  Destination:            seg[5]
                            (output port)
  Path Group:             (none)
  Path Type:              Min at Fast Process Corner
  Data Path Delay:        2.421ns  (logic 1.525ns (62.979%)  route 0.896ns (37.021%))
  Logic Levels:           3  (LUT4=1 LUT5=1 OBUF=1)
  Clock Uncertainty:      0.025ns  ((TSJ^2 + TIJ^2)^1/2 + DJ) / 2 + PE
    Total System Jitter     (TSJ):    0.050ns
    Total Input Jitter      (TIJ):    0.000ns
    Discrete Jitter          (DJ):    0.000ns
    Phase Error              (PE):    0.000ns

    Location             Delay type                Incr(ns)  Path(ns)    Netlist Resource(s)
  -------------------------------------------------------------------    -------------------
                         (clock sys_clk_pin rise edge)
                                                      0.000     0.000 r  
    W5                                                0.000     0.000 r  clk (IN)
                         net (fo=0)                   0.000     0.000    clk
    W5                   IBUF (Prop_ibuf_I_O)         0.226     0.226 r  clk_IBUF_inst/O
                         net (fo=1, routed)           0.631     0.858    clk_IBUF
    BUFGCTRL_X0Y1        BUFG (Prop_bufg_I_O)         0.026     0.884 r  clk_IBUF_BUFG_inst/O
                         net (fo=46, routed)          0.582     1.465    u_disp/clk_IBUF_BUFG
    SLICE_X64Y25         FDCE                                         r  u_disp/q_reg_reg[16]/C
  -------------------------------------------------------------------    -------------------
    SLICE_X64Y25         FDCE (Prop_fdce_C_Q)         0.164     1.629 r  u_disp/q_reg_reg[16]/Q
                         net (fo=9, routed)           0.190     1.819    u_counter/p_0_in[0]
    SLICE_X63Y25         LUT5 (Prop_lut5_I3_O)        0.045     1.864 r  u_counter/seg_OBUF[6]_inst_i_2/O
                         net (fo=7, routed)           0.240     2.104    u_counter/u_disp/hex_in__26[3]
    SLICE_X63Y24         LUT4 (Prop_lut4_I2_O)        0.045     2.149 r  u_counter/seg_OBUF[5]_inst_i_1/O
                         net (fo=1, routed)           0.467     2.615    seg_OBUF[5]
    V5                   OBUF (Prop_obuf_I_O)         1.271     3.886 r  seg_OBUF[5]_inst/O
                         net (fo=0)                   0.000     3.886    seg[5]
    V5                                                                r  seg[5] (OUT)
  -------------------------------------------------------------------    -------------------

Slack:                    inf
  Source:                 u_disp/q_reg_reg[16]/C
                            (rising edge-triggered cell FDCE clocked by sys_clk_pin  {rise@0.000ns fall@5.000ns period=10.000ns})
  Destination:            seg[3]
                            (output port)
  Path Group:             (none)
  Path Type:              Min at Fast Process Corner
  Data Path Delay:        2.463ns  (logic 1.557ns (63.222%)  route 0.906ns (36.778%))
  Logic Levels:           3  (LUT4=1 LUT5=1 OBUF=1)
  Clock Uncertainty:      0.025ns  ((TSJ^2 + TIJ^2)^1/2 + DJ) / 2 + PE
    Total System Jitter     (TSJ):    0.050ns
    Total Input Jitter      (TIJ):    0.000ns
    Discrete Jitter          (DJ):    0.000ns
    Phase Error              (PE):    0.000ns

    Location             Delay type                Incr(ns)  Path(ns)    Netlist Resource(s)
  -------------------------------------------------------------------    -------------------
                         (clock sys_clk_pin rise edge)
                                                      0.000     0.000 r  
    W5                                                0.000     0.000 r  clk (IN)
                         net (fo=0)                   0.000     0.000    clk
    W5                   IBUF (Prop_ibuf_I_O)         0.226     0.226 r  clk_IBUF_inst/O
                         net (fo=1, routed)           0.631     0.858    clk_IBUF
    BUFGCTRL_X0Y1        BUFG (Prop_bufg_I_O)         0.026     0.884 r  clk_IBUF_BUFG_inst/O
                         net (fo=46, routed)          0.582     1.465    u_disp/clk_IBUF_BUFG
    SLICE_X64Y25         FDCE                                         r  u_disp/q_reg_reg[16]/C
  -------------------------------------------------------------------    -------------------
    SLICE_X64Y25         FDCE (Prop_fdce_C_Q)         0.164     1.629 r  u_disp/q_reg_reg[16]/Q
                         net (fo=9, routed)           0.190     1.819    u_counter/p_0_in[0]
    SLICE_X63Y25         LUT5 (Prop_lut5_I3_O)        0.045     1.864 r  u_counter/seg_OBUF[6]_inst_i_2/O
                         net (fo=7, routed)           0.311     2.175    u_counter/u_disp/hex_in__26[3]
    SLICE_X63Y24         LUT4 (Prop_lut4_I0_O)        0.045     2.220 r  u_counter/seg_OBUF[3]_inst_i_1/O
                         net (fo=1, routed)           0.405     2.625    seg_OBUF[3]
    V8                   OBUF (Prop_obuf_I_O)         1.303     3.929 r  seg_OBUF[3]_inst/O
                         net (fo=0)                   0.000     3.929    seg[3]
    V8                                                                r  seg[3] (OUT)
  -------------------------------------------------------------------    -------------------





--------------------------------------------------------------------------------------
Path Group:  (none)
From Clock:  
  To Clock:  sys_clk_pin

Max Delay            46 Endpoints
Min Delay            46 Endpoints
--------------------------------------------------------------------------------------


Max Delay Paths
--------------------------------------------------------------------------------------
Slack:                    inf
  Source:                 sw[15]
                            (input port)
  Destination:            u_clk_div/count_reg[24]/R
                            (rising edge-triggered cell FDRE clocked by sys_clk_pin  {rise@0.000ns fall@5.000ns period=10.000ns})
  Path Group:             (none)
  Path Type:              Setup (Max at Slow Process Corner)
  Data Path Delay:        7.695ns  (logic 2.844ns (36.964%)  route 4.850ns (63.036%))
  Logic Levels:           7  (CARRY4=4 IBUF=1 LUT2=1 LUT3=1)
  Clock Path Skew:        4.776ns (DCD - SCD + CPR)
    Destination Clock Delay (DCD):    4.776ns
    Source Clock Delay      (SCD):    0.000ns
    Clock Pessimism Removal (CPR):    0.000ns
  Clock Uncertainty:      0.025ns  ((TSJ^2 + TIJ^2)^1/2 + DJ) / 2 + PE
    Total System Jitter     (TSJ):    0.050ns
    Total Input Jitter      (TIJ):    0.000ns
    Discrete Jitter          (DJ):    0.000ns
    Phase Error              (PE):    0.000ns

    Location             Delay type                Incr(ns)  Path(ns)    Netlist Resource(s)
  -------------------------------------------------------------------    -------------------
    R2                                                0.000     0.000 r  sw[15] (IN)
                         net (fo=0)                   0.000     0.000    sw[15]
    R2                   IBUF (Prop_ibuf_I_O)         1.456     1.456 r  sw_IBUF[15]_inst/O
                         net (fo=20, routed)          2.500     3.956    u_clk_div/sw_IBUF[1]
    SLICE_X37Y49         LUT3 (Prop_lut3_I0_O)        0.124     4.080 r  u_clk_div/count0_carry_i_6/O
                         net (fo=1, routed)           0.000     4.080    u_clk_div/count0_carry_i_6_n_0
    SLICE_X37Y49         CARRY4 (Prop_carry4_S[1]_CO[3])
                                                      0.550     4.630 r  u_clk_div/count0_carry/CO[3]
                         net (fo=1, routed)           0.001     4.631    u_clk_div/count0_carry_n_0
    SLICE_X37Y50         CARRY4 (Prop_carry4_CI_CO[3])
                                                      0.114     4.745 r  u_clk_div/count0_carry__0/CO[3]
                         net (fo=1, routed)           0.000     4.745    u_clk_div/count0_carry__0_n_0
    SLICE_X37Y51         CARRY4 (Prop_carry4_CI_CO[3])
                                                      0.114     4.859 r  u_clk_div/count0_carry__1/CO[3]
                         net (fo=1, routed)           0.000     4.859    u_clk_div/count0_carry__1_n_0
    SLICE_X37Y52         CARRY4 (Prop_carry4_CI_CO[1])
                                                      0.157     5.016 r  u_clk_div/count0_carry__2/CO[1]
                         net (fo=2, routed)           1.040     6.056    u_clk_div/count0_carry__2_n_2
    SLICE_X36Y47         LUT2 (Prop_lut2_I1_O)        0.329     6.385 r  u_clk_div/count[0]_i_1/O
                         net (fo=27, routed)          1.310     7.695    u_clk_div/count[0]_i_1_n_0
    SLICE_X36Y54         FDRE                                         r  u_clk_div/count_reg[24]/R
  -------------------------------------------------------------------    -------------------

                         (clock sys_clk_pin rise edge)
                                                      0.000     0.000 r  
    W5                                                0.000     0.000 r  clk (IN)
                         net (fo=0)                   0.000     0.000    clk
    W5                   IBUF (Prop_ibuf_I_O)         1.388     1.388 r  clk_IBUF_inst/O
                         net (fo=1, routed)           1.862     3.250    clk_IBUF
    BUFGCTRL_X0Y1        BUFG (Prop_bufg_I_O)         0.091     3.341 r  clk_IBUF_BUFG_inst/O
                         net (fo=46, routed)          1.435     4.776    u_clk_div/clk_IBUF_BUFG
    SLICE_X36Y54         FDRE                                         r  u_clk_div/count_reg[24]/C

Slack:                    inf
  Source:                 sw[15]
                            (input port)
  Destination:            u_clk_div/count_reg[25]/R
                            (rising edge-triggered cell FDRE clocked by sys_clk_pin  {rise@0.000ns fall@5.000ns period=10.000ns})
  Path Group:             (none)
  Path Type:              Setup (Max at Slow Process Corner)
  Data Path Delay:        7.695ns  (logic 2.844ns (36.964%)  route 4.850ns (63.036%))
  Logic Levels:           7  (CARRY4=4 IBUF=1 LUT2=1 LUT3=1)
  Clock Path Skew:        4.776ns (DCD - SCD + CPR)
    Destination Clock Delay (DCD):    4.776ns
    Source Clock Delay      (SCD):    0.000ns
    Clock Pessimism Removal (CPR):    0.000ns
  Clock Uncertainty:      0.025ns  ((TSJ^2 + TIJ^2)^1/2 + DJ) / 2 + PE
    Total System Jitter     (TSJ):    0.050ns
    Total Input Jitter      (TIJ):    0.000ns
    Discrete Jitter          (DJ):    0.000ns
    Phase Error              (PE):    0.000ns

    Location             Delay type                Incr(ns)  Path(ns)    Netlist Resource(s)
  -------------------------------------------------------------------    -------------------
    R2                                                0.000     0.000 r  sw[15] (IN)
                         net (fo=0)                   0.000     0.000    sw[15]
    R2                   IBUF (Prop_ibuf_I_O)         1.456     1.456 r  sw_IBUF[15]_inst/O
                         net (fo=20, routed)          2.500     3.956    u_clk_div/sw_IBUF[1]
    SLICE_X37Y49         LUT3 (Prop_lut3_I0_O)        0.124     4.080 r  u_clk_div/count0_carry_i_6/O
                         net (fo=1, routed)           0.000     4.080    u_clk_div/count0_carry_i_6_n_0
    SLICE_X37Y49         CARRY4 (Prop_carry4_S[1]_CO[3])
                                                      0.550     4.630 r  u_clk_div/count0_carry/CO[3]
                         net (fo=1, routed)           0.001     4.631    u_clk_div/count0_carry_n_0
    SLICE_X37Y50         CARRY4 (Prop_carry4_CI_CO[3])
                                                      0.114     4.745 r  u_clk_div/count0_carry__0/CO[3]
                         net (fo=1, routed)           0.000     4.745    u_clk_div/count0_carry__0_n_0
    SLICE_X37Y51         CARRY4 (Prop_carry4_CI_CO[3])
                                                      0.114     4.859 r  u_clk_div/count0_carry__1/CO[3]
                         net (fo=1, routed)           0.000     4.859    u_clk_div/count0_carry__1_n_0
    SLICE_X37Y52         CARRY4 (Prop_carry4_CI_CO[1])
                                                      0.157     5.016 r  u_clk_div/count0_carry__2/CO[1]
                         net (fo=2, routed)           1.040     6.056    u_clk_div/count0_carry__2_n_2
    SLICE_X36Y47         LUT2 (Prop_lut2_I1_O)        0.329     6.385 r  u_clk_div/count[0]_i_1/O
                         net (fo=27, routed)          1.310     7.695    u_clk_div/count[0]_i_1_n_0
    SLICE_X36Y54         FDRE                                         r  u_clk_div/count_reg[25]/R
  -------------------------------------------------------------------    -------------------

                         (clock sys_clk_pin rise edge)
                                                      0.000     0.000 r  
    W5                                                0.000     0.000 r  clk (IN)
                         net (fo=0)                   0.000     0.000    clk
    W5                   IBUF (Prop_ibuf_I_O)         1.388     1.388 r  clk_IBUF_inst/O
                         net (fo=1, routed)           1.862     3.250    clk_IBUF
    BUFGCTRL_X0Y1        BUFG (Prop_bufg_I_O)         0.091     3.341 r  clk_IBUF_BUFG_inst/O
                         net (fo=46, routed)          1.435     4.776    u_clk_div/clk_IBUF_BUFG
    SLICE_X36Y54         FDRE                                         r  u_clk_div/count_reg[25]/C

Slack:                    inf
  Source:                 sw[15]
                            (input port)
  Destination:            u_clk_div/count_reg[26]/R
                            (rising edge-triggered cell FDRE clocked by sys_clk_pin  {rise@0.000ns fall@5.000ns period=10.000ns})
  Path Group:             (none)
  Path Type:              Setup (Max at Slow Process Corner)
  Data Path Delay:        7.695ns  (logic 2.844ns (36.964%)  route 4.850ns (63.036%))
  Logic Levels:           7  (CARRY4=4 IBUF=1 LUT2=1 LUT3=1)
  Clock Path Skew:        4.776ns (DCD - SCD + CPR)
    Destination Clock Delay (DCD):    4.776ns
    Source Clock Delay      (SCD):    0.000ns
    Clock Pessimism Removal (CPR):    0.000ns
  Clock Uncertainty:      0.025ns  ((TSJ^2 + TIJ^2)^1/2 + DJ) / 2 + PE
    Total System Jitter     (TSJ):    0.050ns
    Total Input Jitter      (TIJ):    0.000ns
    Discrete Jitter          (DJ):    0.000ns
    Phase Error              (PE):    0.000ns

    Location             Delay type                Incr(ns)  Path(ns)    Netlist Resource(s)
  -------------------------------------------------------------------    -------------------
    R2                                                0.000     0.000 r  sw[15] (IN)
                         net (fo=0)                   0.000     0.000    sw[15]
    R2                   IBUF (Prop_ibuf_I_O)         1.456     1.456 r  sw_IBUF[15]_inst/O
                         net (fo=20, routed)          2.500     3.956    u_clk_div/sw_IBUF[1]
    SLICE_X37Y49         LUT3 (Prop_lut3_I0_O)        0.124     4.080 r  u_clk_div/count0_carry_i_6/O
                         net (fo=1, routed)           0.000     4.080    u_clk_div/count0_carry_i_6_n_0
    SLICE_X37Y49         CARRY4 (Prop_carry4_S[1]_CO[3])
                                                      0.550     4.630 r  u_clk_div/count0_carry/CO[3]
                         net (fo=1, routed)           0.001     4.631    u_clk_div/count0_carry_n_0
    SLICE_X37Y50         CARRY4 (Prop_carry4_CI_CO[3])
                                                      0.114     4.745 r  u_clk_div/count0_carry__0/CO[3]
                         net (fo=1, routed)           0.000     4.745    u_clk_div/count0_carry__0_n_0
    SLICE_X37Y51         CARRY4 (Prop_carry4_CI_CO[3])
                                                      0.114     4.859 r  u_clk_div/count0_carry__1/CO[3]
                         net (fo=1, routed)           0.000     4.859    u_clk_div/count0_carry__1_n_0
    SLICE_X37Y52         CARRY4 (Prop_carry4_CI_CO[1])
                                                      0.157     5.016 r  u_clk_div/count0_carry__2/CO[1]
                         net (fo=2, routed)           1.040     6.056    u_clk_div/count0_carry__2_n_2
    SLICE_X36Y47         LUT2 (Prop_lut2_I1_O)        0.329     6.385 r  u_clk_div/count[0]_i_1/O
                         net (fo=27, routed)          1.310     7.695    u_clk_div/count[0]_i_1_n_0
    SLICE_X36Y54         FDRE                                         r  u_clk_div/count_reg[26]/R
  -------------------------------------------------------------------    -------------------

                         (clock sys_clk_pin rise edge)
                                                      0.000     0.000 r  
    W5                                                0.000     0.000 r  clk (IN)
                         net (fo=0)                   0.000     0.000    clk
    W5                   IBUF (Prop_ibuf_I_O)         1.388     1.388 r  clk_IBUF_inst/O
                         net (fo=1, routed)           1.862     3.250    clk_IBUF
    BUFGCTRL_X0Y1        BUFG (Prop_bufg_I_O)         0.091     3.341 r  clk_IBUF_BUFG_inst/O
                         net (fo=46, routed)          1.435     4.776    u_clk_div/clk_IBUF_BUFG
    SLICE_X36Y54         FDRE                                         r  u_clk_div/count_reg[26]/C

Slack:                    inf
  Source:                 sw[15]
                            (input port)
  Destination:            u_clk_div/count_reg[20]/R
                            (rising edge-triggered cell FDRE clocked by sys_clk_pin  {rise@0.000ns fall@5.000ns period=10.000ns})
  Path Group:             (none)
  Path Type:              Setup (Max at Slow Process Corner)
  Data Path Delay:        7.556ns  (logic 2.844ns (37.641%)  route 4.712ns (62.359%))
  Logic Levels:           7  (CARRY4=4 IBUF=1 LUT2=1 LUT3=1)
  Clock Path Skew:        4.776ns (DCD - SCD + CPR)
    Destination Clock Delay (DCD):    4.776ns
    Source Clock Delay      (SCD):    0.000ns
    Clock Pessimism Removal (CPR):    0.000ns
  Clock Uncertainty:      0.025ns  ((TSJ^2 + TIJ^2)^1/2 + DJ) / 2 + PE
    Total System Jitter     (TSJ):    0.050ns
    Total Input Jitter      (TIJ):    0.000ns
    Discrete Jitter          (DJ):    0.000ns
    Phase Error              (PE):    0.000ns

    Location             Delay type                Incr(ns)  Path(ns)    Netlist Resource(s)
  -------------------------------------------------------------------    -------------------
    R2                                                0.000     0.000 r  sw[15] (IN)
                         net (fo=0)                   0.000     0.000    sw[15]
    R2                   IBUF (Prop_ibuf_I_O)         1.456     1.456 r  sw_IBUF[15]_inst/O
                         net (fo=20, routed)          2.500     3.956    u_clk_div/sw_IBUF[1]
    SLICE_X37Y49         LUT3 (Prop_lut3_I0_O)        0.124     4.080 r  u_clk_div/count0_carry_i_6/O
                         net (fo=1, routed)           0.000     4.080    u_clk_div/count0_carry_i_6_n_0
    SLICE_X37Y49         CARRY4 (Prop_carry4_S[1]_CO[3])
                                                      0.550     4.630 r  u_clk_div/count0_carry/CO[3]
                         net (fo=1, routed)           0.001     4.631    u_clk_div/count0_carry_n_0
    SLICE_X37Y50         CARRY4 (Prop_carry4_CI_CO[3])
                                                      0.114     4.745 r  u_clk_div/count0_carry__0/CO[3]
                         net (fo=1, routed)           0.000     4.745    u_clk_div/count0_carry__0_n_0
    SLICE_X37Y51         CARRY4 (Prop_carry4_CI_CO[3])
                                                      0.114     4.859 r  u_clk_div/count0_carry__1/CO[3]
                         net (fo=1, routed)           0.000     4.859    u_clk_div/count0_carry__1_n_0
    SLICE_X37Y52         CARRY4 (Prop_carry4_CI_CO[1])
                                                      0.157     5.016 r  u_clk_div/count0_carry__2/CO[1]
                         net (fo=2, routed)           1.040     6.056    u_clk_div/count0_carry__2_n_2
    SLICE_X36Y47         LUT2 (Prop_lut2_I1_O)        0.329     6.385 r  u_clk_div/count[0]_i_1/O
                         net (fo=27, routed)          1.171     7.556    u_clk_div/count[0]_i_1_n_0
    SLICE_X36Y53         FDRE                                         r  u_clk_div/count_reg[20]/R
  -------------------------------------------------------------------    -------------------

                         (clock sys_clk_pin rise edge)
                                                      0.000     0.000 r  
    W5                                                0.000     0.000 r  clk (IN)
                         net (fo=0)                   0.000     0.000    clk
    W5                   IBUF (Prop_ibuf_I_O)         1.388     1.388 r  clk_IBUF_inst/O
                         net (fo=1, routed)           1.862     3.250    clk_IBUF
    BUFGCTRL_X0Y1        BUFG (Prop_bufg_I_O)         0.091     3.341 r  clk_IBUF_BUFG_inst/O
                         net (fo=46, routed)          1.435     4.776    u_clk_div/clk_IBUF_BUFG
    SLICE_X36Y53         FDRE                                         r  u_clk_div/count_reg[20]/C

Slack:                    inf
  Source:                 sw[15]
                            (input port)
  Destination:            u_clk_div/count_reg[21]/R
                            (rising edge-triggered cell FDRE clocked by sys_clk_pin  {rise@0.000ns fall@5.000ns period=10.000ns})
  Path Group:             (none)
  Path Type:              Setup (Max at Slow Process Corner)
  Data Path Delay:        7.556ns  (logic 2.844ns (37.641%)  route 4.712ns (62.359%))
  Logic Levels:           7  (CARRY4=4 IBUF=1 LUT2=1 LUT3=1)
  Clock Path Skew:        4.776ns (DCD - SCD + CPR)
    Destination Clock Delay (DCD):    4.776ns
    Source Clock Delay      (SCD):    0.000ns
    Clock Pessimism Removal (CPR):    0.000ns
  Clock Uncertainty:      0.025ns  ((TSJ^2 + TIJ^2)^1/2 + DJ) / 2 + PE
    Total System Jitter     (TSJ):    0.050ns
    Total Input Jitter      (TIJ):    0.000ns
    Discrete Jitter          (DJ):    0.000ns
    Phase Error              (PE):    0.000ns

    Location             Delay type                Incr(ns)  Path(ns)    Netlist Resource(s)
  -------------------------------------------------------------------    -------------------
    R2                                                0.000     0.000 r  sw[15] (IN)
                         net (fo=0)                   0.000     0.000    sw[15]
    R2                   IBUF (Prop_ibuf_I_O)         1.456     1.456 r  sw_IBUF[15]_inst/O
                         net (fo=20, routed)          2.500     3.956    u_clk_div/sw_IBUF[1]
    SLICE_X37Y49         LUT3 (Prop_lut3_I0_O)        0.124     4.080 r  u_clk_div/count0_carry_i_6/O
                         net (fo=1, routed)           0.000     4.080    u_clk_div/count0_carry_i_6_n_0
    SLICE_X37Y49         CARRY4 (Prop_carry4_S[1]_CO[3])
                                                      0.550     4.630 r  u_clk_div/count0_carry/CO[3]
                         net (fo=1, routed)           0.001     4.631    u_clk_div/count0_carry_n_0
    SLICE_X37Y50         CARRY4 (Prop_carry4_CI_CO[3])
                                                      0.114     4.745 r  u_clk_div/count0_carry__0/CO[3]
                         net (fo=1, routed)           0.000     4.745    u_clk_div/count0_carry__0_n_0
    SLICE_X37Y51         CARRY4 (Prop_carry4_CI_CO[3])
                                                      0.114     4.859 r  u_clk_div/count0_carry__1/CO[3]
                         net (fo=1, routed)           0.000     4.859    u_clk_div/count0_carry__1_n_0
    SLICE_X37Y52         CARRY4 (Prop_carry4_CI_CO[1])
                                                      0.157     5.016 r  u_clk_div/count0_carry__2/CO[1]
                         net (fo=2, routed)           1.040     6.056    u_clk_div/count0_carry__2_n_2
    SLICE_X36Y47         LUT2 (Prop_lut2_I1_O)        0.329     6.385 r  u_clk_div/count[0]_i_1/O
                         net (fo=27, routed)          1.171     7.556    u_clk_div/count[0]_i_1_n_0
    SLICE_X36Y53         FDRE                                         r  u_clk_div/count_reg[21]/R
  -------------------------------------------------------------------    -------------------

                         (clock sys_clk_pin rise edge)
                                                      0.000     0.000 r  
    W5                                                0.000     0.000 r  clk (IN)
                         net (fo=0)                   0.000     0.000    clk
    W5                   IBUF (Prop_ibuf_I_O)         1.388     1.388 r  clk_IBUF_inst/O
                         net (fo=1, routed)           1.862     3.250    clk_IBUF
    BUFGCTRL_X0Y1        BUFG (Prop_bufg_I_O)         0.091     3.341 r  clk_IBUF_BUFG_inst/O
                         net (fo=46, routed)          1.435     4.776    u_clk_div/clk_IBUF_BUFG
    SLICE_X36Y53         FDRE                                         r  u_clk_div/count_reg[21]/C

Slack:                    inf
  Source:                 sw[15]
                            (input port)
  Destination:            u_clk_div/count_reg[22]/R
                            (rising edge-triggered cell FDRE clocked by sys_clk_pin  {rise@0.000ns fall@5.000ns period=10.000ns})
  Path Group:             (none)
  Path Type:              Setup (Max at Slow Process Corner)
  Data Path Delay:        7.556ns  (logic 2.844ns (37.641%)  route 4.712ns (62.359%))
  Logic Levels:           7  (CARRY4=4 IBUF=1 LUT2=1 LUT3=1)
  Clock Path Skew:        4.776ns (DCD - SCD + CPR)
    Destination Clock Delay (DCD):    4.776ns
    Source Clock Delay      (SCD):    0.000ns
    Clock Pessimism Removal (CPR):    0.000ns
  Clock Uncertainty:      0.025ns  ((TSJ^2 + TIJ^2)^1/2 + DJ) / 2 + PE
    Total System Jitter     (TSJ):    0.050ns
    Total Input Jitter      (TIJ):    0.000ns
    Discrete Jitter          (DJ):    0.000ns
    Phase Error              (PE):    0.000ns

    Location             Delay type                Incr(ns)  Path(ns)    Netlist Resource(s)
  -------------------------------------------------------------------    -------------------
    R2                                                0.000     0.000 r  sw[15] (IN)
                         net (fo=0)                   0.000     0.000    sw[15]
    R2                   IBUF (Prop_ibuf_I_O)         1.456     1.456 r  sw_IBUF[15]_inst/O
                         net (fo=20, routed)          2.500     3.956    u_clk_div/sw_IBUF[1]
    SLICE_X37Y49         LUT3 (Prop_lut3_I0_O)        0.124     4.080 r  u_clk_div/count0_carry_i_6/O
                         net (fo=1, routed)           0.000     4.080    u_clk_div/count0_carry_i_6_n_0
    SLICE_X37Y49         CARRY4 (Prop_carry4_S[1]_CO[3])
                                                      0.550     4.630 r  u_clk_div/count0_carry/CO[3]
                         net (fo=1, routed)           0.001     4.631    u_clk_div/count0_carry_n_0
    SLICE_X37Y50         CARRY4 (Prop_carry4_CI_CO[3])
                                                      0.114     4.745 r  u_clk_div/count0_carry__0/CO[3]
                         net (fo=1, routed)           0.000     4.745    u_clk_div/count0_carry__0_n_0
    SLICE_X37Y51         CARRY4 (Prop_carry4_CI_CO[3])
                                                      0.114     4.859 r  u_clk_div/count0_carry__1/CO[3]
                         net (fo=1, routed)           0.000     4.859    u_clk_div/count0_carry__1_n_0
    SLICE_X37Y52         CARRY4 (Prop_carry4_CI_CO[1])
                                                      0.157     5.016 r  u_clk_div/count0_carry__2/CO[1]
                         net (fo=2, routed)           1.040     6.056    u_clk_div/count0_carry__2_n_2
    SLICE_X36Y47         LUT2 (Prop_lut2_I1_O)        0.329     6.385 r  u_clk_div/count[0]_i_1/O
                         net (fo=27, routed)          1.171     7.556    u_clk_div/count[0]_i_1_n_0
    SLICE_X36Y53         FDRE                                         r  u_clk_div/count_reg[22]/R
  -------------------------------------------------------------------    -------------------

                         (clock sys_clk_pin rise edge)
                                                      0.000     0.000 r  
    W5                                                0.000     0.000 r  clk (IN)
                         net (fo=0)                   0.000     0.000    clk
    W5                   IBUF (Prop_ibuf_I_O)         1.388     1.388 r  clk_IBUF_inst/O
                         net (fo=1, routed)           1.862     3.250    clk_IBUF
    BUFGCTRL_X0Y1        BUFG (Prop_bufg_I_O)         0.091     3.341 r  clk_IBUF_BUFG_inst/O
                         net (fo=46, routed)          1.435     4.776    u_clk_div/clk_IBUF_BUFG
    SLICE_X36Y53         FDRE                                         r  u_clk_div/count_reg[22]/C

Slack:                    inf
  Source:                 sw[15]
                            (input port)
  Destination:            u_clk_div/count_reg[23]/R
                            (rising edge-triggered cell FDRE clocked by sys_clk_pin  {rise@0.000ns fall@5.000ns period=10.000ns})
  Path Group:             (none)
  Path Type:              Setup (Max at Slow Process Corner)
  Data Path Delay:        7.556ns  (logic 2.844ns (37.641%)  route 4.712ns (62.359%))
  Logic Levels:           7  (CARRY4=4 IBUF=1 LUT2=1 LUT3=1)
  Clock Path Skew:        4.776ns (DCD - SCD + CPR)
    Destination Clock Delay (DCD):    4.776ns
    Source Clock Delay      (SCD):    0.000ns
    Clock Pessimism Removal (CPR):    0.000ns
  Clock Uncertainty:      0.025ns  ((TSJ^2 + TIJ^2)^1/2 + DJ) / 2 + PE
    Total System Jitter     (TSJ):    0.050ns
    Total Input Jitter      (TIJ):    0.000ns
    Discrete Jitter          (DJ):    0.000ns
    Phase Error              (PE):    0.000ns

    Location             Delay type                Incr(ns)  Path(ns)    Netlist Resource(s)
  -------------------------------------------------------------------    -------------------
    R2                                                0.000     0.000 r  sw[15] (IN)
                         net (fo=0)                   0.000     0.000    sw[15]
    R2                   IBUF (Prop_ibuf_I_O)         1.456     1.456 r  sw_IBUF[15]_inst/O
                         net (fo=20, routed)          2.500     3.956    u_clk_div/sw_IBUF[1]
    SLICE_X37Y49         LUT3 (Prop_lut3_I0_O)        0.124     4.080 r  u_clk_div/count0_carry_i_6/O
                         net (fo=1, routed)           0.000     4.080    u_clk_div/count0_carry_i_6_n_0
    SLICE_X37Y49         CARRY4 (Prop_carry4_S[1]_CO[3])
                                                      0.550     4.630 r  u_clk_div/count0_carry/CO[3]
                         net (fo=1, routed)           0.001     4.631    u_clk_div/count0_carry_n_0
    SLICE_X37Y50         CARRY4 (Prop_carry4_CI_CO[3])
                                                      0.114     4.745 r  u_clk_div/count0_carry__0/CO[3]
                         net (fo=1, routed)           0.000     4.745    u_clk_div/count0_carry__0_n_0
    SLICE_X37Y51         CARRY4 (Prop_carry4_CI_CO[3])
                                                      0.114     4.859 r  u_clk_div/count0_carry__1/CO[3]
                         net (fo=1, routed)           0.000     4.859    u_clk_div/count0_carry__1_n_0
    SLICE_X37Y52         CARRY4 (Prop_carry4_CI_CO[1])
                                                      0.157     5.016 r  u_clk_div/count0_carry__2/CO[1]
                         net (fo=2, routed)           1.040     6.056    u_clk_div/count0_carry__2_n_2
    SLICE_X36Y47         LUT2 (Prop_lut2_I1_O)        0.329     6.385 r  u_clk_div/count[0]_i_1/O
                         net (fo=27, routed)          1.171     7.556    u_clk_div/count[0]_i_1_n_0
    SLICE_X36Y53         FDRE                                         r  u_clk_div/count_reg[23]/R
  -------------------------------------------------------------------    -------------------

                         (clock sys_clk_pin rise edge)
                                                      0.000     0.000 r  
    W5                                                0.000     0.000 r  clk (IN)
                         net (fo=0)                   0.000     0.000    clk
    W5                   IBUF (Prop_ibuf_I_O)         1.388     1.388 r  clk_IBUF_inst/O
                         net (fo=1, routed)           1.862     3.250    clk_IBUF
    BUFGCTRL_X0Y1        BUFG (Prop_bufg_I_O)         0.091     3.341 r  clk_IBUF_BUFG_inst/O
                         net (fo=46, routed)          1.435     4.776    u_clk_div/clk_IBUF_BUFG
    SLICE_X36Y53         FDRE                                         r  u_clk_div/count_reg[23]/C

Slack:                    inf
  Source:                 sw[15]
                            (input port)
  Destination:            u_clk_div/count_reg[10]/R
                            (rising edge-triggered cell FDRE clocked by sys_clk_pin  {rise@0.000ns fall@5.000ns period=10.000ns})
  Path Group:             (none)
  Path Type:              Setup (Max at Slow Process Corner)
  Data Path Delay:        7.416ns  (logic 2.844ns (38.353%)  route 4.572ns (61.647%))
  Logic Levels:           7  (CARRY4=4 IBUF=1 LUT2=1 LUT3=1)
  Clock Path Skew:        4.777ns (DCD - SCD + CPR)
    Destination Clock Delay (DCD):    4.777ns
    Source Clock Delay      (SCD):    0.000ns
    Clock Pessimism Removal (CPR):    0.000ns
  Clock Uncertainty:      0.025ns  ((TSJ^2 + TIJ^2)^1/2 + DJ) / 2 + PE
    Total System Jitter     (TSJ):    0.050ns
    Total Input Jitter      (TIJ):    0.000ns
    Discrete Jitter          (DJ):    0.000ns
    Phase Error              (PE):    0.000ns

    Location             Delay type                Incr(ns)  Path(ns)    Netlist Resource(s)
  -------------------------------------------------------------------    -------------------
    R2                                                0.000     0.000 r  sw[15] (IN)
                         net (fo=0)                   0.000     0.000    sw[15]
    R2                   IBUF (Prop_ibuf_I_O)         1.456     1.456 r  sw_IBUF[15]_inst/O
                         net (fo=20, routed)          2.500     3.956    u_clk_div/sw_IBUF[1]
    SLICE_X37Y49         LUT3 (Prop_lut3_I0_O)        0.124     4.080 r  u_clk_div/count0_carry_i_6/O
                         net (fo=1, routed)           0.000     4.080    u_clk_div/count0_carry_i_6_n_0
    SLICE_X37Y49         CARRY4 (Prop_carry4_S[1]_CO[3])
                                                      0.550     4.630 r  u_clk_div/count0_carry/CO[3]
                         net (fo=1, routed)           0.001     4.631    u_clk_div/count0_carry_n_0
    SLICE_X37Y50         CARRY4 (Prop_carry4_CI_CO[3])
                                                      0.114     4.745 r  u_clk_div/count0_carry__0/CO[3]
                         net (fo=1, routed)           0.000     4.745    u_clk_div/count0_carry__0_n_0
    SLICE_X37Y51         CARRY4 (Prop_carry4_CI_CO[3])
                                                      0.114     4.859 r  u_clk_div/count0_carry__1/CO[3]
                         net (fo=1, routed)           0.000     4.859    u_clk_div/count0_carry__1_n_0
    SLICE_X37Y52         CARRY4 (Prop_carry4_CI_CO[1])
                                                      0.157     5.016 r  u_clk_div/count0_carry__2/CO[1]
                         net (fo=2, routed)           1.040     6.056    u_clk_div/count0_carry__2_n_2
    SLICE_X36Y47         LUT2 (Prop_lut2_I1_O)        0.329     6.385 r  u_clk_div/count[0]_i_1/O
                         net (fo=27, routed)          1.031     7.416    u_clk_div/count[0]_i_1_n_0
    SLICE_X36Y50         FDRE                                         r  u_clk_div/count_reg[10]/R
  -------------------------------------------------------------------    -------------------

                         (clock sys_clk_pin rise edge)
                                                      0.000     0.000 r  
    W5                                                0.000     0.000 r  clk (IN)
                         net (fo=0)                   0.000     0.000    clk
    W5                   IBUF (Prop_ibuf_I_O)         1.388     1.388 r  clk_IBUF_inst/O
                         net (fo=1, routed)           1.862     3.250    clk_IBUF
    BUFGCTRL_X0Y1        BUFG (Prop_bufg_I_O)         0.091     3.341 r  clk_IBUF_BUFG_inst/O
                         net (fo=46, routed)          1.436     4.777    u_clk_div/clk_IBUF_BUFG
    SLICE_X36Y50         FDRE                                         r  u_clk_div/count_reg[10]/C

Slack:                    inf
  Source:                 sw[15]
                            (input port)
  Destination:            u_clk_div/count_reg[11]/R
                            (rising edge-triggered cell FDRE clocked by sys_clk_pin  {rise@0.000ns fall@5.000ns period=10.000ns})
  Path Group:             (none)
  Path Type:              Setup (Max at Slow Process Corner)
  Data Path Delay:        7.416ns  (logic 2.844ns (38.353%)  route 4.572ns (61.647%))
  Logic Levels:           7  (CARRY4=4 IBUF=1 LUT2=1 LUT3=1)
  Clock Path Skew:        4.777ns (DCD - SCD + CPR)
    Destination Clock Delay (DCD):    4.777ns
    Source Clock Delay      (SCD):    0.000ns
    Clock Pessimism Removal (CPR):    0.000ns
  Clock Uncertainty:      0.025ns  ((TSJ^2 + TIJ^2)^1/2 + DJ) / 2 + PE
    Total System Jitter     (TSJ):    0.050ns
    Total Input Jitter      (TIJ):    0.000ns
    Discrete Jitter          (DJ):    0.000ns
    Phase Error              (PE):    0.000ns

    Location             Delay type                Incr(ns)  Path(ns)    Netlist Resource(s)
  -------------------------------------------------------------------    -------------------
    R2                                                0.000     0.000 r  sw[15] (IN)
                         net (fo=0)                   0.000     0.000    sw[15]
    R2                   IBUF (Prop_ibuf_I_O)         1.456     1.456 r  sw_IBUF[15]_inst/O
                         net (fo=20, routed)          2.500     3.956    u_clk_div/sw_IBUF[1]
    SLICE_X37Y49         LUT3 (Prop_lut3_I0_O)        0.124     4.080 r  u_clk_div/count0_carry_i_6/O
                         net (fo=1, routed)           0.000     4.080    u_clk_div/count0_carry_i_6_n_0
    SLICE_X37Y49         CARRY4 (Prop_carry4_S[1]_CO[3])
                                                      0.550     4.630 r  u_clk_div/count0_carry/CO[3]
                         net (fo=1, routed)           0.001     4.631    u_clk_div/count0_carry_n_0
    SLICE_X37Y50         CARRY4 (Prop_carry4_CI_CO[3])
                                                      0.114     4.745 r  u_clk_div/count0_carry__0/CO[3]
                         net (fo=1, routed)           0.000     4.745    u_clk_div/count0_carry__0_n_0
    SLICE_X37Y51         CARRY4 (Prop_carry4_CI_CO[3])
                                                      0.114     4.859 r  u_clk_div/count0_carry__1/CO[3]
                         net (fo=1, routed)           0.000     4.859    u_clk_div/count0_carry__1_n_0
    SLICE_X37Y52         CARRY4 (Prop_carry4_CI_CO[1])
                                                      0.157     5.016 r  u_clk_div/count0_carry__2/CO[1]
                         net (fo=2, routed)           1.040     6.056    u_clk_div/count0_carry__2_n_2
    SLICE_X36Y47         LUT2 (Prop_lut2_I1_O)        0.329     6.385 r  u_clk_div/count[0]_i_1/O
                         net (fo=27, routed)          1.031     7.416    u_clk_div/count[0]_i_1_n_0
    SLICE_X36Y50         FDRE                                         r  u_clk_div/count_reg[11]/R
  -------------------------------------------------------------------    -------------------

                         (clock sys_clk_pin rise edge)
                                                      0.000     0.000 r  
    W5                                                0.000     0.000 r  clk (IN)
                         net (fo=0)                   0.000     0.000    clk
    W5                   IBUF (Prop_ibuf_I_O)         1.388     1.388 r  clk_IBUF_inst/O
                         net (fo=1, routed)           1.862     3.250    clk_IBUF
    BUFGCTRL_X0Y1        BUFG (Prop_bufg_I_O)         0.091     3.341 r  clk_IBUF_BUFG_inst/O
                         net (fo=46, routed)          1.436     4.777    u_clk_div/clk_IBUF_BUFG
    SLICE_X36Y50         FDRE                                         r  u_clk_div/count_reg[11]/C

Slack:                    inf
  Source:                 sw[15]
                            (input port)
  Destination:            u_clk_div/count_reg[8]/R
                            (rising edge-triggered cell FDRE clocked by sys_clk_pin  {rise@0.000ns fall@5.000ns period=10.000ns})
  Path Group:             (none)
  Path Type:              Setup (Max at Slow Process Corner)
  Data Path Delay:        7.416ns  (logic 2.844ns (38.353%)  route 4.572ns (61.647%))
  Logic Levels:           7  (CARRY4=4 IBUF=1 LUT2=1 LUT3=1)
  Clock Path Skew:        4.777ns (DCD - SCD + CPR)
    Destination Clock Delay (DCD):    4.777ns
    Source Clock Delay      (SCD):    0.000ns
    Clock Pessimism Removal (CPR):    0.000ns
  Clock Uncertainty:      0.025ns  ((TSJ^2 + TIJ^2)^1/2 + DJ) / 2 + PE
    Total System Jitter     (TSJ):    0.050ns
    Total Input Jitter      (TIJ):    0.000ns
    Discrete Jitter          (DJ):    0.000ns
    Phase Error              (PE):    0.000ns

    Location             Delay type                Incr(ns)  Path(ns)    Netlist Resource(s)
  -------------------------------------------------------------------    -------------------
    R2                                                0.000     0.000 r  sw[15] (IN)
                         net (fo=0)                   0.000     0.000    sw[15]
    R2                   IBUF (Prop_ibuf_I_O)         1.456     1.456 r  sw_IBUF[15]_inst/O
                         net (fo=20, routed)          2.500     3.956    u_clk_div/sw_IBUF[1]
    SLICE_X37Y49         LUT3 (Prop_lut3_I0_O)        0.124     4.080 r  u_clk_div/count0_carry_i_6/O
                         net (fo=1, routed)           0.000     4.080    u_clk_div/count0_carry_i_6_n_0
    SLICE_X37Y49         CARRY4 (Prop_carry4_S[1]_CO[3])
                                                      0.550     4.630 r  u_clk_div/count0_carry/CO[3]
                         net (fo=1, routed)           0.001     4.631    u_clk_div/count0_carry_n_0
    SLICE_X37Y50         CARRY4 (Prop_carry4_CI_CO[3])
                                                      0.114     4.745 r  u_clk_div/count0_carry__0/CO[3]
                         net (fo=1, routed)           0.000     4.745    u_clk_div/count0_carry__0_n_0
    SLICE_X37Y51         CARRY4 (Prop_carry4_CI_CO[3])
                                                      0.114     4.859 r  u_clk_div/count0_carry__1/CO[3]
                         net (fo=1, routed)           0.000     4.859    u_clk_div/count0_carry__1_n_0
    SLICE_X37Y52         CARRY4 (Prop_carry4_CI_CO[1])
                                                      0.157     5.016 r  u_clk_div/count0_carry__2/CO[1]
                         net (fo=2, routed)           1.040     6.056    u_clk_div/count0_carry__2_n_2
    SLICE_X36Y47         LUT2 (Prop_lut2_I1_O)        0.329     6.385 r  u_clk_div/count[0]_i_1/O
                         net (fo=27, routed)          1.031     7.416    u_clk_div/count[0]_i_1_n_0
    SLICE_X36Y50         FDRE                                         r  u_clk_div/count_reg[8]/R
  -------------------------------------------------------------------    -------------------

                         (clock sys_clk_pin rise edge)
                                                      0.000     0.000 r  
    W5                                                0.000     0.000 r  clk (IN)
                         net (fo=0)                   0.000     0.000    clk
    W5                   IBUF (Prop_ibuf_I_O)         1.388     1.388 r  clk_IBUF_inst/O
                         net (fo=1, routed)           1.862     3.250    clk_IBUF
    BUFGCTRL_X0Y1        BUFG (Prop_bufg_I_O)         0.091     3.341 r  clk_IBUF_BUFG_inst/O
                         net (fo=46, routed)          1.436     4.777    u_clk_div/clk_IBUF_BUFG
    SLICE_X36Y50         FDRE                                         r  u_clk_div/count_reg[8]/C





Min Delay Paths
--------------------------------------------------------------------------------------
Slack:                    inf
  Source:                 sw[0]
                            (input port)
  Destination:            u_clk_div/clk_out_reg/D
                            (rising edge-triggered cell FDRE clocked by sys_clk_pin  {rise@0.000ns fall@5.000ns period=10.000ns})
  Path Group:             (none)
  Path Type:              Hold (Min at Fast Process Corner)
  Data Path Delay:        1.733ns  (logic 0.266ns (15.343%)  route 1.467ns (84.657%))
  Logic Levels:           2  (IBUF=1 LUT3=1)
  Clock Path Skew:        1.959ns (DCD - SCD - CPR)
    Destination Clock Delay (DCD):    1.959ns
    Source Clock Delay      (SCD):    0.000ns
    Clock Pessimism Removal (CPR):    -0.000ns

    Location             Delay type                Incr(ns)  Path(ns)    Netlist Resource(s)
  -------------------------------------------------------------------    -------------------
    V17                                               0.000     0.000 f  sw[0] (IN)
                         net (fo=0)                   0.000     0.000    sw[0]
    V17                  IBUF (Prop_ibuf_I_O)         0.221     0.221 f  sw_IBUF[0]_inst/O
                         net (fo=69, routed)          1.467     1.688    u_clk_div/sw_IBUF[0]
    SLICE_X36Y46         LUT3 (Prop_lut3_I2_O)        0.045     1.733 r  u_clk_div/clk_out_i_1/O
                         net (fo=1, routed)           0.000     1.733    u_clk_div/clk_out_i_1_n_0
    SLICE_X36Y46         FDRE                                         r  u_clk_div/clk_out_reg/D
  -------------------------------------------------------------------    -------------------

                         (clock sys_clk_pin rise edge)
                                                      0.000     0.000 r  
    W5                                                0.000     0.000 r  clk (IN)
                         net (fo=0)                   0.000     0.000    clk
    W5                   IBUF (Prop_ibuf_I_O)         0.414     0.414 r  clk_IBUF_inst/O
                         net (fo=1, routed)           0.685     1.099    clk_IBUF
    BUFGCTRL_X0Y1        BUFG (Prop_bufg_I_O)         0.029     1.128 r  clk_IBUF_BUFG_inst/O
                         net (fo=46, routed)          0.832     1.959    u_clk_div/clk_IBUF_BUFG
    SLICE_X36Y46         FDRE                                         r  u_clk_div/clk_out_reg/C

Slack:                    inf
  Source:                 sw[0]
                            (input port)
  Destination:            u_clk_div/count_reg[0]/R
                            (rising edge-triggered cell FDRE clocked by sys_clk_pin  {rise@0.000ns fall@5.000ns period=10.000ns})
  Path Group:             (none)
  Path Type:              Hold (Min at Fast Process Corner)
  Data Path Delay:        1.901ns  (logic 0.266ns (13.993%)  route 1.635ns (86.007%))
  Logic Levels:           2  (IBUF=1 LUT2=1)
  Clock Path Skew:        1.960ns (DCD - SCD - CPR)
    Destination Clock Delay (DCD):    1.960ns
    Source Clock Delay      (SCD):    0.000ns
    Clock Pessimism Removal (CPR):    -0.000ns

    Location             Delay type                Incr(ns)  Path(ns)    Netlist Resource(s)
  -------------------------------------------------------------------    -------------------
    V17                                               0.000     0.000 r  sw[0] (IN)
                         net (fo=0)                   0.000     0.000    sw[0]
    V17                  IBUF (Prop_ibuf_I_O)         0.221     0.221 r  sw_IBUF[0]_inst/O
                         net (fo=69, routed)          1.414     1.635    u_clk_div/sw_IBUF[0]
    SLICE_X36Y47         LUT2 (Prop_lut2_I0_O)        0.045     1.680 r  u_clk_div/count[0]_i_1/O
                         net (fo=27, routed)          0.220     1.901    u_clk_div/count[0]_i_1_n_0
    SLICE_X36Y48         FDRE                                         r  u_clk_div/count_reg[0]/R
  -------------------------------------------------------------------    -------------------

                         (clock sys_clk_pin rise edge)
                                                      0.000     0.000 r  
    W5                                                0.000     0.000 r  clk (IN)
                         net (fo=0)                   0.000     0.000    clk
    W5                   IBUF (Prop_ibuf_I_O)         0.414     0.414 r  clk_IBUF_inst/O
                         net (fo=1, routed)           0.685     1.099    clk_IBUF
    BUFGCTRL_X0Y1        BUFG (Prop_bufg_I_O)         0.029     1.128 r  clk_IBUF_BUFG_inst/O
                         net (fo=46, routed)          0.833     1.960    u_clk_div/clk_IBUF_BUFG
    SLICE_X36Y48         FDRE                                         r  u_clk_div/count_reg[0]/C

Slack:                    inf
  Source:                 sw[0]
                            (input port)
  Destination:            u_clk_div/count_reg[1]/R
                            (rising edge-triggered cell FDRE clocked by sys_clk_pin  {rise@0.000ns fall@5.000ns period=10.000ns})
  Path Group:             (none)
  Path Type:              Hold (Min at Fast Process Corner)
  Data Path Delay:        1.901ns  (logic 0.266ns (13.993%)  route 1.635ns (86.007%))
  Logic Levels:           2  (IBUF=1 LUT2=1)
  Clock Path Skew:        1.960ns (DCD - SCD - CPR)
    Destination Clock Delay (DCD):    1.960ns
    Source Clock Delay      (SCD):    0.000ns
    Clock Pessimism Removal (CPR):    -0.000ns

    Location             Delay type                Incr(ns)  Path(ns)    Netlist Resource(s)
  -------------------------------------------------------------------    -------------------
    V17                                               0.000     0.000 r  sw[0] (IN)
                         net (fo=0)                   0.000     0.000    sw[0]
    V17                  IBUF (Prop_ibuf_I_O)         0.221     0.221 r  sw_IBUF[0]_inst/O
                         net (fo=69, routed)          1.414     1.635    u_clk_div/sw_IBUF[0]
    SLICE_X36Y47         LUT2 (Prop_lut2_I0_O)        0.045     1.680 r  u_clk_div/count[0]_i_1/O
                         net (fo=27, routed)          0.220     1.901    u_clk_div/count[0]_i_1_n_0
    SLICE_X36Y48         FDRE                                         r  u_clk_div/count_reg[1]/R
  -------------------------------------------------------------------    -------------------

                         (clock sys_clk_pin rise edge)
                                                      0.000     0.000 r  
    W5                                                0.000     0.000 r  clk (IN)
                         net (fo=0)                   0.000     0.000    clk
    W5                   IBUF (Prop_ibuf_I_O)         0.414     0.414 r  clk_IBUF_inst/O
                         net (fo=1, routed)           0.685     1.099    clk_IBUF
    BUFGCTRL_X0Y1        BUFG (Prop_bufg_I_O)         0.029     1.128 r  clk_IBUF_BUFG_inst/O
                         net (fo=46, routed)          0.833     1.960    u_clk_div/clk_IBUF_BUFG
    SLICE_X36Y48         FDRE                                         r  u_clk_div/count_reg[1]/C

Slack:                    inf
  Source:                 sw[0]
                            (input port)
  Destination:            u_clk_div/count_reg[2]/R
                            (rising edge-triggered cell FDRE clocked by sys_clk_pin  {rise@0.000ns fall@5.000ns period=10.000ns})
  Path Group:             (none)
  Path Type:              Hold (Min at Fast Process Corner)
  Data Path Delay:        1.901ns  (logic 0.266ns (13.993%)  route 1.635ns (86.007%))
  Logic Levels:           2  (IBUF=1 LUT2=1)
  Clock Path Skew:        1.960ns (DCD - SCD - CPR)
    Destination Clock Delay (DCD):    1.960ns
    Source Clock Delay      (SCD):    0.000ns
    Clock Pessimism Removal (CPR):    -0.000ns

    Location             Delay type                Incr(ns)  Path(ns)    Netlist Resource(s)
  -------------------------------------------------------------------    -------------------
    V17                                               0.000     0.000 r  sw[0] (IN)
                         net (fo=0)                   0.000     0.000    sw[0]
    V17                  IBUF (Prop_ibuf_I_O)         0.221     0.221 r  sw_IBUF[0]_inst/O
                         net (fo=69, routed)          1.414     1.635    u_clk_div/sw_IBUF[0]
    SLICE_X36Y47         LUT2 (Prop_lut2_I0_O)        0.045     1.680 r  u_clk_div/count[0]_i_1/O
                         net (fo=27, routed)          0.220     1.901    u_clk_div/count[0]_i_1_n_0
    SLICE_X36Y48         FDRE                                         r  u_clk_div/count_reg[2]/R
  -------------------------------------------------------------------    -------------------

                         (clock sys_clk_pin rise edge)
                                                      0.000     0.000 r  
    W5                                                0.000     0.000 r  clk (IN)
                         net (fo=0)                   0.000     0.000    clk
    W5                   IBUF (Prop_ibuf_I_O)         0.414     0.414 r  clk_IBUF_inst/O
                         net (fo=1, routed)           0.685     1.099    clk_IBUF
    BUFGCTRL_X0Y1        BUFG (Prop_bufg_I_O)         0.029     1.128 r  clk_IBUF_BUFG_inst/O
                         net (fo=46, routed)          0.833     1.960    u_clk_div/clk_IBUF_BUFG
    SLICE_X36Y48         FDRE                                         r  u_clk_div/count_reg[2]/C

Slack:                    inf
  Source:                 sw[0]
                            (input port)
  Destination:            u_clk_div/count_reg[3]/R
                            (rising edge-triggered cell FDRE clocked by sys_clk_pin  {rise@0.000ns fall@5.000ns period=10.000ns})
  Path Group:             (none)
  Path Type:              Hold (Min at Fast Process Corner)
  Data Path Delay:        1.901ns  (logic 0.266ns (13.993%)  route 1.635ns (86.007%))
  Logic Levels:           2  (IBUF=1 LUT2=1)
  Clock Path Skew:        1.960ns (DCD - SCD - CPR)
    Destination Clock Delay (DCD):    1.960ns
    Source Clock Delay      (SCD):    0.000ns
    Clock Pessimism Removal (CPR):    -0.000ns

    Location             Delay type                Incr(ns)  Path(ns)    Netlist Resource(s)
  -------------------------------------------------------------------    -------------------
    V17                                               0.000     0.000 r  sw[0] (IN)
                         net (fo=0)                   0.000     0.000    sw[0]
    V17                  IBUF (Prop_ibuf_I_O)         0.221     0.221 r  sw_IBUF[0]_inst/O
                         net (fo=69, routed)          1.414     1.635    u_clk_div/sw_IBUF[0]
    SLICE_X36Y47         LUT2 (Prop_lut2_I0_O)        0.045     1.680 r  u_clk_div/count[0]_i_1/O
                         net (fo=27, routed)          0.220     1.901    u_clk_div/count[0]_i_1_n_0
    SLICE_X36Y48         FDRE                                         r  u_clk_div/count_reg[3]/R
  -------------------------------------------------------------------    -------------------

                         (clock sys_clk_pin rise edge)
                                                      0.000     0.000 r  
    W5                                                0.000     0.000 r  clk (IN)
                         net (fo=0)                   0.000     0.000    clk
    W5                   IBUF (Prop_ibuf_I_O)         0.414     0.414 r  clk_IBUF_inst/O
                         net (fo=1, routed)           0.685     1.099    clk_IBUF
    BUFGCTRL_X0Y1        BUFG (Prop_bufg_I_O)         0.029     1.128 r  clk_IBUF_BUFG_inst/O
                         net (fo=46, routed)          0.833     1.960    u_clk_div/clk_IBUF_BUFG
    SLICE_X36Y48         FDRE                                         r  u_clk_div/count_reg[3]/C

Slack:                    inf
  Source:                 sw[0]
                            (input port)
  Destination:            u_clk_div/count_reg[4]/R
                            (rising edge-triggered cell FDRE clocked by sys_clk_pin  {rise@0.000ns fall@5.000ns period=10.000ns})
  Path Group:             (none)
  Path Type:              Hold (Min at Fast Process Corner)
  Data Path Delay:        1.988ns  (logic 0.266ns (13.380%)  route 1.722ns (86.620%))
  Logic Levels:           2  (IBUF=1 LUT2=1)
  Clock Path Skew:        1.960ns (DCD - SCD - CPR)
    Destination Clock Delay (DCD):    1.960ns
    Source Clock Delay      (SCD):    0.000ns
    Clock Pessimism Removal (CPR):    -0.000ns

    Location             Delay type                Incr(ns)  Path(ns)    Netlist Resource(s)
  -------------------------------------------------------------------    -------------------
    V17                                               0.000     0.000 r  sw[0] (IN)
                         net (fo=0)                   0.000     0.000    sw[0]
    V17                  IBUF (Prop_ibuf_I_O)         0.221     0.221 r  sw_IBUF[0]_inst/O
                         net (fo=69, routed)          1.414     1.635    u_clk_div/sw_IBUF[0]
    SLICE_X36Y47         LUT2 (Prop_lut2_I0_O)        0.045     1.680 r  u_clk_div/count[0]_i_1/O
                         net (fo=27, routed)          0.307     1.988    u_clk_div/count[0]_i_1_n_0
    SLICE_X36Y49         FDRE                                         r  u_clk_div/count_reg[4]/R
  -------------------------------------------------------------------    -------------------

                         (clock sys_clk_pin rise edge)
                                                      0.000     0.000 r  
    W5                                                0.000     0.000 r  clk (IN)
                         net (fo=0)                   0.000     0.000    clk
    W5                   IBUF (Prop_ibuf_I_O)         0.414     0.414 r  clk_IBUF_inst/O
                         net (fo=1, routed)           0.685     1.099    clk_IBUF
    BUFGCTRL_X0Y1        BUFG (Prop_bufg_I_O)         0.029     1.128 r  clk_IBUF_BUFG_inst/O
                         net (fo=46, routed)          0.833     1.960    u_clk_div/clk_IBUF_BUFG
    SLICE_X36Y49         FDRE                                         r  u_clk_div/count_reg[4]/C

Slack:                    inf
  Source:                 sw[0]
                            (input port)
  Destination:            u_clk_div/count_reg[5]/R
                            (rising edge-triggered cell FDRE clocked by sys_clk_pin  {rise@0.000ns fall@5.000ns period=10.000ns})
  Path Group:             (none)
  Path Type:              Hold (Min at Fast Process Corner)
  Data Path Delay:        1.988ns  (logic 0.266ns (13.380%)  route 1.722ns (86.620%))
  Logic Levels:           2  (IBUF=1 LUT2=1)
  Clock Path Skew:        1.960ns (DCD - SCD - CPR)
    Destination Clock Delay (DCD):    1.960ns
    Source Clock Delay      (SCD):    0.000ns
    Clock Pessimism Removal (CPR):    -0.000ns

    Location             Delay type                Incr(ns)  Path(ns)    Netlist Resource(s)
  -------------------------------------------------------------------    -------------------
    V17                                               0.000     0.000 r  sw[0] (IN)
                         net (fo=0)                   0.000     0.000    sw[0]
    V17                  IBUF (Prop_ibuf_I_O)         0.221     0.221 r  sw_IBUF[0]_inst/O
                         net (fo=69, routed)          1.414     1.635    u_clk_div/sw_IBUF[0]
    SLICE_X36Y47         LUT2 (Prop_lut2_I0_O)        0.045     1.680 r  u_clk_div/count[0]_i_1/O
                         net (fo=27, routed)          0.307     1.988    u_clk_div/count[0]_i_1_n_0
    SLICE_X36Y49         FDRE                                         r  u_clk_div/count_reg[5]/R
  -------------------------------------------------------------------    -------------------

                         (clock sys_clk_pin rise edge)
                                                      0.000     0.000 r  
    W5                                                0.000     0.000 r  clk (IN)
                         net (fo=0)                   0.000     0.000    clk
    W5                   IBUF (Prop_ibuf_I_O)         0.414     0.414 r  clk_IBUF_inst/O
                         net (fo=1, routed)           0.685     1.099    clk_IBUF
    BUFGCTRL_X0Y1        BUFG (Prop_bufg_I_O)         0.029     1.128 r  clk_IBUF_BUFG_inst/O
                         net (fo=46, routed)          0.833     1.960    u_clk_div/clk_IBUF_BUFG
    SLICE_X36Y49         FDRE                                         r  u_clk_div/count_reg[5]/C

Slack:                    inf
  Source:                 sw[0]
                            (input port)
  Destination:            u_clk_div/count_reg[6]/R
                            (rising edge-triggered cell FDRE clocked by sys_clk_pin  {rise@0.000ns fall@5.000ns period=10.000ns})
  Path Group:             (none)
  Path Type:              Hold (Min at Fast Process Corner)
  Data Path Delay:        1.988ns  (logic 0.266ns (13.380%)  route 1.722ns (86.620%))
  Logic Levels:           2  (IBUF=1 LUT2=1)
  Clock Path Skew:        1.960ns (DCD - SCD - CPR)
    Destination Clock Delay (DCD):    1.960ns
    Source Clock Delay      (SCD):    0.000ns
    Clock Pessimism Removal (CPR):    -0.000ns

    Location             Delay type                Incr(ns)  Path(ns)    Netlist Resource(s)
  -------------------------------------------------------------------    -------------------
    V17                                               0.000     0.000 r  sw[0] (IN)
                         net (fo=0)                   0.000     0.000    sw[0]
    V17                  IBUF (Prop_ibuf_I_O)         0.221     0.221 r  sw_IBUF[0]_inst/O
                         net (fo=69, routed)          1.414     1.635    u_clk_div/sw_IBUF[0]
    SLICE_X36Y47         LUT2 (Prop_lut2_I0_O)        0.045     1.680 r  u_clk_div/count[0]_i_1/O
                         net (fo=27, routed)          0.307     1.988    u_clk_div/count[0]_i_1_n_0
    SLICE_X36Y49         FDRE                                         r  u_clk_div/count_reg[6]/R
  -------------------------------------------------------------------    -------------------

                         (clock sys_clk_pin rise edge)
                                                      0.000     0.000 r  
    W5                                                0.000     0.000 r  clk (IN)
                         net (fo=0)                   0.000     0.000    clk
    W5                   IBUF (Prop_ibuf_I_O)         0.414     0.414 r  clk_IBUF_inst/O
                         net (fo=1, routed)           0.685     1.099    clk_IBUF
    BUFGCTRL_X0Y1        BUFG (Prop_bufg_I_O)         0.029     1.128 r  clk_IBUF_BUFG_inst/O
                         net (fo=46, routed)          0.833     1.960    u_clk_div/clk_IBUF_BUFG
    SLICE_X36Y49         FDRE                                         r  u_clk_div/count_reg[6]/C

Slack:                    inf
  Source:                 sw[0]
                            (input port)
  Destination:            u_clk_div/count_reg[7]/R
                            (rising edge-triggered cell FDRE clocked by sys_clk_pin  {rise@0.000ns fall@5.000ns period=10.000ns})
  Path Group:             (none)
  Path Type:              Hold (Min at Fast Process Corner)
  Data Path Delay:        1.988ns  (logic 0.266ns (13.380%)  route 1.722ns (86.620%))
  Logic Levels:           2  (IBUF=1 LUT2=1)
  Clock Path Skew:        1.960ns (DCD - SCD - CPR)
    Destination Clock Delay (DCD):    1.960ns
    Source Clock Delay      (SCD):    0.000ns
    Clock Pessimism Removal (CPR):    -0.000ns

    Location             Delay type                Incr(ns)  Path(ns)    Netlist Resource(s)
  -------------------------------------------------------------------    -------------------
    V17                                               0.000     0.000 r  sw[0] (IN)
                         net (fo=0)                   0.000     0.000    sw[0]
    V17                  IBUF (Prop_ibuf_I_O)         0.221     0.221 r  sw_IBUF[0]_inst/O
                         net (fo=69, routed)          1.414     1.635    u_clk_div/sw_IBUF[0]
    SLICE_X36Y47         LUT2 (Prop_lut2_I0_O)        0.045     1.680 r  u_clk_div/count[0]_i_1/O
                         net (fo=27, routed)          0.307     1.988    u_clk_div/count[0]_i_1_n_0
    SLICE_X36Y49         FDRE                                         r  u_clk_div/count_reg[7]/R
  -------------------------------------------------------------------    -------------------

                         (clock sys_clk_pin rise edge)
                                                      0.000     0.000 r  
    W5                                                0.000     0.000 r  clk (IN)
                         net (fo=0)                   0.000     0.000    clk
    W5                   IBUF (Prop_ibuf_I_O)         0.414     0.414 r  clk_IBUF_inst/O
                         net (fo=1, routed)           0.685     1.099    clk_IBUF
    BUFGCTRL_X0Y1        BUFG (Prop_bufg_I_O)         0.029     1.128 r  clk_IBUF_BUFG_inst/O
                         net (fo=46, routed)          0.833     1.960    u_clk_div/clk_IBUF_BUFG
    SLICE_X36Y49         FDRE                                         r  u_clk_div/count_reg[7]/C

Slack:                    inf
  Source:                 sw[0]
                            (input port)
  Destination:            u_clk_div/count_reg[12]/R
                            (rising edge-triggered cell FDRE clocked by sys_clk_pin  {rise@0.000ns fall@5.000ns period=10.000ns})
  Path Group:             (none)
  Path Type:              Hold (Min at Fast Process Corner)
  Data Path Delay:        2.025ns  (logic 0.266ns (13.132%)  route 1.759ns (86.868%))
  Logic Levels:           2  (IBUF=1 LUT2=1)
  Clock Path Skew:        1.958ns (DCD - SCD - CPR)
    Destination Clock Delay (DCD):    1.958ns
    Source Clock Delay      (SCD):    0.000ns
    Clock Pessimism Removal (CPR):    -0.000ns

    Location             Delay type                Incr(ns)  Path(ns)    Netlist Resource(s)
  -------------------------------------------------------------------    -------------------
    V17                                               0.000     0.000 r  sw[0] (IN)
                         net (fo=0)                   0.000     0.000    sw[0]
    V17                  IBUF (Prop_ibuf_I_O)         0.221     0.221 r  sw_IBUF[0]_inst/O
                         net (fo=69, routed)          1.414     1.635    u_clk_div/sw_IBUF[0]
    SLICE_X36Y47         LUT2 (Prop_lut2_I0_O)        0.045     1.680 r  u_clk_div/count[0]_i_1/O
                         net (fo=27, routed)          0.345     2.025    u_clk_div/count[0]_i_1_n_0
    SLICE_X36Y51         FDRE                                         r  u_clk_div/count_reg[12]/R
  -------------------------------------------------------------------    -------------------

                         (clock sys_clk_pin rise edge)
                                                      0.000     0.000 r  
    W5                                                0.000     0.000 r  clk (IN)
                         net (fo=0)                   0.000     0.000    clk
    W5                   IBUF (Prop_ibuf_I_O)         0.414     0.414 r  clk_IBUF_inst/O
                         net (fo=1, routed)           0.685     1.099    clk_IBUF
    BUFGCTRL_X0Y1        BUFG (Prop_bufg_I_O)         0.029     1.128 r  clk_IBUF_BUFG_inst/O
                         net (fo=46, routed)          0.830     1.958    u_clk_div/clk_IBUF_BUFG
    SLICE_X36Y51         FDRE                                         r  u_clk_div/count_reg[12]/C





